"state_territory","counties_served","site","population_served","source","site_wval","site_wval_category","date_included_in_wval","week_end","pathogen_target","date_updated"
"Georgia","Cherokee, Fulton","ID:326",12818,"WastewaterSCAN",1.5,"Very Low","2022-08-08","2026-08-08","SARS-CoV-2","2026-08-14 12:48"
"Georgia","Fulton","ID:336",84486,"WastewaterSCAN",2.72,"Low","2022-08-07","2026-08-08","SARS-CoV-2","2026-08-14 12:48"
"Georgia","Fulton","ID:337",189593,"WastewaterSCAN",6.15,"Moderate","2022-08-07","2026-08-08","SARS-CoV-2","2026-08-14 12:48"
"Georgia","Fulton","ID:338",190000,"WastewaterSCAN",3.49,"Low","2022-08-07","2026-08-08","SARS-CoV-2","2026-08-14 12:48"
"Georgia","Fulton","ID:339",600000,"WastewaterSCAN",1.52,"Very Low","2022-12-11","2026-08-08","SARS-CoV-2","2026-08-14 12:48"
"Georgia","Fulton","ID:340",105160,"WastewaterSCAN",1.69,"Very Low","2022-12-11","2026-08-08","SARS-CoV-2","2026-08-14 12:48"
"Georgia","Fulton","ID:341",70887,"WastewaterSCAN",3.16,"Low","2022-12-11","2026-08-08","SARS-CoV-2","2026-08-14 12:48"
"Georgia","Chattahoochee, Muscogee","ID:346",278000,"WastewaterSCAN",2.85,"Low","2022-09-26","2026-08-08","SARS-CoV-2","2026-08-14 12:48"
"Georgia","Cherokee, Fulton","ID:326",12818,"WastewaterSCAN",3.41,"Low","2022-08-08","2026-08-01","SARS-CoV-2","2026-08-14 12:48"
"Georgia","Fulton","ID:336",84486,"WastewaterSCAN",2.62,"Low","2022-08-07","2026-08-01","SARS-CoV-2","2026-08-14 12:48"
"Georgia","Fulton","ID:337",189593,"WastewaterSCAN",6.32,"Moderate","2022-08-07","2026-08-01","SARS-CoV-2","2026-08-14 12:48"
"Georgia","Fulton","ID:338",190000,"WastewaterSCAN",1.98,"Very Low","2022-08-07","2026-08-01","SARS-CoV-2","2026-08-14 12:48"
"Georgia","Fulton","ID:339",600000,"WastewaterSCAN",6.42,"Moderate","2022-12-11","2026-08-01","SARS-CoV-2","2026-08-14 12:48"
"Georgia","Fulton","ID:340",105160,"WastewaterSCAN",0.86,"Very Low","2022-12-11","2026-08-01","SARS-CoV-2","2026-08-14 12:48"
"Georgia","Fulton","ID:341",70887,"WastewaterSCAN",3.02,"Low","2022-12-11","2026-08-01","SARS-CoV-2","2026-08-14 12:48"
"Georgia","Chattahoochee, Muscogee","ID:346",278000,"WastewaterSCAN",2,"Very Low","2022-09-26","2026-08-01","SARS-CoV-2","2026-08-14 12:48"
"Georgia","Cherokee, Fulton","ID:326",20000,"State_Territory, WastewaterSCAN",0.82,"Very Low","2022-08-08","2026-07-25","SARS-CoV-2","2026-08-14 12:48"
"Georgia","Cobb","ID:329",113079,"State_Territory",1.57,"Very Low","2022-11-13","2026-07-25","SARS-CoV-2","2026-08-14 12:48"
"Georgia","Cobb","ID:330",304020,"State_Territory",4.01,"Low","2022-12-25","2026-07-25","SARS-CoV-2","2026-08-14 12:48"
"Georgia","Floyd","ID:334",38111,"State_Territory",9.89,"High","2023-02-20","2026-07-25","SARS-CoV-2","2026-08-14 12:48"
"Georgia","Forsyth","ID:335",44000,"State_Territory",3.59,"Low","2022-12-25","2026-07-25","SARS-CoV-2","2026-08-14 12:48"
"Georgia","Fulton","ID:336",84486,"WastewaterSCAN",1.09,"Very Low","2022-08-07","2026-07-25","SARS-CoV-2","2026-08-14 12:48"
"Georgia","Fulton","ID:337",189593,"WastewaterSCAN",2.93,"Low","2022-08-07","2026-07-25","SARS-CoV-2","2026-08-14 12:48"
"Georgia","Fulton","ID:338",190000,"WastewaterSCAN",1.94,"Very Low","2022-08-07","2026-07-25","SARS-CoV-2","2026-08-14 12:48"
"Georgia","Fulton","ID:339",600000,"WastewaterSCAN",0.92,"Very Low","2022-12-11","2026-07-25","SARS-CoV-2","2026-08-14 12:48"
"Georgia","Fulton","ID:340",105160,"WastewaterSCAN",0.65,"Very Low","2022-12-11","2026-07-25","SARS-CoV-2","2026-08-14 12:48"
"Georgia","Fulton","ID:341",70887,"WastewaterSCAN",1.65,"Very Low","2022-12-11","2026-07-25","SARS-CoV-2","2026-08-14 12:48"
"Georgia","Gwinnett","ID:342",496000,"State_Territory",1.01,"Very Low","2022-05-23","2026-07-25","SARS-CoV-2","2026-08-14 12:48"
"Georgia","Chattahoochee, Muscogee","ID:346",278000,"WastewaterSCAN",1.54,"Very Low","2022-09-26","2026-07-25","SARS-CoV-2","2026-08-14 12:48"
"Georgia","Newton","ID:347",22675,"State_Territory",4.9,"Moderate","2022-07-27","2026-07-25","SARS-CoV-2","2026-08-14 12:48"
"Georgia","Richmond","ID:353",200000,"State_Territory",0.51,"Very Low","2022-07-25","2026-07-25","SARS-CoV-2","2026-08-14 12:48"
"Georgia","Peach","ID:2359",8008,"State_Territory",4.54,"Low","2024-10-09","2026-07-18","SARS-CoV-2","2026-08-14 12:48"
"Georgia","Cherokee, Fulton","ID:326",20000,"State_Territory, WastewaterSCAN",1.91,"Very Low","2022-08-08","2026-07-18","SARS-CoV-2","2026-08-14 12:48"
"Georgia","Clayton","ID:328",124000,"State_Territory",0.49,"Very Low","2023-05-18","2026-07-18","SARS-CoV-2","2026-08-14 12:48"
"Georgia","Cobb","ID:329",113079,"State_Territory",0.39,"Very Low","2022-11-13","2026-07-18","SARS-CoV-2","2026-08-14 12:48"
"Georgia","Cobb","ID:330",304020,"State_Territory",1.04,"Very Low","2022-12-25","2026-07-18","SARS-CoV-2","2026-08-14 12:48"
"Georgia","Douglas","ID:333",37256,"State_Territory",2.05,"Very Low","2023-07-17","2026-07-18","SARS-CoV-2","2026-08-14 12:48"
"Georgia","Floyd","ID:334",38111,"State_Territory",3.55,"Low","2023-02-20","2026-07-18","SARS-CoV-2","2026-08-14 12:48"
"Georgia","Fulton","ID:336",84486,"WastewaterSCAN",1.94,"Very Low","2022-08-07","2026-07-18","SARS-CoV-2","2026-08-14 12:48"
"Georgia","Fulton","ID:337",189593,"WastewaterSCAN",0.79,"Very Low","2022-08-07","2026-07-18","SARS-CoV-2","2026-08-14 12:48"
"Georgia","Fulton","ID:338",190000,"WastewaterSCAN",1.18,"Very Low","2022-08-07","2026-07-18","SARS-CoV-2","2026-08-14 12:48"
"Georgia","Fulton","ID:339",600000,"WastewaterSCAN",1.41,"Very Low","2022-12-11","2026-07-18","SARS-CoV-2","2026-08-14 12:48"
"Georgia","Fulton","ID:340",105160,"WastewaterSCAN",3.16,"Low","2022-12-11","2026-07-18","SARS-CoV-2","2026-08-14 12:48"
"Georgia","Fulton","ID:341",70887,"WastewaterSCAN",1.61,"Very Low","2022-12-11","2026-07-18","SARS-CoV-2","2026-08-14 12:48"
"Georgia","Gwinnett","ID:342",496000,"State_Territory",0.55,"Very Low","2022-05-23","2026-07-18","SARS-CoV-2","2026-08-14 12:48"
"Georgia","Chattahoochee, Muscogee","ID:346",278000,"WastewaterSCAN",2.09,"Very Low","2022-09-26","2026-07-18","SARS-CoV-2","2026-08-14 12:48"
"Georgia","Newton","ID:347",22675,"State_Territory",9.35,"High","2022-07-27","2026-07-18","SARS-CoV-2","2026-08-14 12:48"
"Georgia","Richmond","ID:353",200000,"State_Territory",1.65,"Very Low","2022-07-25","2026-07-18","SARS-CoV-2","2026-08-14 12:48"
"Georgia","Peach","ID:2359",8008,"State_Territory",1,"Very Low","2024-10-09","2026-07-11","SARS-CoV-2","2026-08-14 12:48"
"Georgia","Cherokee, Fulton","ID:326",20000,"State_Territory, WastewaterSCAN",2.21,"Very Low","2022-08-08","2026-07-11","SARS-CoV-2","2026-08-14 12:48"
"Georgia","Clarke","ID:327",60000,"State_Territory",0.77,"Very Low","2022-06-26","2026-07-11","SARS-CoV-2","2026-08-14 12:48"
"Georgia","Cobb","ID:329",113079,"State_Territory",4.5,"Low","2022-11-13","2026-07-11","SARS-CoV-2","2026-08-14 12:48"
"Georgia","Cobb","ID:330",304020,"State_Territory",2.84,"Low","2022-12-25","2026-07-11","SARS-CoV-2","2026-08-14 12:48"
"Georgia","Douglas","ID:333",37256,"State_Territory",0.89,"Very Low","2023-07-17","2026-07-11","SARS-CoV-2","2026-08-14 12:48"
"Georgia","Floyd","ID:334",38111,"State_Territory",1.78,"Very Low","2023-02-20","2026-07-11","SARS-CoV-2","2026-08-14 12:48"
"Georgia","Forsyth","ID:335",44000,"State_Territory",1.74,"Very Low","2022-12-25","2026-07-11","SARS-CoV-2","2026-08-14 12:48"
"Georgia","Fulton","ID:336",84486,"WastewaterSCAN",0.62,"Very Low","2022-08-07","2026-07-11","SARS-CoV-2","2026-08-14 12:48"
"Georgia","Fulton","ID:337",189593,"WastewaterSCAN",2.01,"Very Low","2022-08-07","2026-07-11","SARS-CoV-2","2026-08-14 12:48"
"Georgia","Fulton","ID:338",190000,"WastewaterSCAN",1.16,"Very Low","2022-08-07","2026-07-11","SARS-CoV-2","2026-08-14 12:48"
"Georgia","Fulton","ID:339",600000,"WastewaterSCAN",1.25,"Very Low","2022-12-11","2026-07-11","SARS-CoV-2","2026-08-14 12:48"
"Georgia","Fulton","ID:340",105160,"WastewaterSCAN",1.33,"Very Low","2022-12-11","2026-07-11","SARS-CoV-2","2026-08-14 12:48"
"Georgia","Fulton","ID:341",70887,"WastewaterSCAN",3.06,"Low","2022-12-11","2026-07-11","SARS-CoV-2","2026-08-14 12:48"
"Georgia","Gwinnett","ID:342",496000,"State_Territory",2.34,"Very Low","2022-05-23","2026-07-11","SARS-CoV-2","2026-08-14 12:48"
"Georgia","Chattahoochee, Muscogee","ID:346",278000,"WastewaterSCAN",0.94,"Very Low","2022-09-26","2026-07-11","SARS-CoV-2","2026-08-14 12:48"
"Georgia","Newton","ID:347",22675,"State_Territory",2.64,"Low","2022-07-27","2026-07-11","SARS-CoV-2","2026-08-14 12:48"
"Georgia","Richmond","ID:353",200000,"State_Territory",0.51,"Very Low","2022-07-25","2026-07-11","SARS-CoV-2","2026-08-14 12:48"
"Georgia","Peach","ID:2359",8008,"State_Territory",4.26,"Low","2024-10-09","2026-07-04","SARS-CoV-2","2026-08-14 12:48"
"Georgia","Bulloch","ID:325",35000,"State_Territory",1,"Very Low","2023-06-23","2026-07-04","SARS-CoV-2","2026-08-14 12:48"
"Georgia","Cherokee, Fulton","ID:326",20000,"State_Territory, WastewaterSCAN",1.1,"Very Low","2022-08-08","2026-07-04","SARS-CoV-2","2026-08-14 12:48"
"Georgia","Clarke","ID:327",60000,"State_Territory",1.99,"Very Low","2022-06-26","2026-07-04","SARS-CoV-2","2026-08-14 12:48"
"Georgia","Clayton","ID:328",124000,"State_Territory",1.14,"Very Low","2023-05-18","2026-07-04","SARS-CoV-2","2026-08-14 12:48"
"Georgia","Cobb","ID:330",304020,"State_Territory",1.04,"Very Low","2022-12-25","2026-07-04","SARS-CoV-2","2026-08-14 12:48"
"Georgia","Douglas","ID:333",37256,"State_Territory",2.99,"Low","2023-07-17","2026-07-04","SARS-CoV-2","2026-08-14 12:48"
"Georgia","Floyd","ID:334",38111,"State_Territory",1.37,"Very Low","2023-02-20","2026-07-04","SARS-CoV-2","2026-08-14 12:48"
"Georgia","Forsyth","ID:335",44000,"State_Territory",0.89,"Very Low","2022-12-25","2026-07-04","SARS-CoV-2","2026-08-14 12:48"
"Georgia","Fulton","ID:336",84486,"WastewaterSCAN",3.61,"Low","2022-08-07","2026-07-04","SARS-CoV-2","2026-08-14 12:48"
"Georgia","Fulton","ID:337",189593,"WastewaterSCAN",0.72,"Very Low","2022-08-07","2026-07-04","SARS-CoV-2","2026-08-14 12:48"
"Georgia","Fulton","ID:338",190000,"WastewaterSCAN",1.51,"Very Low","2022-08-07","2026-07-04","SARS-CoV-2","2026-08-14 12:48"
"Georgia","Fulton","ID:339",600000,"WastewaterSCAN",0.62,"Very Low","2022-12-11","2026-07-04","SARS-CoV-2","2026-08-14 12:48"
"Georgia","Fulton","ID:340",105160,"WastewaterSCAN",0.84,"Very Low","2022-12-11","2026-07-04","SARS-CoV-2","2026-08-14 12:48"
"Georgia","Fulton","ID:341",70887,"WastewaterSCAN",3.5,"Low","2022-12-11","2026-07-04","SARS-CoV-2","2026-08-14 12:48"
"Georgia","Gwinnett","ID:342",496000,"State_Territory",0.99,"Very Low","2022-05-23","2026-07-04","SARS-CoV-2","2026-08-14 12:48"
"Georgia","Chattahoochee, Muscogee","ID:346",278000,"WastewaterSCAN",0.62,"Very Low","2022-09-26","2026-07-04","SARS-CoV-2","2026-08-14 12:48"
"Georgia","Newton","ID:347",22675,"State_Territory",0.53,"Very Low","2022-07-27","2026-07-04","SARS-CoV-2","2026-08-14 12:48"
"Georgia","Paulding","ID:348",19000,"State_Territory",0.4,"Very Low","2022-11-10","2026-07-04","SARS-CoV-2","2026-08-14 12:48"
"Georgia","Paulding","ID:349",14000,"State_Territory",1,"Very Low","2022-05-22","2026-07-04","SARS-CoV-2","2026-08-14 12:48"
"Georgia","Richmond","ID:353",200000,"State_Territory",1.09,"Very Low","2022-07-25","2026-07-04","SARS-CoV-2","2026-08-14 12:48"
"Georgia","Peach","ID:2359",8008,"State_Territory",1,"Very Low","2024-10-09","2026-06-27","SARS-CoV-2","2026-08-14 12:48"
"Georgia","Cherokee, Fulton","ID:326",20000,"State_Territory, WastewaterSCAN",2.41,"Very Low","2022-08-08","2026-06-27","SARS-CoV-2","2026-08-14 12:48"
"Georgia","Clarke","ID:327",60000,"State_Territory",1.7,"Very Low","2022-06-26","2026-06-27","SARS-CoV-2","2026-08-14 12:48"
"Georgia","Cobb","ID:329",113079,"State_Territory",1.04,"Very Low","2022-11-13","2026-06-27","SARS-CoV-2","2026-08-14 12:48"
"Georgia","Cobb","ID:330",304020,"State_Territory",0.79,"Very Low","2022-12-25","2026-06-27","SARS-CoV-2","2026-08-14 12:48"
"Georgia","Douglas","ID:333",37256,"State_Territory",0.73,"Very Low","2023-07-17","2026-06-27","SARS-CoV-2","2026-08-14 12:48"
"Georgia","Floyd","ID:334",38111,"State_Territory",4.31,"Low","2023-02-20","2026-06-27","SARS-CoV-2","2026-08-14 12:48"
"Georgia","Forsyth","ID:335",44000,"State_Territory",1.36,"Very Low","2022-12-25","2026-06-27","SARS-CoV-2","2026-08-14 12:48"
"Georgia","Fulton","ID:336",84486,"WastewaterSCAN",1.16,"Very Low","2022-08-07","2026-06-27","SARS-CoV-2","2026-08-14 12:48"
"Georgia","Fulton","ID:337",189593,"WastewaterSCAN",1.12,"Very Low","2022-08-07","2026-06-27","SARS-CoV-2","2026-08-14 12:48"
"Georgia","Fulton","ID:338",190000,"WastewaterSCAN",1.5,"Very Low","2022-08-07","2026-06-27","SARS-CoV-2","2026-08-14 12:48"
"Georgia","Fulton","ID:339",600000,"WastewaterSCAN",0.66,"Very Low","2022-12-11","2026-06-27","SARS-CoV-2","2026-08-14 12:48"
"Georgia","Fulton","ID:340",105160,"WastewaterSCAN",0.81,"Very Low","2022-12-11","2026-06-27","SARS-CoV-2","2026-08-14 12:48"
"Georgia","Fulton","ID:341",70887,"WastewaterSCAN",1.46,"Very Low","2022-12-11","2026-06-27","SARS-CoV-2","2026-08-14 12:48"
"Georgia","Gwinnett","ID:342",496000,"State_Territory",1.73,"Very Low","2022-05-23","2026-06-27","SARS-CoV-2","2026-08-14 12:48"
"Georgia","Chattahoochee, Muscogee","ID:346",278000,"WastewaterSCAN",0.8,"Very Low","2022-09-26","2026-06-27","SARS-CoV-2","2026-08-14 12:48"
"Georgia","Newton","ID:347",22675,"State_Territory",1.11,"Very Low","2022-07-27","2026-06-27","SARS-CoV-2","2026-08-14 12:48"
"Georgia","Paulding","ID:348",19000,"State_Territory",0.4,"Very Low","2022-11-10","2026-06-27","SARS-CoV-2","2026-08-14 12:48"
"Georgia","Paulding","ID:349",14000,"State_Territory",2.99,"Low","2022-05-22","2026-06-27","SARS-CoV-2","2026-08-14 12:48"
"Georgia","Richmond","ID:353",200000,"State_Territory",0.91,"Very Low","2022-07-25","2026-06-27","SARS-CoV-2","2026-08-14 12:48"
"Georgia","Peach","ID:2359",8008,"State_Territory",1,"Very Low","2024-10-09","2026-06-20","SARS-CoV-2","2026-08-14 12:48"
"Georgia","Cherokee, Fulton","ID:326",20000,"State_Territory, WastewaterSCAN",3.27,"Low","2022-08-08","2026-06-20","SARS-CoV-2","2026-08-14 12:48"
"Georgia","Clarke","ID:327",60000,"State_Territory",1.38,"Very Low","2022-06-26","2026-06-20","SARS-CoV-2","2026-08-14 12:48"
"Georgia","Clayton","ID:328",124000,"State_Territory",0.26,"Very Low","2023-05-18","2026-06-20","SARS-CoV-2","2026-08-14 12:48"
"Georgia","Cobb","ID:329",113079,"State_Territory",0.15,"Very Low","2022-11-13","2026-06-20","SARS-CoV-2","2026-08-14 12:48"
"Georgia","Cobb","ID:330",304020,"State_Territory",1.04,"Very Low","2022-12-25","2026-06-20","SARS-CoV-2","2026-08-14 12:48"
"Georgia","Douglas","ID:333",37256,"State_Territory",0.71,"Very Low","2023-07-17","2026-06-20","SARS-CoV-2","2026-08-14 12:48"
"Georgia","Floyd","ID:334",38111,"State_Territory",3.03,"Low","2023-02-20","2026-06-20","SARS-CoV-2","2026-08-14 12:48"
"Georgia","Forsyth","ID:335",44000,"State_Territory",0.78,"Very Low","2022-12-25","2026-06-20","SARS-CoV-2","2026-08-14 12:48"
"Georgia","Fulton","ID:336",84486,"WastewaterSCAN",3.08,"Low","2022-08-07","2026-06-20","SARS-CoV-2","2026-08-14 12:48"
"Georgia","Fulton","ID:337",189593,"WastewaterSCAN",0.74,"Very Low","2022-08-07","2026-06-20","SARS-CoV-2","2026-08-14 12:48"
"Georgia","Fulton","ID:338",190000,"WastewaterSCAN",0.98,"Very Low","2022-08-07","2026-06-20","SARS-CoV-2","2026-08-14 12:48"
"Georgia","Fulton","ID:339",600000,"WastewaterSCAN",0.64,"Very Low","2022-12-11","2026-06-20","SARS-CoV-2","2026-08-14 12:48"
"Georgia","Fulton","ID:340",105160,"WastewaterSCAN",1.58,"Very Low","2022-12-11","2026-06-20","SARS-CoV-2","2026-08-14 12:48"
"Georgia","Fulton","ID:341",70887,"WastewaterSCAN",1.13,"Very Low","2022-12-11","2026-06-20","SARS-CoV-2","2026-08-14 12:48"
"Georgia","Gwinnett","ID:342",496000,"State_Territory",0.55,"Very Low","2022-05-23","2026-06-20","SARS-CoV-2","2026-08-14 12:48"
"Georgia","Chattahoochee, Muscogee","ID:346",278000,"WastewaterSCAN",0.59,"Very Low","2022-09-26","2026-06-20","SARS-CoV-2","2026-08-14 12:48"
"Georgia","Newton","ID:347",22675,"State_Territory",1.36,"Very Low","2022-07-27","2026-06-20","SARS-CoV-2","2026-08-14 12:48"
"Georgia","Paulding","ID:348",19000,"State_Territory",0.7,"Very Low","2022-11-10","2026-06-20","SARS-CoV-2","2026-08-14 12:48"
"Georgia","Paulding","ID:349",14000,"State_Territory",2.62,"Low","2022-05-22","2026-06-20","SARS-CoV-2","2026-08-14 12:48"
"Georgia","Richmond","ID:353",200000,"State_Territory",0.17,"Very Low","2022-07-25","2026-06-20","SARS-CoV-2","2026-08-14 12:48"
"Georgia","Peach","ID:2359",8008,"State_Territory",6.12,"Moderate","2024-10-09","2026-06-13","SARS-CoV-2","2026-08-14 12:48"
"Georgia","Cherokee, Fulton","ID:326",20000,"State_Territory, WastewaterSCAN",0.69,"Very Low","2022-08-08","2026-06-13","SARS-CoV-2","2026-08-14 12:48"
"Georgia","Clarke","ID:327",60000,"State_Territory",0.77,"Very Low","2022-06-26","2026-06-13","SARS-CoV-2","2026-08-14 12:48"
"Georgia","Cobb","ID:329",113079,"State_Territory",0.64,"Very Low","2022-11-13","2026-06-13","SARS-CoV-2","2026-08-14 12:48"
"Georgia","Cobb","ID:330",304020,"State_Territory",1.51,"Very Low","2022-12-25","2026-06-13","SARS-CoV-2","2026-08-14 12:48"
"Georgia","Douglas","ID:333",37256,"State_Territory",0.23,"Very Low","2023-07-17","2026-06-13","SARS-CoV-2","2026-08-14 12:48"
"Georgia","Floyd","ID:334",38111,"State_Territory",2.94,"Low","2023-02-20","2026-06-13","SARS-CoV-2","2026-08-14 12:48"
"Georgia","Forsyth","ID:335",44000,"State_Territory",0.45,"Very Low","2022-12-25","2026-06-13","SARS-CoV-2","2026-08-14 12:48"
"Georgia","Fulton","ID:336",84486,"WastewaterSCAN",0.08,"Very Low","2022-08-07","2026-06-13","SARS-CoV-2","2026-08-14 12:48"
"Georgia","Fulton","ID:337",189593,"WastewaterSCAN",0.5,"Very Low","2022-08-07","2026-06-13","SARS-CoV-2","2026-08-14 12:48"
"Georgia","Fulton","ID:338",190000,"WastewaterSCAN",0.54,"Very Low","2022-08-07","2026-06-13","SARS-CoV-2","2026-08-14 12:48"
"Georgia","Fulton","ID:339",600000,"WastewaterSCAN",0.71,"Very Low","2022-12-11","2026-06-13","SARS-CoV-2","2026-08-14 12:48"
"Georgia","Fulton","ID:340",105160,"WastewaterSCAN",0.12,"Very Low","2022-12-11","2026-06-13","SARS-CoV-2","2026-08-14 12:48"
"Georgia","Fulton","ID:341",70887,"WastewaterSCAN",0.74,"Very Low","2022-12-11","2026-06-13","SARS-CoV-2","2026-08-14 12:48"
"Georgia","Gwinnett","ID:342",496000,"State_Territory",0.55,"Very Low","2022-05-23","2026-06-13","SARS-CoV-2","2026-08-14 12:48"
"Georgia","Chattahoochee, Muscogee","ID:346",278000,"WastewaterSCAN",1.05,"Very Low","2022-09-26","2026-06-13","SARS-CoV-2","2026-08-14 12:48"
"Georgia","Newton","ID:347",22675,"State_Territory",4.56,"Low","2022-07-27","2026-06-13","SARS-CoV-2","2026-08-14 12:48"
"Georgia","Paulding","ID:348",19000,"State_Territory",1.32,"Very Low","2022-11-10","2026-06-13","SARS-CoV-2","2026-08-14 12:48"
"Georgia","Paulding","ID:349",14000,"State_Territory",3.33,"Low","2022-05-22","2026-06-13","SARS-CoV-2","2026-08-14 12:48"
"Georgia","Richmond","ID:353",200000,"State_Territory",0.53,"Very Low","2022-07-25","2026-06-13","SARS-CoV-2","2026-08-14 12:48"
"Georgia","Peach","ID:2359",8008,"State_Territory",1.8,"Very Low","2024-10-09","2026-06-06","SARS-CoV-2","2026-08-14 12:48"
"Georgia","Cherokee, Fulton","ID:326",20000,"State_Territory, WastewaterSCAN",1.8,"Very Low","2022-08-08","2026-06-06","SARS-CoV-2","2026-08-14 12:48"
"Georgia","Clarke","ID:327",60000,"State_Territory",1.98,"Very Low","2022-06-26","2026-06-06","SARS-CoV-2","2026-08-14 12:48"
"Georgia","Clayton","ID:328",124000,"State_Territory",0.93,"Very Low","2023-05-18","2026-06-06","SARS-CoV-2","2026-08-14 12:48"
"Georgia","Cobb","ID:329",113079,"State_Territory",1.1,"Very Low","2022-11-13","2026-06-06","SARS-CoV-2","2026-08-14 12:48"
"Georgia","Cobb","ID:330",304020,"State_Territory",1.04,"Very Low","2022-12-25","2026-06-06","SARS-CoV-2","2026-08-14 12:48"
"Georgia","Douglas","ID:333",37256,"State_Territory",0.71,"Very Low","2023-07-17","2026-06-06","SARS-CoV-2","2026-08-14 12:48"
"Georgia","Floyd","ID:334",38111,"State_Territory",3.23,"Low","2023-02-20","2026-06-06","SARS-CoV-2","2026-08-14 12:48"
"Georgia","Forsyth","ID:335",44000,"State_Territory",1.88,"Very Low","2022-12-25","2026-06-06","SARS-CoV-2","2026-08-14 12:48"
"Georgia","Fulton","ID:336",84486,"WastewaterSCAN",0.89,"Very Low","2022-08-07","2026-06-06","SARS-CoV-2","2026-08-14 12:48"
"Georgia","Fulton","ID:337",189593,"WastewaterSCAN",0.29,"Very Low","2022-08-07","2026-06-06","SARS-CoV-2","2026-08-14 12:48"
"Georgia","Fulton","ID:338",190000,"WastewaterSCAN",0.96,"Very Low","2022-08-07","2026-06-06","SARS-CoV-2","2026-08-14 12:48"
"Georgia","Fulton","ID:339",600000,"WastewaterSCAN",1,"Very Low","2022-12-11","2026-06-06","SARS-CoV-2","2026-08-14 12:48"
"Georgia","Fulton","ID:340",105160,"WastewaterSCAN",1.31,"Very Low","2022-12-11","2026-06-06","SARS-CoV-2","2026-08-14 12:48"
"Georgia","Fulton","ID:341",70887,"WastewaterSCAN",0.72,"Very Low","2022-12-11","2026-06-06","SARS-CoV-2","2026-08-14 12:48"
"Georgia","Gwinnett","ID:342",496000,"State_Territory",0.99,"Very Low","2022-05-23","2026-06-06","SARS-CoV-2","2026-08-14 12:48"
"Georgia","Chattahoochee, Muscogee","ID:346",278000,"WastewaterSCAN",2.85,"Low","2022-09-26","2026-06-06","SARS-CoV-2","2026-08-14 12:48"
"Georgia","Newton","ID:347",22675,"State_Territory",1.92,"Very Low","2022-07-27","2026-06-06","SARS-CoV-2","2026-08-14 12:48"
"Georgia","Paulding","ID:348",19000,"State_Territory",1.87,"Very Low","2022-11-10","2026-06-06","SARS-CoV-2","2026-08-14 12:48"
"Georgia","Paulding","ID:349",14000,"State_Territory",3.02,"Low","2022-05-22","2026-06-06","SARS-CoV-2","2026-08-14 12:48"
"Georgia","Richmond","ID:353",200000,"State_Territory",0.33,"Very Low","2022-07-25","2026-06-06","SARS-CoV-2","2026-08-14 12:48"
"Georgia","Peach","ID:2359",8008,"State_Territory",2.39,"Very Low","2024-10-09","2026-05-30","SARS-CoV-2","2026-08-14 12:48"
"Georgia","Cherokee, Fulton","ID:326",20000,"State_Territory, WastewaterSCAN",0.66,"Very Low","2022-08-08","2026-05-30","SARS-CoV-2","2026-08-14 12:48"
"Georgia","Cobb","ID:329",113079,"State_Territory",0.15,"Very Low","2022-11-13","2026-05-30","SARS-CoV-2","2026-08-14 12:48"
"Georgia","Cobb","ID:330",304020,"State_Territory",1.51,"Very Low","2022-12-25","2026-05-30","SARS-CoV-2","2026-08-14 12:48"
"Georgia","Douglas","ID:333",37256,"State_Territory",0.47,"Very Low","2023-07-17","2026-05-30","SARS-CoV-2","2026-08-14 12:48"
"Georgia","Floyd","ID:334",38111,"State_Territory",1,"Very Low","2023-02-20","2026-05-30","SARS-CoV-2","2026-08-14 12:48"
"Georgia","Forsyth","ID:335",44000,"State_Territory",0.78,"Very Low","2022-12-25","2026-05-30","SARS-CoV-2","2026-08-14 12:48"
"Georgia","Fulton","ID:336",84486,"WastewaterSCAN",0.08,"Very Low","2022-08-07","2026-05-30","SARS-CoV-2","2026-08-14 12:48"
"Georgia","Fulton","ID:337",189593,"WastewaterSCAN",2.37,"Very Low","2022-08-07","2026-05-30","SARS-CoV-2","2026-08-14 12:48"
"Georgia","Fulton","ID:338",190000,"WastewaterSCAN",0.46,"Very Low","2022-08-07","2026-05-30","SARS-CoV-2","2026-08-14 12:48"
"Georgia","Fulton","ID:339",600000,"WastewaterSCAN",0.71,"Very Low","2022-12-11","2026-05-30","SARS-CoV-2","2026-08-14 12:48"
"Georgia","Fulton","ID:340",105160,"WastewaterSCAN",1,"Very Low","2022-12-11","2026-05-30","SARS-CoV-2","2026-08-14 12:48"
"Georgia","Fulton","ID:341",70887,"WastewaterSCAN",0.23,"Very Low","2022-12-11","2026-05-30","SARS-CoV-2","2026-08-14 12:48"
"Georgia","Gwinnett","ID:342",496000,"State_Territory",1.66,"Very Low","2022-05-23","2026-05-30","SARS-CoV-2","2026-08-14 12:48"
"Georgia","Chattahoochee, Muscogee","ID:346",278000,"WastewaterSCAN",0.92,"Very Low","2022-09-26","2026-05-30","SARS-CoV-2","2026-08-14 12:48"
"Georgia","Newton","ID:347",22675,"State_Territory",0.92,"Very Low","2022-07-27","2026-05-30","SARS-CoV-2","2026-08-14 12:48"
"Georgia","Richmond","ID:353",200000,"State_Territory",1.21,"Very Low","2022-07-25","2026-05-30","SARS-CoV-2","2026-08-14 12:48"
"Georgia","Peach","ID:2359",8008,"State_Territory",3.36,"Low","2024-10-09","2026-05-23","SARS-CoV-2","2026-08-14 12:48"
"Georgia","Bulloch","ID:325",35000,"State_Territory",1,"Very Low","2023-06-23","2026-05-23","SARS-CoV-2","2026-08-14 12:48"
"Georgia","Cherokee, Fulton","ID:326",20000,"State_Territory, WastewaterSCAN",1.43,"Very Low","2022-08-08","2026-05-23","SARS-CoV-2","2026-08-14 12:48"
"Georgia","Clayton","ID:328",124000,"State_Territory",0.26,"Very Low","2023-05-18","2026-05-23","SARS-CoV-2","2026-08-14 12:48"
"Georgia","Cobb","ID:329",113079,"State_Territory",1.96,"Very Low","2022-11-13","2026-05-23","SARS-CoV-2","2026-08-14 12:48"
"Georgia","Cobb","ID:330",304020,"State_Territory",1.29,"Very Low","2022-12-25","2026-05-23","SARS-CoV-2","2026-08-14 12:48"
"Georgia","Douglas","ID:333",37256,"State_Territory",0.61,"Very Low","2023-07-17","2026-05-23","SARS-CoV-2","2026-08-14 12:48"
"Georgia","Floyd","ID:334",38111,"State_Territory",1.77,"Very Low","2023-02-20","2026-05-23","SARS-CoV-2","2026-08-14 12:48"
"Georgia","Forsyth","ID:335",44000,"State_Territory",0.89,"Very Low","2022-12-25","2026-05-23","SARS-CoV-2","2026-08-14 12:48"
"Georgia","Fulton","ID:336",84486,"WastewaterSCAN",0.55,"Very Low","2022-08-07","2026-05-23","SARS-CoV-2","2026-08-14 12:48"
"Georgia","Fulton","ID:337",189593,"WastewaterSCAN",0.31,"Very Low","2022-08-07","2026-05-23","SARS-CoV-2","2026-08-14 12:48"
"Georgia","Fulton","ID:338",190000,"WastewaterSCAN",0.63,"Very Low","2022-08-07","2026-05-23","SARS-CoV-2","2026-08-14 12:48"
"Georgia","Fulton","ID:339",600000,"WastewaterSCAN",0.5,"Very Low","2022-12-11","2026-05-23","SARS-CoV-2","2026-08-14 12:48"
"Georgia","Fulton","ID:340",105160,"WastewaterSCAN",0.71,"Very Low","2022-12-11","2026-05-23","SARS-CoV-2","2026-08-14 12:48"
"Georgia","Fulton","ID:341",70887,"WastewaterSCAN",0.92,"Very Low","2022-12-11","2026-05-23","SARS-CoV-2","2026-08-14 12:48"
"Georgia","Gwinnett","ID:342",496000,"State_Territory",1.22,"Very Low","2022-05-23","2026-05-23","SARS-CoV-2","2026-08-14 12:48"
"Georgia","Chattahoochee, Muscogee","ID:346",278000,"WastewaterSCAN",1.27,"Very Low","2022-09-26","2026-05-23","SARS-CoV-2","2026-08-14 12:48"
"Georgia","Newton","ID:347",22675,"State_Territory",1.58,"Very Low","2022-07-27","2026-05-23","SARS-CoV-2","2026-08-14 12:48"
"Georgia","Paulding","ID:348",19000,"State_Territory",1.32,"Very Low","2022-11-10","2026-05-23","SARS-CoV-2","2026-08-14 12:48"
"Georgia","Paulding","ID:349",14000,"State_Territory",3.03,"Low","2022-05-22","2026-05-23","SARS-CoV-2","2026-08-14 12:48"
"Georgia","Richmond","ID:353",200000,"State_Territory",0.62,"Very Low","2022-07-25","2026-05-23","SARS-CoV-2","2026-08-14 12:48"
"Georgia","Peach","ID:2359",8008,"State_Territory",2.56,"Very Low","2024-10-09","2026-05-16","SARS-CoV-2","2026-08-14 12:48"
"Georgia","Cherokee, Fulton","ID:326",20000,"State_Territory, WastewaterSCAN",1.35,"Very Low","2022-08-08","2026-05-16","SARS-CoV-2","2026-08-14 12:48"
"Georgia","Clarke","ID:327",60000,"State_Territory",0.77,"Very Low","2022-06-26","2026-05-16","SARS-CoV-2","2026-08-14 12:48"
"Georgia","Cobb","ID:329",113079,"State_Territory",0.3,"Very Low","2022-11-13","2026-05-16","SARS-CoV-2","2026-08-14 12:48"
"Georgia","Cobb","ID:330",304020,"State_Territory",1.75,"Very Low","2022-12-25","2026-05-16","SARS-CoV-2","2026-08-14 12:48"
"Georgia","Douglas","ID:333",37256,"State_Territory",2.64,"Low","2023-07-17","2026-05-16","SARS-CoV-2","2026-08-14 12:48"
"Georgia","Floyd","ID:334",38111,"State_Territory",2.19,"Very Low","2023-02-20","2026-05-16","SARS-CoV-2","2026-08-14 12:48"
"Georgia","Forsyth","ID:335",44000,"State_Territory",0.41,"Very Low","2022-12-25","2026-05-16","SARS-CoV-2","2026-08-14 12:48"
"Georgia","Fulton","ID:336",84486,"WastewaterSCAN",0.63,"Very Low","2022-08-07","2026-05-16","SARS-CoV-2","2026-08-14 12:48"
"Georgia","Fulton","ID:337",189593,"WastewaterSCAN",1.34,"Very Low","2022-08-07","2026-05-16","SARS-CoV-2","2026-08-14 12:48"
"Georgia","Fulton","ID:338",190000,"WastewaterSCAN",1.01,"Very Low","2022-08-07","2026-05-16","SARS-CoV-2","2026-08-14 12:48"
"Georgia","Fulton","ID:339",600000,"WastewaterSCAN",1.24,"Very Low","2022-12-11","2026-05-16","SARS-CoV-2","2026-08-14 12:48"
"Georgia","Fulton","ID:340",105160,"WastewaterSCAN",0.41,"Very Low","2022-12-11","2026-05-16","SARS-CoV-2","2026-08-14 12:48"
"Georgia","Fulton","ID:341",70887,"WastewaterSCAN",1.42,"Very Low","2022-12-11","2026-05-16","SARS-CoV-2","2026-08-14 12:48"
"Georgia","Gwinnett","ID:342",496000,"State_Territory",0.75,"Very Low","2022-05-23","2026-05-16","SARS-CoV-2","2026-08-14 12:48"
"Georgia","Chattahoochee, Muscogee","ID:346",278000,"WastewaterSCAN",1.57,"Very Low","2022-09-26","2026-05-16","SARS-CoV-2","2026-08-14 12:48"
"Georgia","Newton","ID:347",22675,"State_Territory",1.69,"Very Low","2022-07-27","2026-05-16","SARS-CoV-2","2026-08-14 12:48"
"Georgia","Paulding","ID:348",19000,"State_Territory",0.86,"Very Low","2022-11-10","2026-05-16","SARS-CoV-2","2026-08-14 12:48"
"Georgia","Paulding","ID:349",14000,"State_Territory",1,"Very Low","2022-05-22","2026-05-16","SARS-CoV-2","2026-08-14 12:48"
"Georgia","Richmond","ID:353",200000,"State_Territory",1.55,"Very Low","2022-07-25","2026-05-16","SARS-CoV-2","2026-08-14 12:48"
"Georgia","Peach","ID:2359",8008,"State_Territory",3.75,"Low","2024-10-09","2026-05-09","SARS-CoV-2","2026-08-14 12:48"
"Georgia","Bulloch","ID:325",35000,"State_Territory",5.74,"Moderate","2023-06-23","2026-05-09","SARS-CoV-2","2026-08-14 12:48"
"Georgia","Cherokee, Fulton","ID:326",20000,"State_Territory, WastewaterSCAN",1.57,"Very Low","2022-08-08","2026-05-09","SARS-CoV-2","2026-08-14 12:48"
"Georgia","Clarke","ID:327",60000,"State_Territory",1.33,"Very Low","2022-06-26","2026-05-09","SARS-CoV-2","2026-08-14 12:48"
"Georgia","Clayton","ID:328",124000,"State_Territory",0.86,"Very Low","2023-05-18","2026-05-09","SARS-CoV-2","2026-08-14 12:48"
"Georgia","Cobb","ID:329",113079,"State_Territory",0.87,"Very Low","2022-11-13","2026-05-09","SARS-CoV-2","2026-08-14 12:48"
"Georgia","Cobb","ID:330",304020,"State_Territory",1.29,"Very Low","2022-12-25","2026-05-09","SARS-CoV-2","2026-08-14 12:48"
"Georgia","Douglas","ID:333",37256,"State_Territory",1,"Very Low","2023-07-17","2026-05-09","SARS-CoV-2","2026-08-14 12:48"
"Georgia","Floyd","ID:334",38111,"State_Territory",3.55,"Low","2023-02-20","2026-05-09","SARS-CoV-2","2026-08-14 12:48"
"Georgia","Forsyth","ID:335",44000,"State_Territory",0.45,"Very Low","2022-12-25","2026-05-09","SARS-CoV-2","2026-08-14 12:48"
"Georgia","Fulton","ID:336",84486,"WastewaterSCAN",1.22,"Very Low","2022-08-07","2026-05-09","SARS-CoV-2","2026-08-14 12:48"
"Georgia","Fulton","ID:337",189593,"WastewaterSCAN",0.6,"Very Low","2022-08-07","2026-05-09","SARS-CoV-2","2026-08-14 12:48"
"Georgia","Fulton","ID:338",190000,"WastewaterSCAN",1.36,"Very Low","2022-08-07","2026-05-09","SARS-CoV-2","2026-08-14 12:48"
"Georgia","Fulton","ID:339",600000,"WastewaterSCAN",0.08,"Very Low","2022-12-11","2026-05-09","SARS-CoV-2","2026-08-14 12:48"
"Georgia","Fulton","ID:340",105160,"WastewaterSCAN",0.77,"Very Low","2022-12-11","2026-05-09","SARS-CoV-2","2026-08-14 12:48"
"Georgia","Fulton","ID:341",70887,"WastewaterSCAN",0.94,"Very Low","2022-12-11","2026-05-09","SARS-CoV-2","2026-08-14 12:48"
"Georgia","Gwinnett","ID:342",496000,"State_Territory",0.99,"Very Low","2022-05-23","2026-05-09","SARS-CoV-2","2026-08-14 12:48"
"Georgia","Chattahoochee, Muscogee","ID:346",278000,"WastewaterSCAN",2,"Very Low","2022-09-26","2026-05-09","SARS-CoV-2","2026-08-14 12:48"
"Georgia","Newton","ID:347",22675,"State_Territory",2.33,"Very Low","2022-07-27","2026-05-09","SARS-CoV-2","2026-08-14 12:48"
"Georgia","Paulding","ID:348",19000,"State_Territory",1.61,"Very Low","2022-11-10","2026-05-09","SARS-CoV-2","2026-08-14 12:48"
"Georgia","Paulding","ID:349",14000,"State_Territory",1,"Very Low","2022-05-22","2026-05-09","SARS-CoV-2","2026-08-14 12:48"
"Georgia","Richmond","ID:353",200000,"State_Territory",0.88,"Very Low","2022-07-25","2026-05-09","SARS-CoV-2","2026-08-14 12:48"
"Georgia","Peach","ID:2359",8008,"State_Territory",3.78,"Low","2024-10-09","2026-05-02","SARS-CoV-2","2026-08-14 12:48"
"Georgia","Cherokee, Fulton","ID:326",20000,"State_Territory, WastewaterSCAN",1.76,"Very Low","2022-08-08","2026-05-02","SARS-CoV-2","2026-08-14 12:48"
"Georgia","Clarke","ID:327",60000,"State_Territory",1.98,"Very Low","2022-06-26","2026-05-02","SARS-CoV-2","2026-08-14 12:48"
"Georgia","Cobb","ID:329",113079,"State_Territory",3.27,"Low","2022-11-13","2026-05-02","SARS-CoV-2","2026-08-14 12:48"
"Georgia","Douglas","ID:333",37256,"State_Territory",4.45,"Low","2023-07-17","2026-05-02","SARS-CoV-2","2026-08-14 12:48"
"Georgia","Floyd","ID:334",38111,"State_Territory",3.38,"Low","2023-02-20","2026-05-02","SARS-CoV-2","2026-08-14 12:48"
"Georgia","Forsyth","ID:335",44000,"State_Territory",0.57,"Very Low","2022-12-25","2026-05-02","SARS-CoV-2","2026-08-14 12:48"
"Georgia","Fulton","ID:336",84486,"WastewaterSCAN",1.06,"Very Low","2022-08-07","2026-05-02","SARS-CoV-2","2026-08-14 12:48"
"Georgia","Fulton","ID:337",189593,"WastewaterSCAN",2.67,"Low","2022-08-07","2026-05-02","SARS-CoV-2","2026-08-14 12:48"
"Georgia","Fulton","ID:338",190000,"WastewaterSCAN",2.18,"Very Low","2022-08-07","2026-05-02","SARS-CoV-2","2026-08-14 12:48"
"Georgia","Fulton","ID:339",600000,"WastewaterSCAN",0.24,"Very Low","2022-12-11","2026-05-02","SARS-CoV-2","2026-08-14 12:48"
"Georgia","Fulton","ID:340",105160,"WastewaterSCAN",1.51,"Very Low","2022-12-11","2026-05-02","SARS-CoV-2","2026-08-14 12:48"
"Georgia","Fulton","ID:341",70887,"WastewaterSCAN",0.68,"Very Low","2022-12-11","2026-05-02","SARS-CoV-2","2026-08-14 12:48"
"Georgia","Gwinnett","ID:342",496000,"State_Territory",1.02,"Very Low","2022-05-23","2026-05-02","SARS-CoV-2","2026-08-14 12:48"
"Georgia","Chattahoochee, Muscogee","ID:346",278000,"WastewaterSCAN",2.69,"Low","2022-09-26","2026-05-02","SARS-CoV-2","2026-08-14 12:48"
"Georgia","Newton","ID:347",22675,"State_Territory",1.57,"Very Low","2022-07-27","2026-05-02","SARS-CoV-2","2026-08-14 12:48"
"Georgia","Paulding","ID:348",19000,"State_Territory",0.7,"Very Low","2022-11-10","2026-05-02","SARS-CoV-2","2026-08-14 12:48"
"Georgia","Paulding","ID:349",14000,"State_Territory",1,"Very Low","2022-05-22","2026-05-02","SARS-CoV-2","2026-08-14 12:48"
"Georgia","Richmond","ID:353",200000,"State_Territory",1.51,"Very Low","2022-07-25","2026-05-02","SARS-CoV-2","2026-08-14 12:48"
"Georgia","Peach","ID:2359",8008,"State_Territory",1,"Very Low","2024-10-09","2026-04-25","SARS-CoV-2","2026-08-14 12:48"
"Georgia","Bulloch","ID:325",35000,"State_Territory",2.01,"Very Low","2023-06-23","2026-04-25","SARS-CoV-2","2026-08-14 12:48"
"Georgia","Cherokee, Fulton","ID:326",20000,"State_Territory, WastewaterSCAN",1.7,"Very Low","2022-08-08","2026-04-25","SARS-CoV-2","2026-08-14 12:48"
"Georgia","Clarke","ID:327",60000,"State_Territory",1.98,"Very Low","2022-06-26","2026-04-25","SARS-CoV-2","2026-08-14 12:48"
"Georgia","Clayton","ID:328",124000,"State_Territory",0.85,"Very Low","2023-05-18","2026-04-25","SARS-CoV-2","2026-08-14 12:48"
"Georgia","Cobb","ID:329",113079,"State_Territory",1.42,"Very Low","2022-11-13","2026-04-25","SARS-CoV-2","2026-08-14 12:48"
"Georgia","Cobb","ID:330",304020,"State_Territory",5.59,"Moderate","2022-12-25","2026-04-25","SARS-CoV-2","2026-08-14 12:48"
"Georgia","Douglas","ID:333",37256,"State_Territory",1.65,"Very Low","2023-07-17","2026-04-25","SARS-CoV-2","2026-08-14 12:48"
"Georgia","Floyd","ID:334",38111,"State_Territory",3.4,"Low","2023-02-20","2026-04-25","SARS-CoV-2","2026-08-14 12:48"
"Georgia","Forsyth","ID:335",44000,"State_Territory",1.21,"Very Low","2022-12-25","2026-04-25","SARS-CoV-2","2026-08-14 12:48"
"Georgia","Fulton","ID:336",84486,"WastewaterSCAN",1.83,"Very Low","2022-08-07","2026-04-25","SARS-CoV-2","2026-08-14 12:48"
"Georgia","Fulton","ID:337",189593,"WastewaterSCAN",0.61,"Very Low","2022-08-07","2026-04-25","SARS-CoV-2","2026-08-14 12:48"
"Georgia","Fulton","ID:338",190000,"WastewaterSCAN",1.47,"Very Low","2022-08-07","2026-04-25","SARS-CoV-2","2026-08-14 12:48"
"Georgia","Fulton","ID:339",600000,"WastewaterSCAN",1.37,"Very Low","2022-12-11","2026-04-25","SARS-CoV-2","2026-08-14 12:48"
"Georgia","Fulton","ID:340",105160,"WastewaterSCAN",0.93,"Very Low","2022-12-11","2026-04-25","SARS-CoV-2","2026-08-14 12:48"
"Georgia","Fulton","ID:341",70887,"WastewaterSCAN",2.04,"Very Low","2022-12-11","2026-04-25","SARS-CoV-2","2026-08-14 12:48"
"Georgia","Gwinnett","ID:342",496000,"State_Territory",0.55,"Very Low","2022-05-23","2026-04-25","SARS-CoV-2","2026-08-14 12:48"
"Georgia","Chattahoochee, Muscogee","ID:346",278000,"WastewaterSCAN",2.42,"Very Low","2022-09-26","2026-04-25","SARS-CoV-2","2026-08-14 12:48"
"Georgia","Newton","ID:347",22675,"State_Territory",2.69,"Low","2022-07-27","2026-04-25","SARS-CoV-2","2026-08-14 12:48"
"Georgia","Paulding","ID:348",19000,"State_Territory",1.99,"Very Low","2022-11-10","2026-04-25","SARS-CoV-2","2026-08-14 12:48"
"Georgia","Paulding","ID:349",14000,"State_Territory",2.62,"Low","2022-05-22","2026-04-25","SARS-CoV-2","2026-08-14 12:48"
"Georgia","Richmond","ID:353",200000,"State_Territory",1.07,"Very Low","2022-07-25","2026-04-25","SARS-CoV-2","2026-08-14 12:48"
"Georgia","Peach","ID:2359",8008,"State_Territory",5.92,"Moderate","2024-10-09","2026-04-18","SARS-CoV-2","2026-08-14 12:48"
"Georgia","Bulloch","ID:325",35000,"State_Territory",1,"Very Low","2023-06-23","2026-04-18","SARS-CoV-2","2026-08-14 12:48"
"Georgia","Cherokee, Fulton","ID:326",20000,"State_Territory, WastewaterSCAN",3.83,"Low","2022-08-08","2026-04-18","SARS-CoV-2","2026-08-14 12:48"
"Georgia","Clarke","ID:327",60000,"State_Territory",0.77,"Very Low","2022-06-26","2026-04-18","SARS-CoV-2","2026-08-14 12:48"
"Georgia","Clayton","ID:328",124000,"State_Territory",2.47,"Very Low","2023-05-18","2026-04-18","SARS-CoV-2","2026-08-14 12:48"
"Georgia","Cobb","ID:329",113079,"State_Territory",10.1,"High","2022-11-13","2026-04-18","SARS-CoV-2","2026-08-14 12:48"
"Georgia","Cobb","ID:330",304020,"State_Territory",4.81,"Low","2022-12-25","2026-04-18","SARS-CoV-2","2026-08-14 12:48"
"Georgia","Douglas","ID:333",37256,"State_Territory",0.89,"Very Low","2023-07-17","2026-04-18","SARS-CoV-2","2026-08-14 12:48"
"Georgia","Floyd","ID:334",38111,"State_Territory",2.55,"Very Low","2023-02-20","2026-04-18","SARS-CoV-2","2026-08-14 12:48"
"Georgia","Forsyth","ID:335",44000,"State_Territory",2.02,"Very Low","2022-12-25","2026-04-18","SARS-CoV-2","2026-08-14 12:48"
"Georgia","Fulton","ID:336",84486,"WastewaterSCAN",1.01,"Very Low","2022-08-07","2026-04-18","SARS-CoV-2","2026-08-14 12:48"
"Georgia","Fulton","ID:337",189593,"WastewaterSCAN",2.79,"Low","2022-08-07","2026-04-18","SARS-CoV-2","2026-08-14 12:48"
"Georgia","Fulton","ID:338",190000,"WastewaterSCAN",3.57,"Low","2022-08-07","2026-04-18","SARS-CoV-2","2026-08-14 12:48"
"Georgia","Fulton","ID:339",600000,"WastewaterSCAN",1.17,"Very Low","2022-12-11","2026-04-18","SARS-CoV-2","2026-08-14 12:48"
"Georgia","Fulton","ID:340",105160,"WastewaterSCAN",1.65,"Very Low","2022-12-11","2026-04-18","SARS-CoV-2","2026-08-14 12:48"
"Georgia","Fulton","ID:341",70887,"WastewaterSCAN",3.8,"Low","2022-12-11","2026-04-18","SARS-CoV-2","2026-08-14 12:48"
"Georgia","Gwinnett","ID:342",496000,"State_Territory",0.55,"Very Low","2022-05-23","2026-04-18","SARS-CoV-2","2026-08-14 12:48"
"Georgia","Chattahoochee, Muscogee","ID:346",278000,"WastewaterSCAN",12.39,"Very High","2022-09-26","2026-04-18","SARS-CoV-2","2026-08-14 12:48"
"Georgia","Newton","ID:347",22675,"State_Territory",6.01,"Moderate","2022-07-27","2026-04-18","SARS-CoV-2","2026-08-14 12:48"
"Georgia","Paulding","ID:348",19000,"State_Territory",3.92,"Low","2022-11-10","2026-04-18","SARS-CoV-2","2026-08-14 12:48"
"Georgia","Paulding","ID:349",14000,"State_Territory",1.8,"Very Low","2022-05-22","2026-04-18","SARS-CoV-2","2026-08-14 12:48"
"Georgia","Richmond","ID:353",200000,"State_Territory",3.27,"Low","2022-07-25","2026-04-18","SARS-CoV-2","2026-08-14 12:48"
"Georgia","Peach","ID:2359",8008,"State_Territory",4.76,"Low","2024-10-09","2026-04-11","SARS-CoV-2","2026-08-14 12:48"
"Georgia","Bulloch","ID:325",35000,"State_Territory",11.77,"Very High","2023-06-23","2026-04-11","SARS-CoV-2","2026-08-14 12:48"
"Georgia","Cherokee, Fulton","ID:326",20000,"State_Territory, WastewaterSCAN",4.76,"Low","2022-08-08","2026-04-11","SARS-CoV-2","2026-08-14 12:48"
"Georgia","Clarke","ID:327",60000,"State_Territory",3.43,"Low","2022-06-26","2026-04-11","SARS-CoV-2","2026-08-14 12:48"
"Georgia","Cobb","ID:329",113079,"State_Territory",5.15,"Moderate","2022-11-13","2026-04-11","SARS-CoV-2","2026-08-14 12:48"
"Georgia","Cobb","ID:330",304020,"State_Territory",2.22,"Very Low","2022-12-25","2026-04-11","SARS-CoV-2","2026-08-14 12:48"
"Georgia","Douglas","ID:333",37256,"State_Territory",3.22,"Low","2023-07-17","2026-04-11","SARS-CoV-2","2026-08-14 12:48"
"Georgia","Floyd","ID:334",38111,"State_Territory",2.19,"Very Low","2023-02-20","2026-04-11","SARS-CoV-2","2026-08-14 12:48"
"Georgia","Fulton","ID:336",84486,"WastewaterSCAN",1.68,"Very Low","2022-08-07","2026-04-11","SARS-CoV-2","2026-08-14 12:48"
"Georgia","Fulton","ID:337",189593,"WastewaterSCAN",2.38,"Very Low","2022-08-07","2026-04-11","SARS-CoV-2","2026-08-14 12:48"
"Georgia","Fulton","ID:338",190000,"WastewaterSCAN",2.51,"Very Low","2022-08-07","2026-04-11","SARS-CoV-2","2026-08-14 12:48"
"Georgia","Fulton","ID:339",600000,"WastewaterSCAN",1.19,"Very Low","2022-12-11","2026-04-11","SARS-CoV-2","2026-08-14 12:48"
"Georgia","Fulton","ID:340",105160,"WastewaterSCAN",1.83,"Very Low","2022-12-11","2026-04-11","SARS-CoV-2","2026-08-14 12:48"
"Georgia","Fulton","ID:341",70887,"WastewaterSCAN",0.23,"Very Low","2022-12-11","2026-04-11","SARS-CoV-2","2026-08-14 12:48"
"Georgia","Gwinnett","ID:342",496000,"State_Territory",3.07,"Low","2022-05-23","2026-04-11","SARS-CoV-2","2026-08-14 12:48"
"Georgia","Chattahoochee, Muscogee","ID:346",278000,"WastewaterSCAN",1.65,"Very Low","2022-09-26","2026-04-11","SARS-CoV-2","2026-08-14 12:48"
"Georgia","Newton","ID:347",22675,"State_Territory",2.83,"Low","2022-07-27","2026-04-11","SARS-CoV-2","2026-08-14 12:48"
"Georgia","Paulding","ID:348",19000,"State_Territory",2.95,"Low","2022-11-10","2026-04-11","SARS-CoV-2","2026-08-14 12:48"
"Georgia","Paulding","ID:349",14000,"State_Territory",8.12,"High","2022-05-22","2026-04-11","SARS-CoV-2","2026-08-14 12:48"
"Georgia","Richmond","ID:353",200000,"State_Territory",2.52,"Very Low","2022-07-25","2026-04-11","SARS-CoV-2","2026-08-14 12:48"
"Georgia","Peach","ID:2359",8008,"State_Territory",3.93,"Low","2024-10-09","2026-04-04","SARS-CoV-2","2026-08-14 12:48"
"Georgia","Cherokee, Fulton","ID:326",20000,"State_Territory, WastewaterSCAN",5.82,"Moderate","2022-08-08","2026-04-04","SARS-CoV-2","2026-08-14 12:48"
"Georgia","Clayton","ID:328",124000,"State_Territory",1.6,"Very Low","2023-05-18","2026-04-04","SARS-CoV-2","2026-08-14 12:48"
"Georgia","Cobb","ID:329",113079,"State_Territory",1.35,"Very Low","2022-11-13","2026-04-04","SARS-CoV-2","2026-08-14 12:48"
"Georgia","Cobb","ID:330",304020,"State_Territory",4.15,"Low","2022-12-25","2026-04-04","SARS-CoV-2","2026-08-14 12:48"
"Georgia","Douglas","ID:333",37256,"State_Territory",1.83,"Very Low","2023-07-17","2026-04-04","SARS-CoV-2","2026-08-14 12:48"
"Georgia","Floyd","ID:334",38111,"State_Territory",1,"Very Low","2023-02-20","2026-04-04","SARS-CoV-2","2026-08-14 12:48"
"Georgia","Forsyth","ID:335",44000,"State_Territory",1.89,"Very Low","2022-12-25","2026-04-04","SARS-CoV-2","2026-08-14 12:48"
"Georgia","Fulton","ID:336",84486,"WastewaterSCAN",3.8,"Low","2022-08-07","2026-04-04","SARS-CoV-2","2026-08-14 12:48"
"Georgia","Fulton","ID:337",189593,"WastewaterSCAN",2.83,"Low","2022-08-07","2026-04-04","SARS-CoV-2","2026-08-14 12:48"
"Georgia","Fulton","ID:338",190000,"WastewaterSCAN",2.23,"Very Low","2022-08-07","2026-04-04","SARS-CoV-2","2026-08-14 12:48"
"Georgia","Fulton","ID:339",600000,"WastewaterSCAN",2.36,"Very Low","2022-12-11","2026-04-04","SARS-CoV-2","2026-08-14 12:48"
"Georgia","Fulton","ID:340",105160,"WastewaterSCAN",2.63,"Low","2022-12-11","2026-04-04","SARS-CoV-2","2026-08-14 12:48"
"Georgia","Fulton","ID:341",70887,"WastewaterSCAN",2.27,"Very Low","2022-12-11","2026-04-04","SARS-CoV-2","2026-08-14 12:48"
"Georgia","Gwinnett","ID:342",496000,"State_Territory",1.81,"Very Low","2022-05-23","2026-04-04","SARS-CoV-2","2026-08-14 12:48"
"Georgia","Chattahoochee, Muscogee","ID:346",278000,"WastewaterSCAN",4.74,"Low","2022-09-26","2026-04-04","SARS-CoV-2","2026-08-14 12:48"
"Georgia","Newton","ID:347",22675,"State_Territory",2.85,"Low","2022-07-27","2026-04-04","SARS-CoV-2","2026-08-14 12:48"
"Georgia","Paulding","ID:348",19000,"State_Territory",5.44,"Moderate","2022-11-10","2026-04-04","SARS-CoV-2","2026-08-14 12:48"
"Georgia","Paulding","ID:349",14000,"State_Territory",1,"Very Low","2022-05-22","2026-04-04","SARS-CoV-2","2026-08-14 12:48"
"Georgia","Richmond","ID:353",200000,"State_Territory",1.08,"Very Low","2022-07-25","2026-04-04","SARS-CoV-2","2026-08-14 12:48"
"Georgia","Peach","ID:2359",8008,"State_Territory",11.08,"High","2024-10-09","2026-03-28","SARS-CoV-2","2026-08-14 12:48"
"Georgia","Bulloch","ID:325",35000,"State_Territory",6.72,"Moderate","2023-06-23","2026-03-28","SARS-CoV-2","2026-08-14 12:48"
"Georgia","Cherokee, Fulton","ID:326",20000,"State_Territory, WastewaterSCAN",3.33,"Low","2022-08-08","2026-03-28","SARS-CoV-2","2026-08-14 12:48"
"Georgia","Cobb","ID:329",113079,"State_Territory",0.3,"Very Low","2022-11-13","2026-03-28","SARS-CoV-2","2026-08-14 12:48"
"Georgia","Douglas","ID:333",37256,"State_Territory",5.23,"Moderate","2023-07-17","2026-03-28","SARS-CoV-2","2026-08-14 12:48"
"Georgia","Floyd","ID:334",38111,"State_Territory",4.41,"Low","2023-02-20","2026-03-28","SARS-CoV-2","2026-08-14 12:48"
"Georgia","Fulton","ID:336",84486,"WastewaterSCAN",2.92,"Low","2022-08-07","2026-03-28","SARS-CoV-2","2026-08-14 12:48"
"Georgia","Fulton","ID:337",189593,"WastewaterSCAN",3.27,"Low","2022-08-07","2026-03-28","SARS-CoV-2","2026-08-14 12:48"
"Georgia","Fulton","ID:338",190000,"WastewaterSCAN",4.85,"Low","2022-08-07","2026-03-28","SARS-CoV-2","2026-08-14 12:48"
"Georgia","Fulton","ID:339",600000,"WastewaterSCAN",2.46,"Very Low","2022-12-11","2026-03-28","SARS-CoV-2","2026-08-14 12:48"
"Georgia","Fulton","ID:340",105160,"WastewaterSCAN",0.95,"Very Low","2022-12-11","2026-03-28","SARS-CoV-2","2026-08-14 12:48"
"Georgia","Fulton","ID:341",70887,"WastewaterSCAN",1.25,"Very Low","2022-12-11","2026-03-28","SARS-CoV-2","2026-08-14 12:48"
"Georgia","Chattahoochee, Muscogee","ID:346",278000,"WastewaterSCAN",3.64,"Low","2022-09-26","2026-03-28","SARS-CoV-2","2026-08-14 12:48"
"Georgia","Newton","ID:347",22675,"State_Territory",3.72,"Low","2022-07-27","2026-03-28","SARS-CoV-2","2026-08-14 12:48"
"Georgia","Paulding","ID:348",19000,"State_Territory",1.98,"Very Low","2022-11-10","2026-03-28","SARS-CoV-2","2026-08-14 12:48"
"Georgia","Paulding","ID:349",14000,"State_Territory",5.65,"Moderate","2022-05-22","2026-03-28","SARS-CoV-2","2026-08-14 12:48"
"Georgia","Richmond","ID:353",200000,"State_Territory",2.07,"Very Low","2022-07-25","2026-03-28","SARS-CoV-2","2026-08-14 12:48"
"Georgia","Peach","ID:2359",8008,"State_Territory",3.26,"Low","2024-10-09","2026-03-21","SARS-CoV-2","2026-08-14 12:48"
"Georgia","Cherokee, Fulton","ID:326",20000,"State_Territory, WastewaterSCAN",4.7,"Low","2022-08-08","2026-03-21","SARS-CoV-2","2026-08-14 12:48"
"Georgia","Clayton","ID:328",124000,"State_Territory",1.27,"Very Low","2023-05-18","2026-03-21","SARS-CoV-2","2026-08-14 12:48"
"Georgia","Cobb","ID:329",113079,"State_Territory",2.97,"Low","2022-11-13","2026-03-21","SARS-CoV-2","2026-08-14 12:48"
"Georgia","Cobb","ID:330",304020,"State_Territory",2.29,"Very Low","2022-12-25","2026-03-21","SARS-CoV-2","2026-08-14 12:48"
"Georgia","Douglas","ID:333",37256,"State_Territory",0.99,"Very Low","2023-07-17","2026-03-21","SARS-CoV-2","2026-08-14 12:48"
"Georgia","Floyd","ID:334",38111,"State_Territory",5.46,"Moderate","2023-02-20","2026-03-21","SARS-CoV-2","2026-08-14 12:48"
"Georgia","Forsyth","ID:335",44000,"State_Territory",1.18,"Very Low","2022-12-25","2026-03-21","SARS-CoV-2","2026-08-14 12:48"
"Georgia","Fulton","ID:336",84486,"WastewaterSCAN",1.96,"Very Low","2022-08-07","2026-03-21","SARS-CoV-2","2026-08-14 12:48"
"Georgia","Fulton","ID:337",189593,"WastewaterSCAN",2.16,"Very Low","2022-08-07","2026-03-21","SARS-CoV-2","2026-08-14 12:48"
"Georgia","Fulton","ID:338",190000,"WastewaterSCAN",1.89,"Very Low","2022-08-07","2026-03-21","SARS-CoV-2","2026-08-14 12:48"
"Georgia","Fulton","ID:339",600000,"WastewaterSCAN",1.95,"Very Low","2022-12-11","2026-03-21","SARS-CoV-2","2026-08-14 12:48"
"Georgia","Fulton","ID:340",105160,"WastewaterSCAN",6.18,"Moderate","2022-12-11","2026-03-21","SARS-CoV-2","2026-08-14 12:48"
"Georgia","Fulton","ID:341",70887,"WastewaterSCAN",3.94,"Low","2022-12-11","2026-03-21","SARS-CoV-2","2026-08-14 12:48"
"Georgia","Gwinnett","ID:342",496000,"State_Territory",1.9,"Very Low","2022-05-23","2026-03-21","SARS-CoV-2","2026-08-14 12:48"
"Georgia","Chattahoochee, Muscogee","ID:346",278000,"WastewaterSCAN",21.84,"Very High","2022-09-26","2026-03-21","SARS-CoV-2","2026-08-14 12:48"
"Georgia","Newton","ID:347",22675,"State_Territory",3.01,"Low","2022-07-27","2026-03-21","SARS-CoV-2","2026-08-14 12:48"
"Georgia","Paulding","ID:348",19000,"State_Territory",3.86,"Low","2022-11-10","2026-03-21","SARS-CoV-2","2026-08-14 12:48"
"Georgia","Paulding","ID:349",14000,"State_Territory",14.66,"Very High","2022-05-22","2026-03-21","SARS-CoV-2","2026-08-14 12:48"
"Georgia","Richmond","ID:353",200000,"State_Territory",2.59,"Very Low","2022-07-25","2026-03-21","SARS-CoV-2","2026-08-14 12:48"
"Georgia","Peach","ID:2359",8008,"State_Territory",4.47,"Low","2024-10-09","2026-03-14","SARS-CoV-2","2026-08-14 12:48"
"Georgia","Bulloch","ID:325",35000,"State_Territory",2.01,"Very Low","2023-06-23","2026-03-14","SARS-CoV-2","2026-08-14 12:48"
"Georgia","Cherokee, Fulton","ID:326",20000,"State_Territory, WastewaterSCAN",4.64,"Low","2022-08-08","2026-03-14","SARS-CoV-2","2026-08-14 12:48"
"Georgia","Clarke","ID:327",60000,"State_Territory",0.77,"Very Low","2022-06-26","2026-03-14","SARS-CoV-2","2026-08-14 12:48"
"Georgia","Cobb","ID:329",113079,"State_Territory",2.1,"Very Low","2022-11-13","2026-03-14","SARS-CoV-2","2026-08-14 12:48"
"Georgia","Cobb","ID:330",304020,"State_Territory",3.25,"Low","2022-12-25","2026-03-14","SARS-CoV-2","2026-08-14 12:48"
"Georgia","Douglas","ID:333",37256,"State_Territory",3.11,"Low","2023-07-17","2026-03-14","SARS-CoV-2","2026-08-14 12:48"
"Georgia","Floyd","ID:334",38111,"State_Territory",3.84,"Low","2023-02-20","2026-03-14","SARS-CoV-2","2026-08-14 12:48"
"Georgia","Fulton","ID:336",84486,"WastewaterSCAN",2.93,"Low","2022-08-07","2026-03-14","SARS-CoV-2","2026-08-14 12:48"
"Georgia","Fulton","ID:337",189593,"WastewaterSCAN",1.47,"Very Low","2022-08-07","2026-03-14","SARS-CoV-2","2026-08-14 12:48"
"Georgia","Fulton","ID:338",190000,"WastewaterSCAN",3.34,"Low","2022-08-07","2026-03-14","SARS-CoV-2","2026-08-14 12:48"
"Georgia","Fulton","ID:339",600000,"WastewaterSCAN",1.98,"Very Low","2022-12-11","2026-03-14","SARS-CoV-2","2026-08-14 12:48"
"Georgia","Fulton","ID:340",105160,"WastewaterSCAN",2.11,"Very Low","2022-12-11","2026-03-14","SARS-CoV-2","2026-08-14 12:48"
"Georgia","Fulton","ID:341",70887,"WastewaterSCAN",1.95,"Very Low","2022-12-11","2026-03-14","SARS-CoV-2","2026-08-14 12:48"
"Georgia","Gwinnett","ID:342",496000,"State_Territory",3.35,"Low","2022-05-23","2026-03-14","SARS-CoV-2","2026-08-14 12:48"
"Georgia","Chattahoochee, Muscogee","ID:346",278000,"WastewaterSCAN",2.9,"Low","2022-09-26","2026-03-14","SARS-CoV-2","2026-08-14 12:48"
"Georgia","Newton","ID:347",22675,"State_Territory",1.55,"Very Low","2022-07-27","2026-03-14","SARS-CoV-2","2026-08-14 12:48"
"Georgia","Paulding","ID:348",19000,"State_Territory",3.08,"Low","2022-11-10","2026-03-14","SARS-CoV-2","2026-08-14 12:48"
"Georgia","Paulding","ID:349",14000,"State_Territory",11.64,"Very High","2022-05-22","2026-03-14","SARS-CoV-2","2026-08-14 12:48"
"Georgia","Richmond","ID:353",200000,"State_Territory",4.37,"Low","2022-07-25","2026-03-14","SARS-CoV-2","2026-08-14 12:48"
"Georgia","Peach","ID:2359",8008,"State_Territory",7.25,"Moderate","2024-10-09","2026-03-07","SARS-CoV-2","2026-08-14 12:48"
"Georgia","Cherokee, Fulton","ID:326",20000,"State_Territory, WastewaterSCAN",3.84,"Low","2022-08-08","2026-03-07","SARS-CoV-2","2026-08-14 12:48"
"Georgia","Clarke","ID:327",60000,"State_Territory",0.77,"Very Low","2022-06-26","2026-03-07","SARS-CoV-2","2026-08-14 12:48"
"Georgia","Clayton","ID:328",124000,"State_Territory",1.1,"Very Low","2023-05-18","2026-03-07","SARS-CoV-2","2026-08-14 12:48"
"Georgia","Cobb","ID:329",113079,"State_Territory",3.1,"Low","2022-11-13","2026-03-07","SARS-CoV-2","2026-08-14 12:48"
"Georgia","Douglas","ID:333",37256,"State_Territory",1.14,"Very Low","2023-07-17","2026-03-07","SARS-CoV-2","2026-08-14 12:48"
"Georgia","Floyd","ID:334",38111,"State_Territory",5.13,"Moderate","2023-02-20","2026-03-07","SARS-CoV-2","2026-08-14 12:48"
"Georgia","Fulton","ID:336",84486,"WastewaterSCAN",10.61,"High","2022-08-07","2026-03-07","SARS-CoV-2","2026-08-14 12:48"
"Georgia","Fulton","ID:337",189593,"WastewaterSCAN",1.66,"Very Low","2022-08-07","2026-03-07","SARS-CoV-2","2026-08-14 12:48"
"Georgia","Fulton","ID:338",190000,"WastewaterSCAN",3.35,"Low","2022-08-07","2026-03-07","SARS-CoV-2","2026-08-14 12:48"
"Georgia","Fulton","ID:339",600000,"WastewaterSCAN",2.56,"Very Low","2022-12-11","2026-03-07","SARS-CoV-2","2026-08-14 12:48"
"Georgia","Fulton","ID:340",105160,"WastewaterSCAN",2.34,"Very Low","2022-12-11","2026-03-07","SARS-CoV-2","2026-08-14 12:48"
"Georgia","Fulton","ID:341",70887,"WastewaterSCAN",2.41,"Very Low","2022-12-11","2026-03-07","SARS-CoV-2","2026-08-14 12:48"
"Georgia","Gwinnett","ID:342",496000,"State_Territory",3.71,"Low","2022-05-23","2026-03-07","SARS-CoV-2","2026-08-14 12:48"
"Georgia","Chattahoochee, Muscogee","ID:346",278000,"WastewaterSCAN",3.41,"Low","2022-09-26","2026-03-07","SARS-CoV-2","2026-08-14 12:48"
"Georgia","Newton","ID:347",22675,"State_Territory",2.16,"Very Low","2022-07-27","2026-03-07","SARS-CoV-2","2026-08-14 12:48"
"Georgia","Paulding","ID:348",19000,"State_Territory",6.74,"Moderate","2022-11-10","2026-03-07","SARS-CoV-2","2026-08-14 12:48"
"Georgia","Paulding","ID:349",14000,"State_Territory",6.31,"Moderate","2022-05-22","2026-03-07","SARS-CoV-2","2026-08-14 12:48"
"Georgia","Richmond","ID:353",200000,"State_Territory",5.21,"Moderate","2022-07-25","2026-03-07","SARS-CoV-2","2026-08-14 12:48"
"Georgia","Peach","ID:2359",8008,"State_Territory",1.54,"Very Low","2024-10-09","2026-02-28","SARS-CoV-2","2026-08-14 12:48"
"Georgia","Cherokee, Fulton","ID:326",20000,"State_Territory, WastewaterSCAN",2.77,"Low","2022-08-08","2026-02-28","SARS-CoV-2","2026-08-14 12:48"
"Georgia","Cobb","ID:329",113079,"State_Territory",1.48,"Very Low","2022-11-13","2026-02-28","SARS-CoV-2","2026-08-14 12:48"
"Georgia","Cobb","ID:330",304020,"State_Territory",1.04,"Very Low","2022-12-25","2026-02-28","SARS-CoV-2","2026-08-14 12:48"
"Georgia","Douglas","ID:333",37256,"State_Territory",1.61,"Very Low","2023-07-17","2026-02-28","SARS-CoV-2","2026-08-14 12:48"
"Georgia","Floyd","ID:334",38111,"State_Territory",3.38,"Low","2023-02-20","2026-02-28","SARS-CoV-2","2026-08-14 12:48"
"Georgia","Forsyth","ID:335",44000,"State_Territory",0.68,"Very Low","2022-12-25","2026-02-28","SARS-CoV-2","2026-08-14 12:48"
"Georgia","Fulton","ID:336",84486,"WastewaterSCAN",6.14,"Moderate","2022-08-07","2026-02-28","SARS-CoV-2","2026-08-14 12:48"
"Georgia","Fulton","ID:337",189593,"WastewaterSCAN",6.99,"Moderate","2022-08-07","2026-02-28","SARS-CoV-2","2026-08-14 12:48"
"Georgia","Fulton","ID:338",190000,"WastewaterSCAN",5.48,"Moderate","2022-08-07","2026-02-28","SARS-CoV-2","2026-08-14 12:48"
"Georgia","Fulton","ID:339",600000,"WastewaterSCAN",2.83,"Low","2022-12-11","2026-02-28","SARS-CoV-2","2026-08-14 12:48"
"Georgia","Fulton","ID:340",105160,"WastewaterSCAN",5.13,"Moderate","2022-12-11","2026-02-28","SARS-CoV-2","2026-08-14 12:48"
"Georgia","Fulton","ID:341",70887,"WastewaterSCAN",5.01,"Moderate","2022-12-11","2026-02-28","SARS-CoV-2","2026-08-14 12:48"
"Georgia","Gwinnett","ID:342",496000,"State_Territory",0.55,"Very Low","2022-05-23","2026-02-28","SARS-CoV-2","2026-08-14 12:48"
"Georgia","Chattahoochee, Muscogee","ID:346",278000,"WastewaterSCAN",3.91,"Low","2022-09-26","2026-02-28","SARS-CoV-2","2026-08-14 12:48"
"Georgia","Newton","ID:347",22675,"State_Territory",1.27,"Very Low","2022-07-27","2026-02-28","SARS-CoV-2","2026-08-14 12:48"
"Georgia","Paulding","ID:348",19000,"State_Territory",0.4,"Very Low","2022-11-10","2026-02-28","SARS-CoV-2","2026-08-14 12:48"
"Georgia","Paulding","ID:349",14000,"State_Territory",2.6,"Very Low","2022-05-22","2026-02-28","SARS-CoV-2","2026-08-14 12:48"
"Georgia","Richmond","ID:353",200000,"State_Territory",2.82,"Low","2022-07-25","2026-02-28","SARS-CoV-2","2026-08-14 12:48"
"Georgia","Peach","ID:2359",8008,"State_Territory",5.4,"Moderate","2024-10-09","2026-02-21","SARS-CoV-2","2026-08-14 12:48"
"Georgia","Cherokee, Fulton","ID:326",20000,"State_Territory, WastewaterSCAN",3.42,"Low","2022-08-08","2026-02-21","SARS-CoV-2","2026-08-14 12:48"
"Georgia","Clayton","ID:328",124000,"State_Territory",1.06,"Very Low","2023-05-18","2026-02-21","SARS-CoV-2","2026-08-14 12:48"
"Georgia","Cobb","ID:330",304020,"State_Territory",3.57,"Low","2022-12-25","2026-02-21","SARS-CoV-2","2026-08-14 12:48"
"Georgia","Douglas","ID:333",37256,"State_Territory",2.76,"Low","2023-07-17","2026-02-21","SARS-CoV-2","2026-08-14 12:48"
"Georgia","Floyd","ID:334",38111,"State_Territory",1,"Very Low","2023-02-20","2026-02-21","SARS-CoV-2","2026-08-14 12:48"
"Georgia","Forsyth","ID:335",44000,"State_Territory",1.11,"Very Low","2022-12-25","2026-02-21","SARS-CoV-2","2026-08-14 12:48"
"Georgia","Fulton","ID:336",84486,"WastewaterSCAN",3.85,"Low","2022-08-07","2026-02-21","SARS-CoV-2","2026-08-14 12:48"
"Georgia","Fulton","ID:337",189593,"WastewaterSCAN",11.4,"High","2022-08-07","2026-02-21","SARS-CoV-2","2026-08-14 12:48"
"Georgia","Fulton","ID:338",190000,"WastewaterSCAN",4.05,"Low","2022-08-07","2026-02-21","SARS-CoV-2","2026-08-14 12:48"
"Georgia","Fulton","ID:339",600000,"WastewaterSCAN",9.37,"High","2022-12-11","2026-02-21","SARS-CoV-2","2026-08-14 12:48"
"Georgia","Fulton","ID:340",105160,"WastewaterSCAN",2.99,"Low","2022-12-11","2026-02-21","SARS-CoV-2","2026-08-14 12:48"
"Georgia","Fulton","ID:341",70887,"WastewaterSCAN",6.3,"Moderate","2022-12-11","2026-02-21","SARS-CoV-2","2026-08-14 12:48"
"Georgia","Gwinnett","ID:342",496000,"State_Territory",3.98,"Low","2022-05-23","2026-02-21","SARS-CoV-2","2026-08-14 12:48"
"Georgia","Chattahoochee, Muscogee","ID:346",278000,"WastewaterSCAN",2.64,"Low","2022-09-26","2026-02-21","SARS-CoV-2","2026-08-14 12:48"
"Georgia","Newton","ID:347",22675,"State_Territory",1.72,"Very Low","2022-07-27","2026-02-21","SARS-CoV-2","2026-08-14 12:48"
"Georgia","Paulding","ID:348",19000,"State_Territory",1.88,"Very Low","2022-11-10","2026-02-21","SARS-CoV-2","2026-08-14 12:48"
"Georgia","Paulding","ID:349",14000,"State_Territory",4.27,"Low","2022-05-22","2026-02-21","SARS-CoV-2","2026-08-14 12:48"
"Georgia","Richmond","ID:353",200000,"State_Territory",6,"Moderate","2022-07-25","2026-02-21","SARS-CoV-2","2026-08-14 12:48"
"Georgia","Peach","ID:2359",8008,"State_Territory",11.02,"High","2024-10-09","2026-02-14","SARS-CoV-2","2026-08-14 12:48"
"Georgia","Cherokee, Fulton","ID:326",20000,"State_Territory, WastewaterSCAN",3.05,"Low","2022-08-08","2026-02-14","SARS-CoV-2","2026-08-14 12:48"
"Georgia","Cobb","ID:329",113079,"State_Territory",1.6,"Very Low","2022-11-13","2026-02-14","SARS-CoV-2","2026-08-14 12:48"
"Georgia","Cobb","ID:330",304020,"State_Territory",1.5,"Very Low","2022-12-25","2026-02-14","SARS-CoV-2","2026-08-14 12:48"
"Georgia","Douglas","ID:333",37256,"State_Territory",1.92,"Very Low","2023-07-17","2026-02-14","SARS-CoV-2","2026-08-14 12:48"
"Georgia","Floyd","ID:334",38111,"State_Territory",1,"Very Low","2023-02-20","2026-02-14","SARS-CoV-2","2026-08-14 12:48"
"Georgia","Fulton","ID:336",84486,"WastewaterSCAN",2.33,"Very Low","2022-08-07","2026-02-14","SARS-CoV-2","2026-08-14 12:48"
"Georgia","Fulton","ID:337",189593,"WastewaterSCAN",7.18,"Moderate","2022-08-07","2026-02-14","SARS-CoV-2","2026-08-14 12:48"
"Georgia","Fulton","ID:338",190000,"WastewaterSCAN",2.16,"Very Low","2022-08-07","2026-02-14","SARS-CoV-2","2026-08-14 12:48"
"Georgia","Fulton","ID:339",600000,"WastewaterSCAN",5.02,"Moderate","2022-12-11","2026-02-14","SARS-CoV-2","2026-08-14 12:48"
"Georgia","Fulton","ID:340",105160,"WastewaterSCAN",4.14,"Low","2022-12-11","2026-02-14","SARS-CoV-2","2026-08-14 12:48"
"Georgia","Fulton","ID:341",70887,"WastewaterSCAN",7.41,"Moderate","2022-12-11","2026-02-14","SARS-CoV-2","2026-08-14 12:48"
"Georgia","Gwinnett","ID:342",496000,"State_Territory",0.55,"Very Low","2022-05-23","2026-02-14","SARS-CoV-2","2026-08-14 12:48"
"Georgia","Chattahoochee, Muscogee","ID:346",278000,"WastewaterSCAN",5.45,"Moderate","2022-09-26","2026-02-14","SARS-CoV-2","2026-08-14 12:48"
"Georgia","Newton","ID:347",22675,"State_Territory",3.35,"Low","2022-07-27","2026-02-14","SARS-CoV-2","2026-08-14 12:48"
"Georgia","Paulding","ID:348",19000,"State_Territory",0.7,"Very Low","2022-11-10","2026-02-14","SARS-CoV-2","2026-08-14 12:48"
"Georgia","Paulding","ID:349",14000,"State_Territory",4.13,"Low","2022-05-22","2026-02-14","SARS-CoV-2","2026-08-14 12:48"
"Georgia","Richmond","ID:353",200000,"State_Territory",3.93,"Low","2022-07-25","2026-02-14","SARS-CoV-2","2026-08-14 12:48"
"Georgia","Peach","ID:2359",8008,"State_Territory",2.22,"Very Low","2024-10-09","2026-02-07","SARS-CoV-2","2026-08-14 12:48"
"Georgia","Cherokee, Fulton","ID:326",20000,"State_Territory, WastewaterSCAN",5.49,"Moderate","2022-08-08","2026-02-07","SARS-CoV-2","2026-08-14 12:48"
"Georgia","Clayton","ID:328",124000,"State_Territory",3.84,"Low","2023-05-18","2026-02-07","SARS-CoV-2","2026-08-14 12:48"
"Georgia","Cobb","ID:329",113079,"State_Territory",2.52,"Very Low","2022-11-13","2026-02-07","SARS-CoV-2","2026-08-14 12:48"
"Georgia","Cobb","ID:330",304020,"State_Territory",3.26,"Low","2022-12-25","2026-02-07","SARS-CoV-2","2026-08-14 12:48"
"Georgia","Douglas","ID:333",37256,"State_Territory",2.76,"Low","2023-07-17","2026-02-07","SARS-CoV-2","2026-08-14 12:48"
"Georgia","Floyd","ID:334",38111,"State_Territory",6.4,"Moderate","2023-02-20","2026-02-07","SARS-CoV-2","2026-08-14 12:48"
"Georgia","Forsyth","ID:335",44000,"State_Territory",1.71,"Very Low","2022-12-25","2026-02-07","SARS-CoV-2","2026-08-14 12:48"
"Georgia","Fulton","ID:336",84486,"WastewaterSCAN",1.59,"Very Low","2022-08-07","2026-02-07","SARS-CoV-2","2026-08-14 12:48"
"Georgia","Fulton","ID:337",189593,"WastewaterSCAN",7.46,"Moderate","2022-08-07","2026-02-07","SARS-CoV-2","2026-08-14 12:48"
"Georgia","Fulton","ID:338",190000,"WastewaterSCAN",2.84,"Low","2022-08-07","2026-02-07","SARS-CoV-2","2026-08-14 12:48"
"Georgia","Fulton","ID:339",600000,"WastewaterSCAN",4.5,"Low","2022-12-11","2026-02-07","SARS-CoV-2","2026-08-14 12:48"
"Georgia","Fulton","ID:340",105160,"WastewaterSCAN",2.74,"Low","2022-12-11","2026-02-07","SARS-CoV-2","2026-08-14 12:48"
"Georgia","Fulton","ID:341",70887,"WastewaterSCAN",2.76,"Low","2022-12-11","2026-02-07","SARS-CoV-2","2026-08-14 12:48"
"Georgia","Gwinnett","ID:342",496000,"State_Territory",0.55,"Very Low","2022-05-23","2026-02-07","SARS-CoV-2","2026-08-14 12:48"
"Georgia","Chattahoochee, Muscogee","ID:346",278000,"WastewaterSCAN",3.23,"Low","2022-09-26","2026-02-07","SARS-CoV-2","2026-08-14 12:48"
"Georgia","Newton","ID:347",22675,"State_Territory",1.35,"Very Low","2022-07-27","2026-02-07","SARS-CoV-2","2026-08-14 12:48"
"Georgia","Paulding","ID:348",19000,"State_Territory",0.87,"Very Low","2022-11-10","2026-02-07","SARS-CoV-2","2026-08-14 12:48"
"Georgia","Paulding","ID:349",14000,"State_Territory",4.21,"Low","2022-05-22","2026-02-07","SARS-CoV-2","2026-08-14 12:48"
"Georgia","Richmond","ID:353",200000,"State_Territory",4.78,"Low","2022-07-25","2026-02-07","SARS-CoV-2","2026-08-14 12:48"
"Georgia","Peach","ID:2359",8008,"State_Territory",2.02,"Very Low","2024-10-09","2026-01-31","SARS-CoV-2","2026-08-14 12:48"
"Georgia","Cherokee, Fulton","ID:326",20000,"State_Territory, WastewaterSCAN",8.36,"High","2022-08-08","2026-01-31","SARS-CoV-2","2026-08-14 12:48"
"Georgia","Douglas","ID:333",37256,"State_Territory",5.32,"Moderate","2023-07-17","2026-01-31","SARS-CoV-2","2026-08-14 12:48"
"Georgia","Floyd","ID:334",38111,"State_Territory",3.38,"Low","2023-02-20","2026-01-31","SARS-CoV-2","2026-08-14 12:48"
"Georgia","Fulton","ID:336",84486,"WastewaterSCAN",1.76,"Very Low","2022-08-07","2026-01-31","SARS-CoV-2","2026-08-14 12:48"
"Georgia","Fulton","ID:337",189593,"WastewaterSCAN",1.3,"Very Low","2022-08-07","2026-01-31","SARS-CoV-2","2026-08-14 12:48"
"Georgia","Fulton","ID:338",190000,"WastewaterSCAN",1.85,"Very Low","2022-08-07","2026-01-31","SARS-CoV-2","2026-08-14 12:48"
"Georgia","Fulton","ID:339",600000,"WastewaterSCAN",2.83,"Low","2022-12-11","2026-01-31","SARS-CoV-2","2026-08-14 12:48"
"Georgia","Fulton","ID:340",105160,"WastewaterSCAN",1.92,"Very Low","2022-12-11","2026-01-31","SARS-CoV-2","2026-08-14 12:48"
"Georgia","Fulton","ID:341",70887,"WastewaterSCAN",6.71,"Moderate","2022-12-11","2026-01-31","SARS-CoV-2","2026-08-14 12:48"
"Georgia","Gwinnett","ID:342",496000,"State_Territory",2.63,"Low","2022-05-23","2026-01-31","SARS-CoV-2","2026-08-14 12:48"
"Georgia","Chattahoochee, Muscogee","ID:346",278000,"WastewaterSCAN",9.19,"High","2022-09-26","2026-01-31","SARS-CoV-2","2026-08-14 12:48"
"Georgia","Newton","ID:347",22675,"State_Territory",4.84,"Low","2022-07-27","2026-01-31","SARS-CoV-2","2026-08-14 12:48"
"Georgia","Paulding","ID:348",19000,"State_Territory",2.36,"Very Low","2022-11-10","2026-01-31","SARS-CoV-2","2026-08-14 12:48"
"Georgia","Paulding","ID:349",14000,"State_Territory",6.94,"Moderate","2022-05-22","2026-01-31","SARS-CoV-2","2026-08-14 12:48"
"Georgia","Richmond","ID:353",200000,"State_Territory",2.72,"Low","2022-07-25","2026-01-31","SARS-CoV-2","2026-08-14 12:48"
"Georgia","Cherokee, Fulton","ID:326",20000,"State_Territory, WastewaterSCAN",2.31,"Very Low","2022-08-08","2026-01-24","SARS-CoV-2","2026-08-14 12:48"
"Georgia","Clarke","ID:327",60000,"State_Territory",0.77,"Very Low","2022-06-26","2026-01-24","SARS-CoV-2","2026-08-14 12:48"
"Georgia","Clayton","ID:328",124000,"State_Territory",1.44,"Very Low","2023-05-18","2026-01-24","SARS-CoV-2","2026-08-14 12:48"
"Georgia","Cobb","ID:329",113079,"State_Territory",1.3,"Very Low","2022-11-13","2026-01-24","SARS-CoV-2","2026-08-14 12:48"
"Georgia","Cobb","ID:330",304020,"State_Territory",0.58,"Very Low","2022-12-25","2026-01-24","SARS-CoV-2","2026-08-14 12:48"
"Georgia","Floyd","ID:334",38111,"State_Territory",4.14,"Low","2023-02-20","2026-01-24","SARS-CoV-2","2026-08-14 12:48"
"Georgia","Forsyth","ID:335",44000,"State_Territory",1.12,"Very Low","2022-12-25","2026-01-24","SARS-CoV-2","2026-08-14 12:48"
"Georgia","Fulton","ID:336",84486,"WastewaterSCAN",0.99,"Very Low","2022-08-07","2026-01-24","SARS-CoV-2","2026-08-14 12:48"
"Georgia","Fulton","ID:337",189593,"WastewaterSCAN",2.37,"Very Low","2022-08-07","2026-01-24","SARS-CoV-2","2026-08-14 12:48"
"Georgia","Fulton","ID:338",190000,"WastewaterSCAN",1.24,"Very Low","2022-08-07","2026-01-24","SARS-CoV-2","2026-08-14 12:48"
"Georgia","Fulton","ID:339",600000,"WastewaterSCAN",2.1,"Very Low","2022-12-11","2026-01-24","SARS-CoV-2","2026-08-14 12:48"
"Georgia","Fulton","ID:340",105160,"WastewaterSCAN",2.27,"Very Low","2022-12-11","2026-01-24","SARS-CoV-2","2026-08-14 12:48"
"Georgia","Fulton","ID:341",70887,"WastewaterSCAN",1.43,"Very Low","2022-12-11","2026-01-24","SARS-CoV-2","2026-08-14 12:48"
"Georgia","Gwinnett","ID:342",496000,"State_Territory",0.55,"Very Low","2022-05-23","2026-01-24","SARS-CoV-2","2026-08-14 12:48"
"Georgia","Chattahoochee, Muscogee","ID:346",278000,"WastewaterSCAN",1.98,"Very Low","2022-09-26","2026-01-24","SARS-CoV-2","2026-08-14 12:48"
"Georgia","Newton","ID:347",22675,"State_Territory",4.34,"Low","2022-07-27","2026-01-24","SARS-CoV-2","2026-08-14 12:48"
"Georgia","Richmond","ID:353",200000,"State_Territory",1.77,"Very Low","2022-07-25","2026-01-24","SARS-CoV-2","2026-08-14 12:48"
"Georgia","Peach","ID:2359",8008,"State_Territory",8.93,"High","2024-10-09","2026-01-17","SARS-CoV-2","2026-08-14 12:48"
"Georgia","Cherokee, Fulton","ID:326",20000,"State_Territory, WastewaterSCAN",3.09,"Low","2022-08-08","2026-01-17","SARS-CoV-2","2026-08-14 12:48"
"Georgia","Clarke","ID:327",60000,"State_Territory",0.77,"Very Low","2022-06-26","2026-01-17","SARS-CoV-2","2026-08-14 12:48"
"Georgia","Cobb","ID:329",113079,"State_Territory",0.81,"Very Low","2022-11-13","2026-01-17","SARS-CoV-2","2026-08-14 12:48"
"Georgia","Cobb","ID:330",304020,"State_Territory",0.58,"Very Low","2022-12-25","2026-01-17","SARS-CoV-2","2026-08-14 12:48"
"Georgia","Douglas","ID:333",37256,"State_Territory",1.67,"Very Low","2023-07-17","2026-01-17","SARS-CoV-2","2026-08-14 12:48"
"Georgia","Floyd","ID:334",38111,"State_Territory",24.13,"Very High","2023-02-20","2026-01-17","SARS-CoV-2","2026-08-14 12:48"
"Georgia","Fulton","ID:336",84486,"WastewaterSCAN",5.98,"Moderate","2022-08-07","2026-01-17","SARS-CoV-2","2026-08-14 12:48"
"Georgia","Fulton","ID:337",189593,"WastewaterSCAN",2.2,"Very Low","2022-08-07","2026-01-17","SARS-CoV-2","2026-08-14 12:48"
"Georgia","Fulton","ID:338",190000,"WastewaterSCAN",1.44,"Very Low","2022-08-07","2026-01-17","SARS-CoV-2","2026-08-14 12:48"
"Georgia","Fulton","ID:339",600000,"WastewaterSCAN",3,"Low","2022-12-11","2026-01-17","SARS-CoV-2","2026-08-14 12:48"
"Georgia","Fulton","ID:340",105160,"WastewaterSCAN",1.08,"Very Low","2022-12-11","2026-01-17","SARS-CoV-2","2026-08-14 12:48"
"Georgia","Fulton","ID:341",70887,"WastewaterSCAN",1.52,"Very Low","2022-12-11","2026-01-17","SARS-CoV-2","2026-08-14 12:48"
"Georgia","Gwinnett","ID:342",496000,"State_Territory",0.55,"Very Low","2022-05-23","2026-01-17","SARS-CoV-2","2026-08-14 12:48"
"Georgia","Chattahoochee, Muscogee","ID:346",278000,"WastewaterSCAN",2.01,"Very Low","2022-09-26","2026-01-17","SARS-CoV-2","2026-08-14 12:48"
"Georgia","Newton","ID:347",22675,"State_Territory",3.42,"Low","2022-07-27","2026-01-17","SARS-CoV-2","2026-08-14 12:48"
"Georgia","Paulding","ID:348",19000,"State_Territory",1.13,"Very Low","2022-11-10","2026-01-17","SARS-CoV-2","2026-08-14 12:48"
"Georgia","Paulding","ID:349",14000,"State_Territory",3.33,"Low","2022-05-22","2026-01-17","SARS-CoV-2","2026-08-14 12:48"
"Georgia","Richmond","ID:353",200000,"State_Territory",2.99,"Low","2022-07-25","2026-01-17","SARS-CoV-2","2026-08-14 12:48"
"Georgia","Peach","ID:2359",8008,"State_Territory",4.86,"Low","2024-10-09","2026-01-10","SARS-CoV-2","2026-08-14 12:48"
"Georgia","Cherokee, Fulton","ID:326",20000,"State_Territory, WastewaterSCAN",8.37,"High","2022-08-08","2026-01-10","SARS-CoV-2","2026-08-14 12:48"
"Georgia","Clarke","ID:327",60000,"State_Territory",6.48,"Moderate","2022-06-26","2026-01-10","SARS-CoV-2","2026-08-14 12:48"
"Georgia","Clayton","ID:328",124000,"State_Territory",3.04,"Low","2023-05-18","2026-01-10","SARS-CoV-2","2026-08-14 12:48"
"Georgia","Cobb","ID:329",113079,"State_Territory",0.55,"Very Low","2022-11-13","2026-01-10","SARS-CoV-2","2026-08-14 12:48"
"Georgia","Cobb","ID:330",304020,"State_Territory",2.11,"Very Low","2022-12-25","2026-01-10","SARS-CoV-2","2026-08-14 12:48"
"Georgia","Douglas","ID:333",37256,"State_Territory",4.19,"Low","2023-07-17","2026-01-10","SARS-CoV-2","2026-08-14 12:48"
"Georgia","Floyd","ID:334",38111,"State_Territory",5.16,"Moderate","2023-02-20","2026-01-10","SARS-CoV-2","2026-08-14 12:48"
"Georgia","Forsyth","ID:335",44000,"State_Territory",1.96,"Very Low","2022-12-25","2026-01-10","SARS-CoV-2","2026-08-14 12:48"
"Georgia","Fulton","ID:336",84486,"WastewaterSCAN",2.33,"Very Low","2022-08-07","2026-01-10","SARS-CoV-2","2026-08-14 12:48"
"Georgia","Fulton","ID:337",189593,"WastewaterSCAN",4.01,"Low","2022-08-07","2026-01-10","SARS-CoV-2","2026-08-14 12:48"
"Georgia","Fulton","ID:338",190000,"WastewaterSCAN",2.64,"Low","2022-08-07","2026-01-10","SARS-CoV-2","2026-08-14 12:48"
"Georgia","Fulton","ID:339",600000,"WastewaterSCAN",3.5,"Low","2022-12-11","2026-01-10","SARS-CoV-2","2026-08-14 12:48"
"Georgia","Fulton","ID:340",105160,"WastewaterSCAN",2.48,"Very Low","2022-12-11","2026-01-10","SARS-CoV-2","2026-08-14 12:48"
"Georgia","Fulton","ID:341",70887,"WastewaterSCAN",9.61,"High","2022-12-11","2026-01-10","SARS-CoV-2","2026-08-14 12:48"
"Georgia","Gwinnett","ID:342",496000,"State_Territory",4.14,"Low","2022-05-23","2026-01-10","SARS-CoV-2","2026-08-14 12:48"
"Georgia","Chattahoochee, Muscogee","ID:346",278000,"WastewaterSCAN",11.91,"Very High","2022-09-26","2026-01-10","SARS-CoV-2","2026-08-14 12:48"
"Georgia","Newton","ID:347",22675,"State_Territory",3.05,"Low","2022-07-27","2026-01-10","SARS-CoV-2","2026-08-14 12:48"
"Georgia","Paulding","ID:348",19000,"State_Territory",1.6,"Very Low","2022-11-10","2026-01-10","SARS-CoV-2","2026-08-14 12:48"
"Georgia","Paulding","ID:349",14000,"State_Territory",2.63,"Low","2022-05-22","2026-01-10","SARS-CoV-2","2026-08-14 12:48"
"Georgia","Richmond","ID:353",200000,"State_Territory",2.65,"Low","2022-07-25","2026-01-10","SARS-CoV-2","2026-08-14 12:48"
"Georgia","Cherokee, Fulton","ID:326",20000,"State_Territory, WastewaterSCAN",3.89,"Low","2022-08-08","2026-01-03","SARS-CoV-2","2026-08-14 12:48"
"Georgia","Cobb","ID:329",113079,"State_Territory",2.85,"Low","2022-11-13","2026-01-03","SARS-CoV-2","2026-08-14 12:48"
"Georgia","Cobb","ID:330",304020,"State_Territory",2.8,"Low","2022-12-25","2026-01-03","SARS-CoV-2","2026-08-14 12:48"
"Georgia","Douglas","ID:333",37256,"State_Territory",3.5,"Low","2023-07-17","2026-01-03","SARS-CoV-2","2026-08-14 12:48"
"Georgia","Floyd","ID:334",38111,"State_Territory",7.56,"Moderate","2023-02-20","2026-01-03","SARS-CoV-2","2026-08-14 12:48"
"Georgia","Forsyth","ID:335",44000,"State_Territory",1.11,"Very Low","2022-12-25","2026-01-03","SARS-CoV-2","2026-08-14 12:48"
"Georgia","Fulton","ID:336",84486,"WastewaterSCAN",2.35,"Very Low","2022-08-07","2026-01-03","SARS-CoV-2","2026-08-14 12:48"
"Georgia","Fulton","ID:337",189593,"WastewaterSCAN",1.84,"Very Low","2022-08-07","2026-01-03","SARS-CoV-2","2026-08-14 12:48"
"Georgia","Fulton","ID:338",190000,"WastewaterSCAN",2.84,"Low","2022-08-07","2026-01-03","SARS-CoV-2","2026-08-14 12:48"
"Georgia","Fulton","ID:339",600000,"WastewaterSCAN",4.41,"Low","2022-12-11","2026-01-03","SARS-CoV-2","2026-08-14 12:48"
"Georgia","Fulton","ID:340",105160,"WastewaterSCAN",3.86,"Low","2022-12-11","2026-01-03","SARS-CoV-2","2026-08-14 12:48"
"Georgia","Fulton","ID:341",70887,"WastewaterSCAN",3.68,"Low","2022-12-11","2026-01-03","SARS-CoV-2","2026-08-14 12:48"
"Georgia","Gwinnett","ID:342",496000,"State_Territory",1.66,"Very Low","2022-05-23","2026-01-03","SARS-CoV-2","2026-08-14 12:48"
"Georgia","Chattahoochee, Muscogee","ID:346",278000,"WastewaterSCAN",4.07,"Low","2022-09-26","2026-01-03","SARS-CoV-2","2026-08-14 12:48"
"Georgia","Newton","ID:347",22675,"State_Territory",3.05,"Low","2022-07-27","2026-01-03","SARS-CoV-2","2026-08-14 12:48"
"Georgia","Paulding","ID:348",19000,"State_Territory",4.64,"Low","2022-11-10","2026-01-03","SARS-CoV-2","2026-08-14 12:48"
"Georgia","Paulding","ID:349",14000,"State_Territory",1,"Very Low","2022-05-22","2026-01-03","SARS-CoV-2","2026-08-14 12:48"
"Georgia","Richmond","ID:353",200000,"State_Territory",5.9,"Moderate","2022-07-25","2026-01-03","SARS-CoV-2","2026-08-14 12:48"
"Georgia","Peach","ID:2359",8008,"State_Territory",10.49,"High","2024-10-09","2025-12-27","SARS-CoV-2","2026-08-14 12:48"
"Georgia","Cherokee, Fulton","ID:326",20000,"State_Territory, WastewaterSCAN",3.35,"Low","2022-08-08","2025-12-27","SARS-CoV-2","2026-08-14 12:48"
"Georgia","Clayton","ID:328",124000,"State_Territory",2.45,"Very Low","2023-05-18","2025-12-27","SARS-CoV-2","2026-08-14 12:48"
"Georgia","Cobb","ID:329",113079,"State_Territory",1.12,"Very Low","2022-11-13","2025-12-27","SARS-CoV-2","2026-08-14 12:48"
"Georgia","Cobb","ID:330",304020,"State_Territory",3.06,"Low","2022-12-25","2025-12-27","SARS-CoV-2","2026-08-14 12:48"
"Georgia","Douglas","ID:333",37256,"State_Territory",2.99,"Low","2023-07-17","2025-12-27","SARS-CoV-2","2026-08-14 12:48"
"Georgia","Forsyth","ID:335",44000,"State_Territory",1.11,"Very Low","2022-12-25","2025-12-27","SARS-CoV-2","2026-08-14 12:48"
"Georgia","Fulton","ID:336",84486,"WastewaterSCAN",2.76,"Low","2022-08-07","2025-12-27","SARS-CoV-2","2026-08-14 12:48"
"Georgia","Fulton","ID:337",189593,"WastewaterSCAN",7.13,"Moderate","2022-08-07","2025-12-27","SARS-CoV-2","2026-08-14 12:48"
"Georgia","Fulton","ID:338",190000,"WastewaterSCAN",4.42,"Low","2022-08-07","2025-12-27","SARS-CoV-2","2026-08-14 12:48"
"Georgia","Fulton","ID:339",600000,"WastewaterSCAN",4.7,"Low","2022-12-11","2025-12-27","SARS-CoV-2","2026-08-14 12:48"
"Georgia","Fulton","ID:340",105160,"WastewaterSCAN",3.15,"Low","2022-12-11","2025-12-27","SARS-CoV-2","2026-08-14 12:48"
"Georgia","Fulton","ID:341",70887,"WastewaterSCAN",2.87,"Low","2022-12-11","2025-12-27","SARS-CoV-2","2026-08-14 12:48"
"Georgia","Gwinnett","ID:342",496000,"State_Territory",2.3,"Very Low","2022-05-23","2025-12-27","SARS-CoV-2","2026-08-14 12:48"
"Georgia","Chattahoochee, Muscogee","ID:346",278000,"WastewaterSCAN",4.02,"Low","2022-09-26","2025-12-27","SARS-CoV-2","2026-08-14 12:48"
"Georgia","Newton","ID:347",22675,"State_Territory",4.23,"Low","2022-07-27","2025-12-27","SARS-CoV-2","2026-08-14 12:48"
"Georgia","Paulding","ID:348",19000,"State_Territory",3.57,"Low","2022-11-10","2025-12-27","SARS-CoV-2","2026-08-14 12:48"
"Georgia","Paulding","ID:349",14000,"State_Territory",5.07,"Moderate","2022-05-22","2025-12-27","SARS-CoV-2","2026-08-14 12:48"
"Georgia","Richmond","ID:353",200000,"State_Territory",7.06,"Moderate","2022-07-25","2025-12-27","SARS-CoV-2","2026-08-14 12:48"
"Georgia","Peach","ID:2359",8008,"State_Territory",4.02,"Low","2024-10-09","2025-12-20","SARS-CoV-2","2026-08-14 12:48"
"Georgia","Cherokee, Fulton","ID:326",20000,"State_Territory, WastewaterSCAN",2.19,"Very Low","2022-08-08","2025-12-20","SARS-CoV-2","2026-08-14 12:48"
"Georgia","Cobb","ID:329",113079,"State_Territory",1.63,"Very Low","2022-11-13","2025-12-20","SARS-CoV-2","2026-08-14 12:48"
"Georgia","Cobb","ID:330",304020,"State_Territory",0.58,"Very Low","2022-12-25","2025-12-20","SARS-CoV-2","2026-08-14 12:48"
"Georgia","Douglas","ID:333",37256,"State_Territory",2.55,"Very Low","2023-07-17","2025-12-20","SARS-CoV-2","2026-08-14 12:48"
"Georgia","Floyd","ID:334",38111,"State_Territory",1,"Very Low","2023-02-20","2025-12-20","SARS-CoV-2","2026-08-14 12:48"
"Georgia","Forsyth","ID:335",44000,"State_Territory",4.31,"Low","2022-12-25","2025-12-20","SARS-CoV-2","2026-08-14 12:48"
"Georgia","Fulton","ID:336",84486,"WastewaterSCAN",3.27,"Low","2022-08-07","2025-12-20","SARS-CoV-2","2026-08-14 12:48"
"Georgia","Fulton","ID:337",189593,"WastewaterSCAN",3.15,"Low","2022-08-07","2025-12-20","SARS-CoV-2","2026-08-14 12:48"
"Georgia","Fulton","ID:338",190000,"WastewaterSCAN",2.13,"Very Low","2022-08-07","2025-12-20","SARS-CoV-2","2026-08-14 12:48"
"Georgia","Fulton","ID:339",600000,"WastewaterSCAN",2.28,"Very Low","2022-12-11","2025-12-20","SARS-CoV-2","2026-08-14 12:48"
"Georgia","Fulton","ID:340",105160,"WastewaterSCAN",3.11,"Low","2022-12-11","2025-12-20","SARS-CoV-2","2026-08-14 12:48"
"Georgia","Fulton","ID:341",70887,"WastewaterSCAN",1.87,"Very Low","2022-12-11","2025-12-20","SARS-CoV-2","2026-08-14 12:48"
"Georgia","Chattahoochee, Muscogee","ID:346",278000,"WastewaterSCAN",6.29,"Moderate","2022-09-26","2025-12-20","SARS-CoV-2","2026-08-14 12:48"
"Georgia","Newton","ID:347",22675,"State_Territory",1.79,"Very Low","2022-07-27","2025-12-20","SARS-CoV-2","2026-08-14 12:48"
"Georgia","Paulding","ID:348",19000,"State_Territory",2.57,"Very Low","2022-11-10","2025-12-20","SARS-CoV-2","2026-08-14 12:48"
"Georgia","Paulding","ID:349",14000,"State_Territory",8.86,"High","2022-05-22","2025-12-20","SARS-CoV-2","2026-08-14 12:48"
"Georgia","Richmond","ID:353",200000,"State_Territory",2.52,"Very Low","2022-07-25","2025-12-20","SARS-CoV-2","2026-08-14 12:48"
"Georgia","Peach","ID:2359",8008,"State_Territory",9,"High","2024-10-09","2025-12-13","SARS-CoV-2","2026-08-14 12:48"
"Georgia","Cherokee, Fulton","ID:326",20000,"State_Territory, WastewaterSCAN",5.38,"Moderate","2022-08-08","2025-12-13","SARS-CoV-2","2026-08-14 12:48"
"Georgia","Clarke","ID:327",60000,"State_Territory",0.77,"Very Low","2022-06-26","2025-12-13","SARS-CoV-2","2026-08-14 12:48"
"Georgia","Clayton","ID:328",124000,"State_Territory",0.55,"Very Low","2023-05-18","2025-12-13","SARS-CoV-2","2026-08-14 12:48"
"Georgia","Cobb","ID:329",113079,"State_Territory",0.97,"Very Low","2022-11-13","2025-12-13","SARS-CoV-2","2026-08-14 12:48"
"Georgia","Cobb","ID:330",304020,"State_Territory",1.07,"Very Low","2022-12-25","2025-12-13","SARS-CoV-2","2026-08-14 12:48"
"Georgia","Douglas","ID:333",37256,"State_Territory",0.71,"Very Low","2023-07-17","2025-12-13","SARS-CoV-2","2026-08-14 12:48"
"Georgia","Floyd","ID:334",38111,"State_Territory",2.55,"Very Low","2023-02-20","2025-12-13","SARS-CoV-2","2026-08-14 12:48"
"Georgia","Forsyth","ID:335",44000,"State_Territory",2.17,"Very Low","2022-12-25","2025-12-13","SARS-CoV-2","2026-08-14 12:48"
"Georgia","Fulton","ID:336",84486,"WastewaterSCAN",4.84,"Low","2022-08-07","2025-12-13","SARS-CoV-2","2026-08-14 12:48"
"Georgia","Fulton","ID:337",189593,"WastewaterSCAN",2.07,"Very Low","2022-08-07","2025-12-13","SARS-CoV-2","2026-08-14 12:48"
"Georgia","Fulton","ID:338",190000,"WastewaterSCAN",0.81,"Very Low","2022-08-07","2025-12-13","SARS-CoV-2","2026-08-14 12:48"
"Georgia","Fulton","ID:339",600000,"WastewaterSCAN",2.64,"Low","2022-12-11","2025-12-13","SARS-CoV-2","2026-08-14 12:48"
"Georgia","Fulton","ID:340",105160,"WastewaterSCAN",0.52,"Very Low","2022-12-11","2025-12-13","SARS-CoV-2","2026-08-14 12:48"
"Georgia","Fulton","ID:341",70887,"WastewaterSCAN",2.81,"Low","2022-12-11","2025-12-13","SARS-CoV-2","2026-08-14 12:48"
"Georgia","Gwinnett","ID:342",496000,"State_Territory",2.75,"Low","2022-05-23","2025-12-13","SARS-CoV-2","2026-08-14 12:48"
"Georgia","Chattahoochee, Muscogee","ID:346",278000,"WastewaterSCAN",2.18,"Very Low","2022-09-26","2025-12-13","SARS-CoV-2","2026-08-14 12:48"
"Georgia","Newton","ID:347",22675,"State_Territory",1.32,"Very Low","2022-07-27","2025-12-13","SARS-CoV-2","2026-08-14 12:48"
"Georgia","Paulding","ID:348",19000,"State_Territory",2.85,"Low","2022-11-10","2025-12-13","SARS-CoV-2","2026-08-14 12:48"
"Georgia","Paulding","ID:349",14000,"State_Territory",1,"Very Low","2022-05-22","2025-12-13","SARS-CoV-2","2026-08-14 12:48"
"Georgia","Richmond","ID:353",200000,"State_Territory",1.82,"Very Low","2022-07-25","2025-12-13","SARS-CoV-2","2026-08-14 12:48"
"Georgia","Cherokee, Fulton","ID:326",20000,"State_Territory, WastewaterSCAN",1.39,"Very Low","2022-08-08","2025-12-06","SARS-CoV-2","2026-08-14 12:48"
"Georgia","Clarke","ID:327",60000,"State_Territory",1.7,"Very Low","2022-06-26","2025-12-06","SARS-CoV-2","2026-08-14 12:48"
"Georgia","Cobb","ID:329",113079,"State_Territory",0.71,"Very Low","2022-11-13","2025-12-06","SARS-CoV-2","2026-08-14 12:48"
"Georgia","Cobb","ID:330",304020,"State_Territory",1.06,"Very Low","2022-12-25","2025-12-06","SARS-CoV-2","2026-08-14 12:48"
"Georgia","Douglas","ID:333",37256,"State_Territory",1.59,"Very Low","2023-07-17","2025-12-06","SARS-CoV-2","2026-08-14 12:48"
"Georgia","Floyd","ID:334",38111,"State_Territory",5.6,"Moderate","2023-02-20","2025-12-06","SARS-CoV-2","2026-08-14 12:48"
"Georgia","Forsyth","ID:335",44000,"State_Territory",2.16,"Very Low","2022-12-25","2025-12-06","SARS-CoV-2","2026-08-14 12:48"
"Georgia","Fulton","ID:336",84486,"WastewaterSCAN",1.99,"Very Low","2022-08-07","2025-12-06","SARS-CoV-2","2026-08-14 12:48"
"Georgia","Fulton","ID:337",189593,"WastewaterSCAN",1.8,"Very Low","2022-08-07","2025-12-06","SARS-CoV-2","2026-08-14 12:48"
"Georgia","Fulton","ID:338",190000,"WastewaterSCAN",0.31,"Very Low","2022-08-07","2025-12-06","SARS-CoV-2","2026-08-14 12:48"
"Georgia","Fulton","ID:339",600000,"WastewaterSCAN",0.97,"Very Low","2022-12-11","2025-12-06","SARS-CoV-2","2026-08-14 12:48"
"Georgia","Fulton","ID:340",105160,"WastewaterSCAN",2.9,"Low","2022-12-11","2025-12-06","SARS-CoV-2","2026-08-14 12:48"
"Georgia","Fulton","ID:341",70887,"WastewaterSCAN",1.09,"Very Low","2022-12-11","2025-12-06","SARS-CoV-2","2026-08-14 12:48"
"Georgia","Gwinnett","ID:342",496000,"State_Territory",0.99,"Very Low","2022-05-23","2025-12-06","SARS-CoV-2","2026-08-14 12:48"
"Georgia","Chattahoochee, Muscogee","ID:346",278000,"WastewaterSCAN",1.45,"Very Low","2022-09-26","2025-12-06","SARS-CoV-2","2026-08-14 12:48"
"Georgia","Newton","ID:347",22675,"State_Territory",0.92,"Very Low","2022-07-27","2025-12-06","SARS-CoV-2","2026-08-14 12:48"
"Georgia","Paulding","ID:348",19000,"State_Territory",0.7,"Very Low","2022-11-10","2025-12-06","SARS-CoV-2","2026-08-14 12:48"
"Georgia","Paulding","ID:349",14000,"State_Territory",3.03,"Low","2022-05-22","2025-12-06","SARS-CoV-2","2026-08-14 12:48"
"Georgia","Richmond","ID:353",200000,"State_Territory",1.57,"Very Low","2022-07-25","2025-12-06","SARS-CoV-2","2026-08-14 12:48"
"Georgia","Peach","ID:2359",8008,"State_Territory",1.8,"Very Low","2024-10-09","2025-11-29","SARS-CoV-2","2026-08-14 12:48"
"Georgia","Cherokee, Fulton","ID:326",20000,"State_Territory, WastewaterSCAN",2.44,"Very Low","2022-08-08","2025-11-29","SARS-CoV-2","2026-08-14 12:48"
"Georgia","Clarke","ID:327",60000,"State_Territory",2.3,"Very Low","2022-06-26","2025-11-29","SARS-CoV-2","2026-08-14 12:48"
"Georgia","Clayton","ID:328",124000,"State_Territory",3.32,"Low","2023-05-18","2025-11-29","SARS-CoV-2","2026-08-14 12:48"
"Georgia","Cobb","ID:329",113079,"State_Territory",1.9,"Very Low","2022-11-13","2025-11-29","SARS-CoV-2","2026-08-14 12:48"
"Georgia","Cobb","ID:330",304020,"State_Territory",1.98,"Very Low","2022-12-25","2025-11-29","SARS-CoV-2","2026-08-14 12:48"
"Georgia","Douglas","ID:333",37256,"State_Territory",1,"Very Low","2023-07-17","2025-11-29","SARS-CoV-2","2026-08-14 12:48"
"Georgia","Floyd","ID:334",38111,"State_Territory",6.69,"Moderate","2023-02-20","2025-11-29","SARS-CoV-2","2026-08-14 12:48"
"Georgia","Forsyth","ID:335",44000,"State_Territory",3.05,"Low","2022-12-25","2025-11-29","SARS-CoV-2","2026-08-14 12:48"
"Georgia","Fulton","ID:336",84486,"WastewaterSCAN",0.9,"Very Low","2022-08-07","2025-11-29","SARS-CoV-2","2026-08-14 12:48"
"Georgia","Fulton","ID:337",189593,"WastewaterSCAN",1.08,"Very Low","2022-08-07","2025-11-29","SARS-CoV-2","2026-08-14 12:48"
"Georgia","Fulton","ID:338",190000,"WastewaterSCAN",2.21,"Very Low","2022-08-07","2025-11-29","SARS-CoV-2","2026-08-14 12:48"
"Georgia","Fulton","ID:339",600000,"WastewaterSCAN",2.12,"Very Low","2022-12-11","2025-11-29","SARS-CoV-2","2026-08-14 12:48"
"Georgia","Fulton","ID:340",105160,"WastewaterSCAN",2.1,"Very Low","2022-12-11","2025-11-29","SARS-CoV-2","2026-08-14 12:48"
"Georgia","Fulton","ID:341",70887,"WastewaterSCAN",1.51,"Very Low","2022-12-11","2025-11-29","SARS-CoV-2","2026-08-14 12:48"
"Georgia","Gwinnett","ID:342",496000,"State_Territory",1.43,"Very Low","2022-05-23","2025-11-29","SARS-CoV-2","2026-08-14 12:48"
"Georgia","Chattahoochee, Muscogee","ID:346",278000,"WastewaterSCAN",1.06,"Very Low","2022-09-26","2025-11-29","SARS-CoV-2","2026-08-14 12:48"
"Georgia","Newton","ID:347",22675,"State_Territory",1.34,"Very Low","2022-07-27","2025-11-29","SARS-CoV-2","2026-08-14 12:48"
"Georgia","Paulding","ID:348",19000,"State_Territory",1.01,"Very Low","2022-11-10","2025-11-29","SARS-CoV-2","2026-08-14 12:48"
"Georgia","Paulding","ID:349",14000,"State_Territory",1,"Very Low","2022-05-22","2025-11-29","SARS-CoV-2","2026-08-14 12:48"
"Georgia","Richmond","ID:353",200000,"State_Territory",4.14,"Low","2022-07-25","2025-11-29","SARS-CoV-2","2026-08-14 12:48"
"Georgia","Peach","ID:2359",8008,"State_Territory",9.12,"High","2024-10-09","2025-11-22","SARS-CoV-2","2026-08-14 12:48"
"Georgia","Cherokee, Fulton","ID:326",20000,"State_Territory, WastewaterSCAN",1.34,"Very Low","2022-08-08","2025-11-22","SARS-CoV-2","2026-08-14 12:48"
"Georgia","Clarke","ID:327",60000,"State_Territory",0.77,"Very Low","2022-06-26","2025-11-22","SARS-CoV-2","2026-08-14 12:48"
"Georgia","Cobb","ID:329",113079,"State_Territory",5.52,"Moderate","2022-11-13","2025-11-22","SARS-CoV-2","2026-08-14 12:48"
"Georgia","Cobb","ID:330",304020,"State_Territory",4.48,"Low","2022-12-25","2025-11-22","SARS-CoV-2","2026-08-14 12:48"
"Georgia","Douglas","ID:333",37256,"State_Territory",2.63,"Low","2023-07-17","2025-11-22","SARS-CoV-2","2026-08-14 12:48"
"Georgia","Floyd","ID:334",38111,"State_Territory",6.11,"Moderate","2023-02-20","2025-11-22","SARS-CoV-2","2026-08-14 12:48"
"Georgia","Forsyth","ID:335",44000,"State_Territory",0.99,"Very Low","2022-12-25","2025-11-22","SARS-CoV-2","2026-08-14 12:48"
"Georgia","Fulton","ID:336",84486,"WastewaterSCAN",0.98,"Very Low","2022-08-07","2025-11-22","SARS-CoV-2","2026-08-14 12:48"
"Georgia","Fulton","ID:337",189593,"WastewaterSCAN",1.03,"Very Low","2022-08-07","2025-11-22","SARS-CoV-2","2026-08-14 12:48"
"Georgia","Fulton","ID:338",190000,"WastewaterSCAN",1.05,"Very Low","2022-08-07","2025-11-22","SARS-CoV-2","2026-08-14 12:48"
"Georgia","Fulton","ID:339",600000,"WastewaterSCAN",1.42,"Very Low","2022-12-11","2025-11-22","SARS-CoV-2","2026-08-14 12:48"
"Georgia","Fulton","ID:340",105160,"WastewaterSCAN",0.24,"Very Low","2022-12-11","2025-11-22","SARS-CoV-2","2026-08-14 12:48"
"Georgia","Fulton","ID:341",70887,"WastewaterSCAN",2.05,"Very Low","2022-12-11","2025-11-22","SARS-CoV-2","2026-08-14 12:48"
"Georgia","Gwinnett","ID:342",496000,"State_Territory",0.55,"Very Low","2022-05-23","2025-11-22","SARS-CoV-2","2026-08-14 12:48"
"Georgia","Chattahoochee, Muscogee","ID:346",278000,"WastewaterSCAN",2.28,"Very Low","2022-09-26","2025-11-22","SARS-CoV-2","2026-08-14 12:48"
"Georgia","Newton","ID:347",22675,"State_Territory",4.37,"Low","2022-07-27","2025-11-22","SARS-CoV-2","2026-08-14 12:48"
"Georgia","Paulding","ID:348",19000,"State_Territory",1.57,"Very Low","2022-11-10","2025-11-22","SARS-CoV-2","2026-08-14 12:48"
"Georgia","Paulding","ID:349",14000,"State_Territory",1.8,"Very Low","2022-05-22","2025-11-22","SARS-CoV-2","2026-08-14 12:48"
"Georgia","Richmond","ID:353",200000,"State_Territory",2.08,"Very Low","2022-07-25","2025-11-22","SARS-CoV-2","2026-08-14 12:48"
"Georgia","Peach","ID:2359",8008,"State_Territory",11.88,"Very High","2024-10-09","2025-11-15","SARS-CoV-2","2026-08-14 12:48"
"Georgia","Cherokee, Fulton","ID:326",20000,"State_Territory, WastewaterSCAN",0.76,"Very Low","2022-08-08","2025-11-15","SARS-CoV-2","2026-08-14 12:48"
"Georgia","Cobb","ID:330",304020,"State_Territory",1.97,"Very Low","2022-12-25","2025-11-15","SARS-CoV-2","2026-08-14 12:48"
"Georgia","Douglas","ID:333",37256,"State_Territory",2.04,"Very Low","2023-07-17","2025-11-15","SARS-CoV-2","2026-08-14 12:48"
"Georgia","Floyd","ID:334",38111,"State_Territory",1,"Very Low","2023-02-20","2025-11-15","SARS-CoV-2","2026-08-14 12:48"
"Georgia","Forsyth","ID:335",44000,"State_Territory",0.79,"Very Low","2022-12-25","2025-11-15","SARS-CoV-2","2026-08-14 12:48"
"Georgia","Fulton","ID:336",84486,"WastewaterSCAN",1.19,"Very Low","2022-08-07","2025-11-15","SARS-CoV-2","2026-08-14 12:48"
"Georgia","Fulton","ID:337",189593,"WastewaterSCAN",0.98,"Very Low","2022-08-07","2025-11-15","SARS-CoV-2","2026-08-14 12:48"
"Georgia","Fulton","ID:338",190000,"WastewaterSCAN",1.56,"Very Low","2022-08-07","2025-11-15","SARS-CoV-2","2026-08-14 12:48"
"Georgia","Fulton","ID:339",600000,"WastewaterSCAN",0.33,"Very Low","2022-12-11","2025-11-15","SARS-CoV-2","2026-08-14 12:48"
"Georgia","Fulton","ID:340",105160,"WastewaterSCAN",1.78,"Very Low","2022-12-11","2025-11-15","SARS-CoV-2","2026-08-14 12:48"
"Georgia","Fulton","ID:341",70887,"WastewaterSCAN",1.03,"Very Low","2022-12-11","2025-11-15","SARS-CoV-2","2026-08-14 12:48"
"Georgia","Gwinnett","ID:342",496000,"State_Territory",1.87,"Very Low","2022-05-23","2025-11-15","SARS-CoV-2","2026-08-14 12:48"
"Georgia","Chattahoochee, Muscogee","ID:346",278000,"WastewaterSCAN",1.11,"Very Low","2022-09-26","2025-11-15","SARS-CoV-2","2026-08-14 12:48"
"Georgia","Newton","ID:347",22675,"State_Territory",1.67,"Very Low","2022-07-27","2025-11-15","SARS-CoV-2","2026-08-14 12:48"
"Georgia","Paulding","ID:348",19000,"State_Territory",2.23,"Very Low","2022-11-10","2025-11-15","SARS-CoV-2","2026-08-14 12:48"
"Georgia","Paulding","ID:349",14000,"State_Territory",3.66,"Low","2022-05-22","2025-11-15","SARS-CoV-2","2026-08-14 12:48"
"Georgia","Richmond","ID:353",200000,"State_Territory",1.76,"Very Low","2022-07-25","2025-11-15","SARS-CoV-2","2026-08-14 12:48"
"Georgia","Peach","ID:2359",8008,"State_Territory",16.3,"Very High","2024-10-09","2025-11-08","SARS-CoV-2","2026-08-14 12:48"
"Georgia","Cherokee, Fulton","ID:326",20000,"State_Territory, WastewaterSCAN",3.96,"Low","2022-08-08","2025-11-08","SARS-CoV-2","2026-08-14 12:48"
"Georgia","Cobb","ID:329",113079,"State_Territory",1.34,"Very Low","2022-11-13","2025-11-08","SARS-CoV-2","2026-08-14 12:48"
"Georgia","Cobb","ID:330",304020,"State_Territory",1.04,"Very Low","2022-12-25","2025-11-08","SARS-CoV-2","2026-08-14 12:48"
"Georgia","Douglas","ID:333",37256,"State_Territory",1.13,"Very Low","2023-07-17","2025-11-08","SARS-CoV-2","2026-08-14 12:48"
"Georgia","Floyd","ID:334",38111,"State_Territory",1.35,"Very Low","2023-02-20","2025-11-08","SARS-CoV-2","2026-08-14 12:48"
"Georgia","Forsyth","ID:335",44000,"State_Territory",0.57,"Very Low","2022-12-25","2025-11-08","SARS-CoV-2","2026-08-14 12:48"
"Georgia","Fulton","ID:336",84486,"WastewaterSCAN",1.3,"Very Low","2022-08-07","2025-11-08","SARS-CoV-2","2026-08-14 12:48"
"Georgia","Fulton","ID:337",189593,"WastewaterSCAN",1.67,"Very Low","2022-08-07","2025-11-08","SARS-CoV-2","2026-08-14 12:48"
"Georgia","Fulton","ID:338",190000,"WastewaterSCAN",1.55,"Very Low","2022-08-07","2025-11-08","SARS-CoV-2","2026-08-14 12:48"
"Georgia","Fulton","ID:339",600000,"WastewaterSCAN",2.31,"Very Low","2022-12-11","2025-11-08","SARS-CoV-2","2026-08-14 12:48"
"Georgia","Fulton","ID:340",105160,"WastewaterSCAN",1.66,"Very Low","2022-12-11","2025-11-08","SARS-CoV-2","2026-08-14 12:48"
"Georgia","Fulton","ID:341",70887,"WastewaterSCAN",1.99,"Very Low","2022-12-11","2025-11-08","SARS-CoV-2","2026-08-14 12:48"
"Georgia","Gwinnett","ID:342",496000,"State_Territory",1.22,"Very Low","2022-05-23","2025-11-08","SARS-CoV-2","2026-08-14 12:48"
"Georgia","Chattahoochee, Muscogee","ID:346",278000,"WastewaterSCAN",1.93,"Very Low","2022-09-26","2025-11-08","SARS-CoV-2","2026-08-14 12:48"
"Georgia","Newton","ID:347",22675,"State_Territory",1.96,"Very Low","2022-07-27","2025-11-08","SARS-CoV-2","2026-08-14 12:48"
"Georgia","Paulding","ID:348",19000,"State_Territory",0.7,"Very Low","2022-11-10","2025-11-08","SARS-CoV-2","2026-08-14 12:48"
"Georgia","Paulding","ID:349",14000,"State_Territory",4.28,"Low","2022-05-22","2025-11-08","SARS-CoV-2","2026-08-14 12:48"
"Georgia","Richmond","ID:353",200000,"State_Territory",1.82,"Very Low","2022-07-25","2025-11-08","SARS-CoV-2","2026-08-14 12:48"
"Georgia","Peach","ID:2359",8008,"State_Territory",6.62,"Moderate","2024-10-09","2025-11-01","SARS-CoV-2","2026-08-14 12:48"
"Georgia","Cherokee, Fulton","ID:326",20000,"State_Territory, WastewaterSCAN",3.53,"Low","2022-08-08","2025-11-01","SARS-CoV-2","2026-08-14 12:48"
"Georgia","Clayton","ID:328",124000,"State_Territory",0.76,"Very Low","2023-05-18","2025-11-01","SARS-CoV-2","2026-08-14 12:48"
"Georgia","Cobb","ID:329",113079,"State_Territory",1.81,"Very Low","2022-11-13","2025-11-01","SARS-CoV-2","2026-08-14 12:48"
"Georgia","Douglas","ID:333",37256,"State_Territory",0.47,"Very Low","2023-07-17","2025-11-01","SARS-CoV-2","2026-08-14 12:48"
"Georgia","Floyd","ID:334",38111,"State_Territory",3.12,"Low","2023-02-20","2025-11-01","SARS-CoV-2","2026-08-14 12:48"
"Georgia","Fulton","ID:336",84486,"WastewaterSCAN",0.7,"Very Low","2022-08-07","2025-11-01","SARS-CoV-2","2026-08-14 12:48"
"Georgia","Fulton","ID:337",189593,"WastewaterSCAN",0.86,"Very Low","2022-08-07","2025-11-01","SARS-CoV-2","2026-08-14 12:48"
"Georgia","Fulton","ID:338",190000,"WastewaterSCAN",0.78,"Very Low","2022-08-07","2025-11-01","SARS-CoV-2","2026-08-14 12:48"
"Georgia","Fulton","ID:339",600000,"WastewaterSCAN",1.71,"Very Low","2022-12-11","2025-11-01","SARS-CoV-2","2026-08-14 12:48"
"Georgia","Fulton","ID:340",105160,"WastewaterSCAN",2.36,"Very Low","2022-12-11","2025-11-01","SARS-CoV-2","2026-08-14 12:48"
"Georgia","Fulton","ID:341",70887,"WastewaterSCAN",0.23,"Very Low","2022-12-11","2025-11-01","SARS-CoV-2","2026-08-14 12:48"
"Georgia","Gwinnett","ID:342",496000,"State_Territory",2.71,"Low","2022-05-23","2025-11-01","SARS-CoV-2","2026-08-14 12:48"
"Georgia","Chattahoochee, Muscogee","ID:346",278000,"WastewaterSCAN",0.7,"Very Low","2022-09-26","2025-11-01","SARS-CoV-2","2026-08-14 12:48"
"Georgia","Newton","ID:347",22675,"State_Territory",1.47,"Very Low","2022-07-27","2025-11-01","SARS-CoV-2","2026-08-14 12:48"
"Georgia","Paulding","ID:348",19000,"State_Territory",0.4,"Very Low","2022-11-10","2025-11-01","SARS-CoV-2","2026-08-14 12:48"
"Georgia","Paulding","ID:349",14000,"State_Territory",1.77,"Very Low","2022-05-22","2025-11-01","SARS-CoV-2","2026-08-14 12:48"
"Georgia","Richmond","ID:353",200000,"State_Territory",2.41,"Very Low","2022-07-25","2025-11-01","SARS-CoV-2","2026-08-14 12:48"
"Georgia","Peach","ID:2359",8008,"State_Territory",7.39,"Moderate","2024-10-09","2025-10-25","SARS-CoV-2","2026-08-14 12:48"
"Georgia","Cherokee, Fulton","ID:326",20000,"State_Territory, WastewaterSCAN",2.82,"Low","2022-08-08","2025-10-25","SARS-CoV-2","2026-08-14 12:48"
"Georgia","Douglas","ID:333",37256,"State_Territory",1.72,"Very Low","2023-07-17","2025-10-25","SARS-CoV-2","2026-08-14 12:48"
"Georgia","Fulton","ID:336",84486,"WastewaterSCAN",0.95,"Very Low","2022-08-07","2025-10-25","SARS-CoV-2","2026-08-14 12:48"
"Georgia","Fulton","ID:337",189593,"WastewaterSCAN",0.85,"Very Low","2022-08-07","2025-10-25","SARS-CoV-2","2026-08-14 12:48"
"Georgia","Fulton","ID:338",190000,"WastewaterSCAN",9.46,"High","2022-08-07","2025-10-25","SARS-CoV-2","2026-08-14 12:48"
"Georgia","Fulton","ID:339",600000,"WastewaterSCAN",1.06,"Very Low","2022-12-11","2025-10-25","SARS-CoV-2","2026-08-14 12:48"
"Georgia","Fulton","ID:340",105160,"WastewaterSCAN",1.94,"Very Low","2022-12-11","2025-10-25","SARS-CoV-2","2026-08-14 12:48"
"Georgia","Fulton","ID:341",70887,"WastewaterSCAN",1.32,"Very Low","2022-12-11","2025-10-25","SARS-CoV-2","2026-08-14 12:48"
"Georgia","Chattahoochee, Muscogee","ID:346",278000,"WastewaterSCAN",1.05,"Very Low","2022-09-26","2025-10-25","SARS-CoV-2","2026-08-14 12:48"
"Georgia","Cherokee, Fulton","ID:326",12818,"WastewaterSCAN",2.21,"Very Low","2022-08-08","2025-10-18","SARS-CoV-2","2026-08-14 12:48"
"Georgia","Fulton","ID:336",84486,"WastewaterSCAN",0.69,"Very Low","2022-08-07","2025-10-18","SARS-CoV-2","2026-08-14 12:48"
"Georgia","Fulton","ID:337",189593,"WastewaterSCAN",0.67,"Very Low","2022-08-07","2025-10-18","SARS-CoV-2","2026-08-14 12:48"
"Georgia","Fulton","ID:338",190000,"WastewaterSCAN",2.01,"Very Low","2022-08-07","2025-10-18","SARS-CoV-2","2026-08-14 12:48"
"Georgia","Fulton","ID:339",600000,"WastewaterSCAN",1.73,"Very Low","2022-12-11","2025-10-18","SARS-CoV-2","2026-08-14 12:48"
"Georgia","Fulton","ID:340",105160,"WastewaterSCAN",1.26,"Very Low","2022-12-11","2025-10-18","SARS-CoV-2","2026-08-14 12:48"
"Georgia","Fulton","ID:341",70887,"WastewaterSCAN",1.58,"Very Low","2022-12-11","2025-10-18","SARS-CoV-2","2026-08-14 12:48"
"Georgia","Chattahoochee, Muscogee","ID:346",278000,"WastewaterSCAN",1.16,"Very Low","2022-09-26","2025-10-18","SARS-CoV-2","2026-08-14 12:48"
"Georgia","Cherokee, Fulton","ID:326",12818,"WastewaterSCAN",1.08,"Very Low","2022-08-08","2025-10-11","SARS-CoV-2","2026-08-14 12:48"
"Georgia","Fulton","ID:336",84486,"WastewaterSCAN",1.9,"Very Low","2022-08-07","2025-10-11","SARS-CoV-2","2026-08-14 12:48"
"Georgia","Fulton","ID:337",189593,"WastewaterSCAN",1.73,"Very Low","2022-08-07","2025-10-11","SARS-CoV-2","2026-08-14 12:48"
"Georgia","Fulton","ID:338",190000,"WastewaterSCAN",1.3,"Very Low","2022-08-07","2025-10-11","SARS-CoV-2","2026-08-14 12:48"
"Georgia","Fulton","ID:339",600000,"WastewaterSCAN",1.25,"Very Low","2022-12-11","2025-10-11","SARS-CoV-2","2026-08-14 12:48"
"Georgia","Fulton","ID:340",105160,"WastewaterSCAN",1.3,"Very Low","2022-12-11","2025-10-11","SARS-CoV-2","2026-08-14 12:48"
"Georgia","Fulton","ID:341",70887,"WastewaterSCAN",1.21,"Very Low","2022-12-11","2025-10-11","SARS-CoV-2","2026-08-14 12:48"
"Georgia","Chattahoochee, Muscogee","ID:346",278000,"WastewaterSCAN",1.16,"Very Low","2022-09-26","2025-10-11","SARS-CoV-2","2026-08-14 12:48"
"Georgia","Peach","ID:2359",8008,"State_Territory",1.56,"Very Low","2024-10-09","2025-10-04","SARS-CoV-2","2026-08-14 12:48"
"Georgia","Cherokee, Fulton","ID:326",12818,"WastewaterSCAN",1.34,"Very Low","2022-08-08","2025-10-04","SARS-CoV-2","2026-08-14 12:48"
"Georgia","Clarke","ID:327",60000,"State_Territory",4.04,"Low","2022-06-26","2025-10-04","SARS-CoV-2","2026-08-14 12:48"
"Georgia","Cobb","ID:329",113079,"State_Territory",2.89,"Low","2022-11-13","2025-10-04","SARS-CoV-2","2026-08-14 12:48"
"Georgia","Douglas","ID:333",37256,"State_Territory",1.11,"Very Low","2023-07-17","2025-10-04","SARS-CoV-2","2026-08-14 12:48"
"Georgia","Floyd","ID:334",38111,"State_Territory",1.67,"Very Low","2023-02-20","2025-10-04","SARS-CoV-2","2026-08-14 12:48"
"Georgia","Fulton","ID:336",84486,"WastewaterSCAN",2.9,"Low","2022-08-07","2025-10-04","SARS-CoV-2","2026-08-14 12:48"
"Georgia","Fulton","ID:337",189593,"WastewaterSCAN",16.28,"Very High","2022-08-07","2025-10-04","SARS-CoV-2","2026-08-14 12:48"
"Georgia","Fulton","ID:338",190000,"WastewaterSCAN",1.12,"Very Low","2022-08-07","2025-10-04","SARS-CoV-2","2026-08-14 12:48"
"Georgia","Fulton","ID:339",600000,"WastewaterSCAN",0.8,"Very Low","2022-12-11","2025-10-04","SARS-CoV-2","2026-08-14 12:48"
"Georgia","Fulton","ID:340",105160,"WastewaterSCAN",1.42,"Very Low","2022-12-11","2025-10-04","SARS-CoV-2","2026-08-14 12:48"
"Georgia","Fulton","ID:341",70887,"WastewaterSCAN",1.59,"Very Low","2022-12-11","2025-10-04","SARS-CoV-2","2026-08-14 12:48"
"Georgia","Chattahoochee, Muscogee","ID:346",278000,"WastewaterSCAN",1.32,"Very Low","2022-09-26","2025-10-04","SARS-CoV-2","2026-08-14 12:48"
"Georgia","Cherokee, Fulton","ID:326",12818,"WastewaterSCAN",2.17,"Very Low","2022-08-08","2025-09-27","SARS-CoV-2","2026-08-14 12:48"
"Georgia","Fulton","ID:336",84486,"WastewaterSCAN",2.92,"Low","2022-08-07","2025-09-27","SARS-CoV-2","2026-08-14 12:48"
"Georgia","Fulton","ID:337",189593,"WastewaterSCAN",2.19,"Very Low","2022-08-07","2025-09-27","SARS-CoV-2","2026-08-14 12:48"
"Georgia","Fulton","ID:338",190000,"WastewaterSCAN",1.38,"Very Low","2022-08-07","2025-09-27","SARS-CoV-2","2026-08-14 12:48"
"Georgia","Fulton","ID:339",600000,"WastewaterSCAN",1.46,"Very Low","2022-12-11","2025-09-27","SARS-CoV-2","2026-08-14 12:48"
"Georgia","Fulton","ID:340",105160,"WastewaterSCAN",2.08,"Very Low","2022-12-11","2025-09-27","SARS-CoV-2","2026-08-14 12:48"
"Georgia","Fulton","ID:341",70887,"WastewaterSCAN",0.86,"Very Low","2022-12-11","2025-09-27","SARS-CoV-2","2026-08-14 12:48"
"Georgia","Chattahoochee, Muscogee","ID:346",278000,"WastewaterSCAN",2.94,"Low","2022-09-26","2025-09-27","SARS-CoV-2","2026-08-14 12:48"
"Georgia","Cherokee, Fulton","ID:326",12818,"WastewaterSCAN",2.84,"Low","2022-08-08","2025-09-20","SARS-CoV-2","2026-08-14 12:48"
"Georgia","Fulton","ID:336",84486,"WastewaterSCAN",3.75,"Low","2022-08-07","2025-09-20","SARS-CoV-2","2026-08-14 12:48"
"Georgia","Fulton","ID:337",189593,"WastewaterSCAN",7.29,"Moderate","2022-08-07","2025-09-20","SARS-CoV-2","2026-08-14 12:48"
"Georgia","Fulton","ID:338",190000,"WastewaterSCAN",2,"Very Low","2022-08-07","2025-09-20","SARS-CoV-2","2026-08-14 12:48"
"Georgia","Fulton","ID:339",600000,"WastewaterSCAN",6.44,"Moderate","2022-12-11","2025-09-20","SARS-CoV-2","2026-08-14 12:48"
"Georgia","Fulton","ID:340",105160,"WastewaterSCAN",2.98,"Low","2022-12-11","2025-09-20","SARS-CoV-2","2026-08-14 12:48"
"Georgia","Fulton","ID:341",70887,"WastewaterSCAN",3.4,"Low","2022-12-11","2025-09-20","SARS-CoV-2","2026-08-14 12:48"
"Georgia","Chattahoochee, Muscogee","ID:346",278000,"WastewaterSCAN",3.05,"Low","2022-09-26","2025-09-20","SARS-CoV-2","2026-08-14 12:48"
"Georgia","Cherokee, Fulton","ID:326",12818,"WastewaterSCAN",7.81,"Moderate","2022-08-08","2025-09-13","SARS-CoV-2","2026-08-14 12:48"
"Georgia","Cobb","ID:329",113079,"State_Territory",10.13,"High","2022-11-13","2025-09-13","SARS-CoV-2","2026-08-14 12:48"
"Georgia","Floyd","ID:334",38111,"State_Territory",7.9,"High","2023-02-20","2025-09-13","SARS-CoV-2","2026-08-14 12:48"
"Georgia","Forsyth","ID:335",44000,"State_Territory",3.02,"Low","2022-12-25","2025-09-13","SARS-CoV-2","2026-08-14 12:48"
"Georgia","Fulton","ID:336",84486,"WastewaterSCAN",4.87,"Low","2022-08-07","2025-09-13","SARS-CoV-2","2026-08-14 12:48"
"Georgia","Fulton","ID:337",189593,"WastewaterSCAN",6.59,"Moderate","2022-08-07","2025-09-13","SARS-CoV-2","2026-08-14 12:48"
"Georgia","Fulton","ID:338",190000,"WastewaterSCAN",6.54,"Moderate","2022-08-07","2025-09-13","SARS-CoV-2","2026-08-14 12:48"
"Georgia","Fulton","ID:339",600000,"WastewaterSCAN",11.03,"High","2022-12-11","2025-09-13","SARS-CoV-2","2026-08-14 12:48"
"Georgia","Fulton","ID:340",105160,"WastewaterSCAN",5.97,"Moderate","2022-12-11","2025-09-13","SARS-CoV-2","2026-08-14 12:48"
"Georgia","Fulton","ID:341",70887,"WastewaterSCAN",1.83,"Very Low","2022-12-11","2025-09-13","SARS-CoV-2","2026-08-14 12:48"
"Georgia","Chattahoochee, Muscogee","ID:346",278000,"WastewaterSCAN",8.48,"High","2022-09-26","2025-09-13","SARS-CoV-2","2026-08-14 12:48"
"Georgia","Peach","ID:2359",8008,"State_Territory",15.79,"Very High","2024-10-09","2025-09-06","SARS-CoV-2","2026-08-14 12:48"
"Georgia","Cherokee, Fulton","ID:326",20000,"State_Territory, WastewaterSCAN",8.62,"High","2022-08-08","2025-09-06","SARS-CoV-2","2026-08-14 12:48"
"Georgia","Clarke","ID:327",60000,"State_Territory",43.86,"Very High","2022-06-26","2025-09-06","SARS-CoV-2","2026-08-14 12:48"
"Georgia","Clayton","ID:328",124000,"State_Territory",7.89,"Moderate","2023-05-18","2025-09-06","SARS-CoV-2","2026-08-14 12:48"
"Georgia","Cobb","ID:329",113079,"State_Territory",8.99,"High","2022-11-13","2025-09-06","SARS-CoV-2","2026-08-14 12:48"
"Georgia","Douglas","ID:333",37256,"State_Territory",4.66,"Low","2023-07-17","2025-09-06","SARS-CoV-2","2026-08-14 12:48"
"Georgia","Floyd","ID:334",38111,"State_Territory",11.72,"Very High","2023-02-20","2025-09-06","SARS-CoV-2","2026-08-14 12:48"
"Georgia","Fulton","ID:336",84486,"WastewaterSCAN",3.77,"Low","2022-08-07","2025-09-06","SARS-CoV-2","2026-08-14 12:48"
"Georgia","Fulton","ID:337",189593,"WastewaterSCAN",7.52,"Moderate","2022-08-07","2025-09-06","SARS-CoV-2","2026-08-14 12:48"
"Georgia","Fulton","ID:338",190000,"WastewaterSCAN",6.19,"Moderate","2022-08-07","2025-09-06","SARS-CoV-2","2026-08-14 12:48"
"Georgia","Fulton","ID:339",600000,"WastewaterSCAN",8.42,"High","2022-12-11","2025-09-06","SARS-CoV-2","2026-08-14 12:48"
"Georgia","Fulton","ID:340",105160,"WastewaterSCAN",6.22,"Moderate","2022-12-11","2025-09-06","SARS-CoV-2","2026-08-14 12:48"
"Georgia","Fulton","ID:341",70887,"WastewaterSCAN",2.65,"Low","2022-12-11","2025-09-06","SARS-CoV-2","2026-08-14 12:48"
"Georgia","Chattahoochee, Muscogee","ID:346",278000,"WastewaterSCAN",7.71,"Moderate","2022-09-26","2025-09-06","SARS-CoV-2","2026-08-14 12:48"
"Georgia","Newton","ID:347",22675,"State_Territory",2.99,"Low","2022-07-27","2025-09-06","SARS-CoV-2","2026-08-14 12:48"
"Georgia","Richmond","ID:353",200000,"State_Territory",8.68,"High","2022-07-25","2025-09-06","SARS-CoV-2","2026-08-14 12:48"
"Georgia","Cherokee, Fulton","ID:326",12818,"WastewaterSCAN",4.27,"Low","2022-08-08","2023-10-28","SARS-CoV-2","2026-08-14 12:48"
"Georgia","Clarke","ID:327",60000,"State_Territory",11.13,"High","2022-06-26","2023-10-28","SARS-CoV-2","2026-08-14 12:48"
"Georgia","Clayton","ID:328",123715,"State_Territory",7.92,"High","2023-05-18","2023-10-28","SARS-CoV-2","2026-08-14 12:48"
"Georgia","Cobb","ID:329",190000,"State_Territory",24.18,"Very High","2022-11-13","2023-10-28","SARS-CoV-2","2026-08-14 12:48"
"Georgia","Cobb","ID:330",190000,"State_Territory",25.93,"Very High","2022-12-25","2023-10-28","SARS-CoV-2","2026-08-14 12:48"
"Georgia","Dougherty","ID:332",50000,"State_Territory",2.35,"Very Low","2023-05-17","2023-10-28","SARS-CoV-2","2026-08-14 12:48"
"Georgia","Douglas","ID:333",180000,"State_Territory",8.66,"High","2023-07-17","2023-10-28","SARS-CoV-2","2026-08-14 12:48"
"Georgia","Floyd","ID:334",75000,"State_Territory",11.75,"Very High","2023-02-20","2023-10-28","SARS-CoV-2","2026-08-14 12:48"
"Georgia","Fulton","ID:336",84486,"WastewaterSCAN",5.56,"Moderate","2022-08-07","2023-10-28","SARS-CoV-2","2026-08-14 12:48"
"Georgia","Fulton","ID:337",189593,"WastewaterSCAN",5.25,"Moderate","2022-08-07","2023-10-28","SARS-CoV-2","2026-08-14 12:48"
"Georgia","Fulton","ID:338",190000,"WastewaterSCAN",5.64,"Moderate","2022-08-07","2023-10-28","SARS-CoV-2","2026-08-14 12:48"
"Georgia","Fulton","ID:339",600000,"WastewaterSCAN",9.56,"High","2022-12-11","2023-10-28","SARS-CoV-2","2026-08-14 12:48"
"Georgia","Fulton","ID:340",105160,"WastewaterSCAN",17.63,"Very High","2022-12-11","2023-10-28","SARS-CoV-2","2026-08-14 12:48"
"Georgia","Fulton","ID:341",70887,"WastewaterSCAN",3.71,"Low","2022-12-11","2023-10-28","SARS-CoV-2","2026-08-14 12:48"
"Georgia","Gwinnett","ID:342",650000,"State_Territory",22.31,"Very High","2022-05-23","2023-10-28","SARS-CoV-2","2026-08-14 12:48"
"Georgia","Laurens","ID:344",17000,"State_Territory",6.16,"Moderate","2022-12-25","2023-10-28","SARS-CoV-2","2026-08-14 12:48"
"Georgia","Chattahoochee, Muscogee","ID:346",278000,"WastewaterSCAN",2.51,"Very Low","2022-09-26","2023-10-28","SARS-CoV-2","2026-08-14 12:48"
"Georgia","Newton","ID:347",32000,"State_Territory",14.54,"Very High","2022-07-27","2023-10-28","SARS-CoV-2","2026-08-14 12:48"
"Georgia","Paulding","ID:349",8000,"State_Territory",6.89,"Moderate","2022-05-22","2023-10-28","SARS-CoV-2","2026-08-14 12:48"
"Georgia","Richmond","ID:353",198000,"State_Territory",6.47,"Moderate","2022-07-25","2023-10-28","SARS-CoV-2","2026-08-14 12:48"
"Georgia","Treutlen","ID:354",3100,"State_Territory",4.58,"Low","2023-11-02","2023-10-28","SARS-CoV-2","2026-08-14 12:48"
"Georgia","Cherokee, Fulton","ID:326",12818,"WastewaterSCAN",3.77,"Low","2022-08-08","2023-10-21","SARS-CoV-2","2026-08-14 12:48"
"Georgia","Clarke","ID:327",60000,"State_Territory",12.22,"Very High","2022-06-26","2023-10-21","SARS-CoV-2","2026-08-14 12:48"
"Georgia","Cobb","ID:329",190000,"State_Territory",5.28,"Moderate","2022-11-13","2023-10-21","SARS-CoV-2","2026-08-14 12:48"
"Georgia","Cobb","ID:330",190000,"State_Territory",10.77,"High","2022-12-25","2023-10-21","SARS-CoV-2","2026-08-14 12:48"
"Georgia","Dougherty","ID:332",50000,"State_Territory",1.74,"Very Low","2023-05-17","2023-10-21","SARS-CoV-2","2026-08-14 12:48"
"Georgia","Douglas","ID:333",180000,"State_Territory",14.54,"Very High","2023-07-17","2023-10-21","SARS-CoV-2","2026-08-14 12:48"
"Georgia","Floyd","ID:334",75000,"State_Territory",10.3,"High","2023-02-20","2023-10-21","SARS-CoV-2","2026-08-14 12:48"
"Georgia","Forsyth","ID:335",36500,"State_Territory",19.54,"Very High","2022-12-25","2023-10-21","SARS-CoV-2","2026-08-14 12:48"
"Georgia","Fulton","ID:336",84486,"WastewaterSCAN",3.18,"Low","2022-08-07","2023-10-21","SARS-CoV-2","2026-08-14 12:48"
"Georgia","Fulton","ID:337",189593,"WastewaterSCAN",5.87,"Moderate","2022-08-07","2023-10-21","SARS-CoV-2","2026-08-14 12:48"
"Georgia","Fulton","ID:338",190000,"WastewaterSCAN",5.04,"Moderate","2022-08-07","2023-10-21","SARS-CoV-2","2026-08-14 12:48"
"Georgia","Fulton","ID:339",600000,"WastewaterSCAN",4.39,"Low","2022-12-11","2023-10-21","SARS-CoV-2","2026-08-14 12:48"
"Georgia","Fulton","ID:340",105160,"WastewaterSCAN",13.17,"Very High","2022-12-11","2023-10-21","SARS-CoV-2","2026-08-14 12:48"
"Georgia","Fulton","ID:341",70887,"WastewaterSCAN",3.93,"Low","2022-12-11","2023-10-21","SARS-CoV-2","2026-08-14 12:48"
"Georgia","Laurens","ID:344",17000,"State_Territory",5.99,"Moderate","2022-12-25","2023-10-21","SARS-CoV-2","2026-08-14 12:48"
"Georgia","Chattahoochee, Muscogee","ID:346",278000,"WastewaterSCAN",2.99,"Low","2022-09-26","2023-10-21","SARS-CoV-2","2026-08-14 12:48"
"Georgia","Newton","ID:347",32000,"State_Territory",11.27,"High","2022-07-27","2023-10-21","SARS-CoV-2","2026-08-14 12:48"
"Georgia","Paulding","ID:349",8000,"State_Territory",20.42,"Very High","2022-05-22","2023-10-21","SARS-CoV-2","2026-08-14 12:48"
"Georgia","Richmond","ID:353",198000,"State_Territory",2.58,"Very Low","2022-07-25","2023-10-21","SARS-CoV-2","2026-08-14 12:48"
"Georgia","Treutlen","ID:354",3100,"State_Territory",2.45,"Very Low","2023-11-02","2023-10-21","SARS-CoV-2","2026-08-14 12:48"
"Georgia","Cherokee, Fulton","ID:326",12818,"WastewaterSCAN",4.04,"Low","2022-08-08","2023-10-14","SARS-CoV-2","2026-08-14 12:48"
"Georgia","Clarke","ID:327",60000,"State_Territory",18.54,"Very High","2022-06-26","2023-10-14","SARS-CoV-2","2026-08-14 12:48"
"Georgia","Clayton","ID:328",123715,"State_Territory",7.12,"Moderate","2023-05-18","2023-10-14","SARS-CoV-2","2026-08-14 12:48"
"Georgia","Cobb","ID:329",190000,"State_Territory",4.51,"Low","2022-11-13","2023-10-14","SARS-CoV-2","2026-08-14 12:48"
"Georgia","Cobb","ID:330",190000,"State_Territory",18.62,"Very High","2022-12-25","2023-10-14","SARS-CoV-2","2026-08-14 12:48"
"Georgia","Dougherty","ID:332",50000,"State_Territory",4.26,"Low","2023-05-17","2023-10-14","SARS-CoV-2","2026-08-14 12:48"
"Georgia","Floyd","ID:334",75000,"State_Territory",8.68,"High","2023-02-20","2023-10-14","SARS-CoV-2","2026-08-14 12:48"
"Georgia","Forsyth","ID:335",36500,"State_Territory",14.59,"Very High","2022-12-25","2023-10-14","SARS-CoV-2","2026-08-14 12:48"
"Georgia","Fulton","ID:336",84486,"WastewaterSCAN",4.15,"Low","2022-08-07","2023-10-14","SARS-CoV-2","2026-08-14 12:48"
"Georgia","Fulton","ID:337",189593,"WastewaterSCAN",7.42,"Moderate","2022-08-07","2023-10-14","SARS-CoV-2","2026-08-14 12:48"
"Georgia","Fulton","ID:338",190000,"WastewaterSCAN",5.99,"Moderate","2022-08-07","2023-10-14","SARS-CoV-2","2026-08-14 12:48"
"Georgia","Fulton","ID:339",600000,"WastewaterSCAN",4.47,"Low","2022-12-11","2023-10-14","SARS-CoV-2","2026-08-14 12:48"
"Georgia","Fulton","ID:340",105160,"WastewaterSCAN",6.74,"Moderate","2022-12-11","2023-10-14","SARS-CoV-2","2026-08-14 12:48"
"Georgia","Fulton","ID:341",70887,"WastewaterSCAN",5.89,"Moderate","2022-12-11","2023-10-14","SARS-CoV-2","2026-08-14 12:48"
"Georgia","Laurens","ID:344",17000,"State_Territory",4.08,"Low","2022-12-25","2023-10-14","SARS-CoV-2","2026-08-14 12:48"
"Georgia","Chattahoochee, Muscogee","ID:346",278000,"WastewaterSCAN",3.4,"Low","2022-09-26","2023-10-14","SARS-CoV-2","2026-08-14 12:48"
"Georgia","Newton","ID:347",32000,"State_Territory",7.52,"Moderate","2022-07-27","2023-10-14","SARS-CoV-2","2026-08-14 12:48"
"Georgia","Paulding","ID:349",8000,"State_Territory",3.84,"Low","2022-05-22","2023-10-14","SARS-CoV-2","2026-08-14 12:48"
"Georgia","Treutlen","ID:354",3100,"State_Territory",3.63,"Low","2023-11-02","2023-10-14","SARS-CoV-2","2026-08-14 12:48"
"Georgia","Cherokee, Fulton","ID:326",12818,"WastewaterSCAN",4.4,"Low","2022-08-08","2023-10-07","SARS-CoV-2","2026-08-14 12:48"
"Georgia","Clarke","ID:327",60000,"State_Territory",16.02,"Very High","2022-06-26","2023-10-07","SARS-CoV-2","2026-08-14 12:48"
"Georgia","Cobb","ID:329",190000,"State_Territory",6.16,"Moderate","2022-11-13","2023-10-07","SARS-CoV-2","2026-08-14 12:48"
"Georgia","Cobb","ID:330",190000,"State_Territory",11.83,"Very High","2022-12-25","2023-10-07","SARS-CoV-2","2026-08-14 12:48"
"Georgia","Dougherty","ID:332",50000,"State_Territory",3.98,"Low","2023-05-17","2023-10-07","SARS-CoV-2","2026-08-14 12:48"
"Georgia","Floyd","ID:334",75000,"State_Territory",9.31,"High","2023-02-20","2023-10-07","SARS-CoV-2","2026-08-14 12:48"
"Georgia","Forsyth","ID:335",36500,"State_Territory",34.52,"Very High","2022-12-25","2023-10-07","SARS-CoV-2","2026-08-14 12:48"
"Georgia","Fulton","ID:336",84486,"WastewaterSCAN",7.05,"Moderate","2022-08-07","2023-10-07","SARS-CoV-2","2026-08-14 12:48"
"Georgia","Fulton","ID:337",189593,"WastewaterSCAN",15.83,"Very High","2022-08-07","2023-10-07","SARS-CoV-2","2026-08-14 12:48"
"Georgia","Fulton","ID:338",190000,"WastewaterSCAN",7.02,"Moderate","2022-08-07","2023-10-07","SARS-CoV-2","2026-08-14 12:48"
"Georgia","Fulton","ID:339",600000,"WastewaterSCAN",4.62,"Low","2022-12-11","2023-10-07","SARS-CoV-2","2026-08-14 12:48"
"Georgia","Fulton","ID:340",105160,"WastewaterSCAN",4.06,"Low","2022-12-11","2023-10-07","SARS-CoV-2","2026-08-14 12:48"
"Georgia","Fulton","ID:341",70887,"WastewaterSCAN",3.07,"Low","2022-12-11","2023-10-07","SARS-CoV-2","2026-08-14 12:48"
"Georgia","Laurens","ID:344",17000,"State_Territory",9.58,"High","2022-12-25","2023-10-07","SARS-CoV-2","2026-08-14 12:48"
"Georgia","Chattahoochee, Muscogee","ID:346",278000,"WastewaterSCAN",3.92,"Low","2022-09-26","2023-10-07","SARS-CoV-2","2026-08-14 12:48"
"Georgia","Newton","ID:347",32000,"State_Territory",9.02,"High","2022-07-27","2023-10-07","SARS-CoV-2","2026-08-14 12:48"
"Georgia","Paulding","ID:348",10000,"State_Territory",6.51,"Moderate","2022-11-10","2023-10-07","SARS-CoV-2","2026-08-14 12:48"
"Georgia","Paulding","ID:349",8000,"State_Territory",2.14,"Very Low","2022-05-22","2023-10-07","SARS-CoV-2","2026-08-14 12:48"
"Georgia","Treutlen","ID:354",3100,"State_Territory",5.14,"Moderate","2023-11-02","2023-10-07","SARS-CoV-2","2026-08-14 12:48"
"Georgia","Cherokee, Fulton","ID:326",12818,"WastewaterSCAN",5.49,"Moderate","2022-08-08","2023-09-30","SARS-CoV-2","2026-08-14 12:48"
"Georgia","Clarke","ID:327",60000,"State_Territory",9.96,"High","2022-06-26","2023-09-30","SARS-CoV-2","2026-08-14 12:48"
"Georgia","Clayton","ID:328",123715,"State_Territory",6.43,"Moderate","2023-05-18","2023-09-30","SARS-CoV-2","2026-08-14 12:48"
"Georgia","Cobb","ID:329",190000,"State_Territory",4.85,"Low","2022-11-13","2023-09-30","SARS-CoV-2","2026-08-14 12:48"
"Georgia","Cobb","ID:330",190000,"State_Territory",11.91,"Very High","2022-12-25","2023-09-30","SARS-CoV-2","2026-08-14 12:48"
"Georgia","Dougherty","ID:332",50000,"State_Territory",0.91,"Very Low","2023-05-17","2023-09-30","SARS-CoV-2","2026-08-14 12:48"
"Georgia","Douglas","ID:333",180000,"State_Territory",5.05,"Moderate","2023-07-17","2023-09-30","SARS-CoV-2","2026-08-14 12:48"
"Georgia","Floyd","ID:334",75000,"State_Territory",16.56,"Very High","2023-02-20","2023-09-30","SARS-CoV-2","2026-08-14 12:48"
"Georgia","Forsyth","ID:335",36500,"State_Territory",9.49,"High","2022-12-25","2023-09-30","SARS-CoV-2","2026-08-14 12:48"
"Georgia","Fulton","ID:336",84486,"WastewaterSCAN",5.12,"Moderate","2022-08-07","2023-09-30","SARS-CoV-2","2026-08-14 12:48"
"Georgia","Fulton","ID:337",189593,"WastewaterSCAN",4.51,"Low","2022-08-07","2023-09-30","SARS-CoV-2","2026-08-14 12:48"
"Georgia","Fulton","ID:338",190000,"WastewaterSCAN",5.2,"Moderate","2022-08-07","2023-09-30","SARS-CoV-2","2026-08-14 12:48"
"Georgia","Fulton","ID:339",600000,"WastewaterSCAN",2.8,"Low","2022-12-11","2023-09-30","SARS-CoV-2","2026-08-14 12:48"
"Georgia","Fulton","ID:340",105160,"WastewaterSCAN",5.32,"Moderate","2022-12-11","2023-09-30","SARS-CoV-2","2026-08-14 12:48"
"Georgia","Fulton","ID:341",70887,"WastewaterSCAN",1.2,"Very Low","2022-12-11","2023-09-30","SARS-CoV-2","2026-08-14 12:48"
"Georgia","Gwinnett","ID:342",650000,"State_Territory",13.71,"Very High","2022-05-23","2023-09-30","SARS-CoV-2","2026-08-14 12:48"
"Georgia","Laurens","ID:344",17000,"State_Territory",4.44,"Low","2022-12-25","2023-09-30","SARS-CoV-2","2026-08-14 12:48"
"Georgia","Chattahoochee, Muscogee","ID:346",278000,"WastewaterSCAN",2.45,"Very Low","2022-09-26","2023-09-30","SARS-CoV-2","2026-08-14 12:48"
"Georgia","Newton","ID:347",32000,"State_Territory",22.56,"Very High","2022-07-27","2023-09-30","SARS-CoV-2","2026-08-14 12:48"
"Georgia","Paulding","ID:348",10000,"State_Territory",8.65,"High","2022-11-10","2023-09-30","SARS-CoV-2","2026-08-14 12:48"
"Georgia","Paulding","ID:349",8000,"State_Territory",6.62,"Moderate","2022-05-22","2023-09-30","SARS-CoV-2","2026-08-14 12:48"
"Georgia","Treutlen","ID:354",3100,"State_Territory",4.93,"Moderate","2023-11-02","2023-09-30","SARS-CoV-2","2026-08-14 12:48"
"Georgia","Cherokee, Fulton","ID:326",12818,"WastewaterSCAN",5.04,"Moderate","2022-08-08","2023-09-23","SARS-CoV-2","2026-08-14 12:48"
"Georgia","Clarke","ID:327",60000,"State_Territory",12.83,"Very High","2022-06-26","2023-09-23","SARS-CoV-2","2026-08-14 12:48"
"Georgia","Cobb","ID:329",190000,"State_Territory",8,"High","2022-11-13","2023-09-23","SARS-CoV-2","2026-08-14 12:48"
"Georgia","Cobb","ID:330",190000,"State_Territory",19.79,"Very High","2022-12-25","2023-09-23","SARS-CoV-2","2026-08-14 12:48"
"Georgia","Dougherty","ID:332",50000,"State_Territory",4.58,"Low","2023-05-17","2023-09-23","SARS-CoV-2","2026-08-14 12:48"
"Georgia","Douglas","ID:333",180000,"State_Territory",12.56,"Very High","2023-07-17","2023-09-23","SARS-CoV-2","2026-08-14 12:48"
"Georgia","Floyd","ID:334",75000,"State_Territory",13.65,"Very High","2023-02-20","2023-09-23","SARS-CoV-2","2026-08-14 12:48"
"Georgia","Fulton","ID:336",84486,"WastewaterSCAN",15.07,"Very High","2022-08-07","2023-09-23","SARS-CoV-2","2026-08-14 12:48"
"Georgia","Fulton","ID:337",189593,"WastewaterSCAN",4.7,"Low","2022-08-07","2023-09-23","SARS-CoV-2","2026-08-14 12:48"
"Georgia","Fulton","ID:338",190000,"WastewaterSCAN",2.43,"Very Low","2022-08-07","2023-09-23","SARS-CoV-2","2026-08-14 12:48"
"Georgia","Fulton","ID:339",600000,"WastewaterSCAN",7.95,"High","2022-12-11","2023-09-23","SARS-CoV-2","2026-08-14 12:48"
"Georgia","Fulton","ID:340",105160,"WastewaterSCAN",2.62,"Low","2022-12-11","2023-09-23","SARS-CoV-2","2026-08-14 12:48"
"Georgia","Fulton","ID:341",70887,"WastewaterSCAN",2.5,"Very Low","2022-12-11","2023-09-23","SARS-CoV-2","2026-08-14 12:48"
"Georgia","Gwinnett","ID:342",650000,"State_Territory",29.24,"Very High","2022-05-23","2023-09-23","SARS-CoV-2","2026-08-14 12:48"
"Georgia","Laurens","ID:344",17000,"State_Territory",1.84,"Very Low","2022-12-25","2023-09-23","SARS-CoV-2","2026-08-14 12:48"
"Georgia","Chattahoochee, Muscogee","ID:346",278000,"WastewaterSCAN",5.38,"Moderate","2022-09-26","2023-09-23","SARS-CoV-2","2026-08-14 12:48"
"Georgia","Newton","ID:347",32000,"State_Territory",5.31,"Moderate","2022-07-27","2023-09-23","SARS-CoV-2","2026-08-14 12:48"
"Georgia","Paulding","ID:348",10000,"State_Territory",11.19,"High","2022-11-10","2023-09-23","SARS-CoV-2","2026-08-14 12:48"
"Georgia","Paulding","ID:349",8000,"State_Territory",13.73,"Very High","2022-05-22","2023-09-23","SARS-CoV-2","2026-08-14 12:48"
"Georgia","Treutlen","ID:354",3100,"State_Territory",1.43,"Very Low","2023-11-02","2023-09-23","SARS-CoV-2","2026-08-14 12:48"
"Georgia","Cherokee, Fulton","ID:326",12818,"WastewaterSCAN",4.97,"Moderate","2022-08-08","2023-09-16","SARS-CoV-2","2026-08-14 12:48"
"Georgia","Clarke","ID:327",60000,"State_Territory",9.96,"High","2022-06-26","2023-09-16","SARS-CoV-2","2026-08-14 12:48"
"Georgia","Clayton","ID:328",123715,"State_Territory",17.75,"Very High","2023-05-18","2023-09-16","SARS-CoV-2","2026-08-14 12:48"
"Georgia","Cobb","ID:329",190000,"State_Territory",8.04,"High","2022-11-13","2023-09-16","SARS-CoV-2","2026-08-14 12:48"
"Georgia","Cobb","ID:330",190000,"State_Territory",11.92,"Very High","2022-12-25","2023-09-16","SARS-CoV-2","2026-08-14 12:48"
"Georgia","Dekalb","ID:331",325000,"CDC_Biobot",1.97,"Very Low","2022-07-21","2023-09-16","SARS-CoV-2","2026-08-14 12:48"
"Georgia","Dougherty","ID:332",50000,"State_Territory",8.78,"High","2023-05-17","2023-09-16","SARS-CoV-2","2026-08-14 12:48"
"Georgia","Douglas","ID:333",180000,"State_Territory",27.19,"Very High","2023-07-17","2023-09-16","SARS-CoV-2","2026-08-14 12:48"
"Georgia","Floyd","ID:334",75000,"State_Territory",13.3,"Very High","2023-02-20","2023-09-16","SARS-CoV-2","2026-08-14 12:48"
"Georgia","Forsyth","ID:335",36500,"State_Territory",12.89,"Very High","2022-12-25","2023-09-16","SARS-CoV-2","2026-08-14 12:48"
"Georgia","Fulton","ID:336",84486,"WastewaterSCAN",15.31,"Very High","2022-08-07","2023-09-16","SARS-CoV-2","2026-08-14 12:48"
"Georgia","Fulton","ID:337",189593,"WastewaterSCAN",12.18,"Very High","2022-08-07","2023-09-16","SARS-CoV-2","2026-08-14 12:48"
"Georgia","Fulton","ID:338",190000,"WastewaterSCAN",6.25,"Moderate","2022-08-07","2023-09-16","SARS-CoV-2","2026-08-14 12:48"
"Georgia","Fulton","ID:339",600000,"WastewaterSCAN",11.02,"High","2022-12-11","2023-09-16","SARS-CoV-2","2026-08-14 12:48"
"Georgia","Fulton","ID:340",105160,"WastewaterSCAN",4.79,"Low","2022-12-11","2023-09-16","SARS-CoV-2","2026-08-14 12:48"
"Georgia","Fulton","ID:341",70887,"WastewaterSCAN",5.24,"Moderate","2022-12-11","2023-09-16","SARS-CoV-2","2026-08-14 12:48"
"Georgia","Gwinnett","ID:342",650000,"State_Territory",16.42,"Very High","2022-05-23","2023-09-16","SARS-CoV-2","2026-08-14 12:48"
"Georgia","Laurens","ID:344",17000,"State_Territory",2.71,"Low","2022-12-25","2023-09-16","SARS-CoV-2","2026-08-14 12:48"
"Georgia","Chattahoochee, Muscogee","ID:346",278000,"WastewaterSCAN",4.8,"Low","2022-09-26","2023-09-16","SARS-CoV-2","2026-08-14 12:48"
"Georgia","Newton","ID:347",32000,"State_Territory",14.07,"Very High","2022-07-27","2023-09-16","SARS-CoV-2","2026-08-14 12:48"
"Georgia","Paulding","ID:348",10000,"State_Territory",9.76,"High","2022-11-10","2023-09-16","SARS-CoV-2","2026-08-14 12:48"
"Georgia","Paulding","ID:349",8000,"State_Territory",9.66,"High","2022-05-22","2023-09-16","SARS-CoV-2","2026-08-14 12:48"
"Georgia","Richmond","ID:353",197191,"CDC_Biobot",2.57,"Very Low","2022-07-25","2023-09-16","SARS-CoV-2","2026-08-14 12:48"
"Georgia","Cherokee, Fulton","ID:326",12818,"WastewaterSCAN",4.39,"Low","2022-08-08","2023-09-09","SARS-CoV-2","2026-08-14 12:48"
"Georgia","Clarke","ID:327",60000,"State_Territory",21.85,"Very High","2022-06-26","2023-09-09","SARS-CoV-2","2026-08-14 12:48"
"Georgia","Cobb","ID:329",190000,"State_Territory",7.28,"Moderate","2022-11-13","2023-09-09","SARS-CoV-2","2026-08-14 12:48"
"Georgia","Dekalb","ID:331",325000,"CDC_Biobot",3.03,"Low","2022-07-21","2023-09-09","SARS-CoV-2","2026-08-14 12:48"
"Georgia","Dougherty","ID:332",50000,"State_Territory",7.68,"Moderate","2023-05-17","2023-09-09","SARS-CoV-2","2026-08-14 12:48"
"Georgia","Douglas","ID:333",180000,"State_Territory",11.41,"High","2023-07-17","2023-09-09","SARS-CoV-2","2026-08-14 12:48"
"Georgia","Floyd","ID:334",75000,"State_Territory",16.08,"Very High","2023-02-20","2023-09-09","SARS-CoV-2","2026-08-14 12:48"
"Georgia","Forsyth","ID:335",36500,"State_Territory",8.89,"High","2022-12-25","2023-09-09","SARS-CoV-2","2026-08-14 12:48"
"Georgia","Fulton","ID:336",84486,"WastewaterSCAN",4.32,"Low","2022-08-07","2023-09-09","SARS-CoV-2","2026-08-14 12:48"
"Georgia","Fulton","ID:337",189593,"WastewaterSCAN",7.3,"Moderate","2022-08-07","2023-09-09","SARS-CoV-2","2026-08-14 12:48"
"Georgia","Fulton","ID:338",190000,"WastewaterSCAN",7.47,"Moderate","2022-08-07","2023-09-09","SARS-CoV-2","2026-08-14 12:48"
"Georgia","Fulton","ID:339",600000,"WastewaterSCAN",10.49,"High","2022-12-11","2023-09-09","SARS-CoV-2","2026-08-14 12:48"
"Georgia","Fulton","ID:340",105160,"WastewaterSCAN",8.07,"High","2022-12-11","2023-09-09","SARS-CoV-2","2026-08-14 12:48"
"Georgia","Fulton","ID:341",70887,"WastewaterSCAN",5.63,"Moderate","2022-12-11","2023-09-09","SARS-CoV-2","2026-08-14 12:48"
"Georgia","Laurens","ID:344",17000,"State_Territory",4.11,"Low","2022-12-25","2023-09-09","SARS-CoV-2","2026-08-14 12:48"
"Georgia","Chattahoochee, Muscogee","ID:346",278000,"WastewaterSCAN",22.68,"Very High","2022-09-26","2023-09-09","SARS-CoV-2","2026-08-14 12:48"
"Georgia","Newton","ID:347",32000,"State_Territory",25.33,"Very High","2022-07-27","2023-09-09","SARS-CoV-2","2026-08-14 12:48"
"Georgia","Paulding","ID:348",10000,"State_Territory",18.01,"Very High","2022-11-10","2023-09-09","SARS-CoV-2","2026-08-14 12:48"
"Georgia","Paulding","ID:349",8000,"State_Territory",37.32,"Very High","2022-05-22","2023-09-09","SARS-CoV-2","2026-08-14 12:48"
"Georgia","Richmond","ID:353",197191,"CDC_Biobot",3.3,"Low","2022-07-25","2023-09-09","SARS-CoV-2","2026-08-14 12:48"
"Georgia","Bulloch","ID:325",15000,"State_Territory",3.77,"Low","2023-06-23","2023-09-02","SARS-CoV-2","2026-08-14 12:48"
"Georgia","Cherokee, Fulton","ID:326",12818,"WastewaterSCAN",8.94,"High","2022-08-08","2023-09-02","SARS-CoV-2","2026-08-14 12:48"
"Georgia","Clarke","ID:327",60000,"State_Territory",21.95,"Very High","2022-06-26","2023-09-02","SARS-CoV-2","2026-08-14 12:48"
"Georgia","Clayton","ID:328",123715,"State_Territory",10.66,"High","2023-05-18","2023-09-02","SARS-CoV-2","2026-08-14 12:48"
"Georgia","Cobb","ID:329",190000,"State_Territory",6.19,"Moderate","2022-11-13","2023-09-02","SARS-CoV-2","2026-08-14 12:48"
"Georgia","Cobb","ID:330",190000,"State_Territory",5.47,"Moderate","2022-12-25","2023-09-02","SARS-CoV-2","2026-08-14 12:48"
"Georgia","Dekalb","ID:331",325000,"CDC_Biobot",13.67,"Very High","2022-07-21","2023-09-02","SARS-CoV-2","2026-08-14 12:48"
"Georgia","Douglas","ID:333",180000,"State_Territory",15.06,"Very High","2023-07-17","2023-09-02","SARS-CoV-2","2026-08-14 12:48"
"Georgia","Floyd","ID:334",75000,"State_Territory",15.23,"Very High","2023-02-20","2023-09-02","SARS-CoV-2","2026-08-14 12:48"
"Georgia","Forsyth","ID:335",36500,"State_Territory",21.31,"Very High","2022-12-25","2023-09-02","SARS-CoV-2","2026-08-14 12:48"
"Georgia","Fulton","ID:336",84486,"WastewaterSCAN",7.86,"Moderate","2022-08-07","2023-09-02","SARS-CoV-2","2026-08-14 12:48"
"Georgia","Fulton","ID:337",189593,"WastewaterSCAN",20.13,"Very High","2022-08-07","2023-09-02","SARS-CoV-2","2026-08-14 12:48"
"Georgia","Fulton","ID:338",190000,"WastewaterSCAN",7.79,"Moderate","2022-08-07","2023-09-02","SARS-CoV-2","2026-08-14 12:48"
"Georgia","Fulton","ID:339",600000,"WastewaterSCAN",16.01,"Very High","2022-12-11","2023-09-02","SARS-CoV-2","2026-08-14 12:48"
"Georgia","Fulton","ID:340",105160,"WastewaterSCAN",7.35,"Moderate","2022-12-11","2023-09-02","SARS-CoV-2","2026-08-14 12:48"
"Georgia","Fulton","ID:341",70887,"WastewaterSCAN",4.23,"Low","2022-12-11","2023-09-02","SARS-CoV-2","2026-08-14 12:48"
"Georgia","Gwinnett","ID:342",650000,"State_Territory",13,"Very High","2022-05-23","2023-09-02","SARS-CoV-2","2026-08-14 12:48"
"Georgia","Laurens","ID:344",17000,"State_Territory",2.67,"Low","2022-12-25","2023-09-02","SARS-CoV-2","2026-08-14 12:48"
"Georgia","Chattahoochee, Muscogee","ID:346",278000,"WastewaterSCAN",6.77,"Moderate","2022-09-26","2023-09-02","SARS-CoV-2","2026-08-14 12:48"
"Georgia","Newton","ID:347",32000,"State_Territory",15.16,"Very High","2022-07-27","2023-09-02","SARS-CoV-2","2026-08-14 12:48"
"Georgia","Paulding","ID:348",10000,"State_Territory",10.37,"High","2022-11-10","2023-09-02","SARS-CoV-2","2026-08-14 12:48"
"Georgia","Paulding","ID:349",8000,"State_Territory",14.68,"Very High","2022-05-22","2023-09-02","SARS-CoV-2","2026-08-14 12:48"
"Georgia","Richmond","ID:353",197191,"CDC_Biobot",2.94,"Low","2022-07-25","2023-09-02","SARS-CoV-2","2026-08-14 12:48"
"Georgia","Bulloch","ID:325",15000,"State_Territory",16.7,"Very High","2023-06-23","2023-08-26","SARS-CoV-2","2026-08-14 12:48"
"Georgia","Cherokee, Fulton","ID:326",12818,"WastewaterSCAN",6.35,"Moderate","2022-08-08","2023-08-26","SARS-CoV-2","2026-08-14 12:48"
"Georgia","Clarke","ID:327",60000,"State_Territory",42.3,"Very High","2022-06-26","2023-08-26","SARS-CoV-2","2026-08-14 12:48"
"Georgia","Cobb","ID:329",190000,"State_Territory",13.53,"Very High","2022-11-13","2023-08-26","SARS-CoV-2","2026-08-14 12:48"
"Georgia","Cobb","ID:330",190000,"State_Territory",27.24,"Very High","2022-12-25","2023-08-26","SARS-CoV-2","2026-08-14 12:48"
"Georgia","Dougherty","ID:332",50000,"State_Territory",6.11,"Moderate","2023-05-17","2023-08-26","SARS-CoV-2","2026-08-14 12:48"
"Georgia","Douglas","ID:333",180000,"State_Territory",10.09,"High","2023-07-17","2023-08-26","SARS-CoV-2","2026-08-14 12:48"
"Georgia","Floyd","ID:334",75000,"State_Territory",36.55,"Very High","2023-02-20","2023-08-26","SARS-CoV-2","2026-08-14 12:48"
"Georgia","Forsyth","ID:335",36500,"State_Territory",7.06,"Moderate","2022-12-25","2023-08-26","SARS-CoV-2","2026-08-14 12:48"
"Georgia","Fulton","ID:336",84486,"WastewaterSCAN",12.65,"Very High","2022-08-07","2023-08-26","SARS-CoV-2","2026-08-14 12:48"
"Georgia","Fulton","ID:337",189593,"WastewaterSCAN",20.74,"Very High","2022-08-07","2023-08-26","SARS-CoV-2","2026-08-14 12:48"
"Georgia","Fulton","ID:338",190000,"WastewaterSCAN",10.97,"High","2022-08-07","2023-08-26","SARS-CoV-2","2026-08-14 12:48"
"Georgia","Fulton","ID:339",600000,"WastewaterSCAN",8.22,"High","2022-12-11","2023-08-26","SARS-CoV-2","2026-08-14 12:48"
"Georgia","Fulton","ID:340",105160,"WastewaterSCAN",4.69,"Low","2022-12-11","2023-08-26","SARS-CoV-2","2026-08-14 12:48"
"Georgia","Fulton","ID:341",70887,"WastewaterSCAN",5.71,"Moderate","2022-12-11","2023-08-26","SARS-CoV-2","2026-08-14 12:48"
"Georgia","Gwinnett","ID:342",650000,"State_Territory",27.97,"Very High","2022-05-23","2023-08-26","SARS-CoV-2","2026-08-14 12:48"
"Georgia","Laurens","ID:344",17000,"State_Territory",10.04,"High","2022-12-25","2023-08-26","SARS-CoV-2","2026-08-14 12:48"
"Georgia","Chattahoochee, Muscogee","ID:346",278000,"WastewaterSCAN",11.66,"Very High","2022-09-26","2023-08-26","SARS-CoV-2","2026-08-14 12:48"
"Georgia","Newton","ID:347",32000,"State_Territory",24.66,"Very High","2022-07-27","2023-08-26","SARS-CoV-2","2026-08-14 12:48"
"Georgia","Paulding","ID:348",10000,"State_Territory",21.05,"Very High","2022-11-10","2023-08-26","SARS-CoV-2","2026-08-14 12:48"
"Georgia","Paulding","ID:349",8000,"State_Territory",9.34,"High","2022-05-22","2023-08-26","SARS-CoV-2","2026-08-14 12:48"
"Georgia","Richmond","ID:353",197191,"CDC_Biobot",3.9,"Low","2022-07-25","2023-08-26","SARS-CoV-2","2026-08-14 12:48"
"Georgia","Bulloch","ID:325",15000,"State_Territory",8.35,"High","2023-06-23","2023-08-19","SARS-CoV-2","2026-08-14 12:48"
"Georgia","Cherokee, Fulton","ID:326",12818,"WastewaterSCAN",6.89,"Moderate","2022-08-08","2023-08-19","SARS-CoV-2","2026-08-14 12:48"
"Georgia","Clarke","ID:327",60000,"State_Territory",32.67,"Very High","2022-06-26","2023-08-19","SARS-CoV-2","2026-08-14 12:48"
"Georgia","Clayton","ID:328",123715,"State_Territory",18.34,"Very High","2023-05-18","2023-08-19","SARS-CoV-2","2026-08-14 12:48"
"Georgia","Cobb","ID:330",190000,"State_Territory",23.26,"Very High","2022-12-25","2023-08-19","SARS-CoV-2","2026-08-14 12:48"
"Georgia","Dekalb","ID:331",325000,"CDC_Biobot",15.38,"Very High","2022-07-21","2023-08-19","SARS-CoV-2","2026-08-14 12:48"
"Georgia","Dougherty","ID:332",50000,"State_Territory",15.05,"Very High","2023-05-17","2023-08-19","SARS-CoV-2","2026-08-14 12:48"
"Georgia","Douglas","ID:333",180000,"State_Territory",25.94,"Very High","2023-07-17","2023-08-19","SARS-CoV-2","2026-08-14 12:48"
"Georgia","Floyd","ID:334",75000,"State_Territory",33.5,"Very High","2023-02-20","2023-08-19","SARS-CoV-2","2026-08-14 12:48"
"Georgia","Forsyth","ID:335",36500,"State_Territory",25.43,"Very High","2022-12-25","2023-08-19","SARS-CoV-2","2026-08-14 12:48"
"Georgia","Fulton","ID:336",84486,"WastewaterSCAN",9.57,"High","2022-08-07","2023-08-19","SARS-CoV-2","2026-08-14 12:48"
"Georgia","Fulton","ID:337",189593,"WastewaterSCAN",13.5,"Very High","2022-08-07","2023-08-19","SARS-CoV-2","2026-08-14 12:48"
"Georgia","Fulton","ID:338",190000,"WastewaterSCAN",12.61,"Very High","2022-08-07","2023-08-19","SARS-CoV-2","2026-08-14 12:48"
"Georgia","Fulton","ID:339",600000,"WastewaterSCAN",7.65,"Moderate","2022-12-11","2023-08-19","SARS-CoV-2","2026-08-14 12:48"
"Georgia","Fulton","ID:340",105160,"WastewaterSCAN",4.63,"Low","2022-12-11","2023-08-19","SARS-CoV-2","2026-08-14 12:48"
"Georgia","Fulton","ID:341",70887,"WastewaterSCAN",6.79,"Moderate","2022-12-11","2023-08-19","SARS-CoV-2","2026-08-14 12:48"
"Georgia","Gwinnett","ID:342",650000,"State_Territory",24.3,"Very High","2022-05-23","2023-08-19","SARS-CoV-2","2026-08-14 12:48"
"Georgia","Laurens","ID:344",17000,"State_Territory",9.73,"High","2022-12-25","2023-08-19","SARS-CoV-2","2026-08-14 12:48"
"Georgia","Chattahoochee, Muscogee","ID:346",278000,"WastewaterSCAN",18.43,"Very High","2022-09-26","2023-08-19","SARS-CoV-2","2026-08-14 12:48"
"Georgia","Newton","ID:347",32000,"State_Territory",16.86,"Very High","2022-07-27","2023-08-19","SARS-CoV-2","2026-08-14 12:48"
"Georgia","Paulding","ID:348",10000,"State_Territory",30.59,"Very High","2022-11-10","2023-08-19","SARS-CoV-2","2026-08-14 12:48"
"Georgia","Paulding","ID:349",8000,"State_Territory",38.51,"Very High","2022-05-22","2023-08-19","SARS-CoV-2","2026-08-14 12:48"
"Georgia","Richmond","ID:353",197191,"CDC_Biobot",3.98,"Low","2022-07-25","2023-08-19","SARS-CoV-2","2026-08-14 12:48"
"Georgia","Bulloch","ID:325",15000,"State_Territory",3.3,"Low","2023-06-23","2023-08-12","SARS-CoV-2","2026-08-14 12:48"
"Georgia","Cherokee, Fulton","ID:326",12818,"WastewaterSCAN",5.6,"Moderate","2022-08-08","2023-08-12","SARS-CoV-2","2026-08-14 12:48"
"Georgia","Clarke","ID:327",60000,"State_Territory",22.99,"Very High","2022-06-26","2023-08-12","SARS-CoV-2","2026-08-14 12:48"
"Georgia","Cobb","ID:329",190000,"State_Territory",12.12,"Very High","2022-11-13","2023-08-12","SARS-CoV-2","2026-08-14 12:48"
"Georgia","Cobb","ID:330",190000,"State_Territory",29.13,"Very High","2022-12-25","2023-08-12","SARS-CoV-2","2026-08-14 12:48"
"Georgia","Dekalb","ID:331",325000,"CDC_Biobot",4.67,"Low","2022-07-21","2023-08-12","SARS-CoV-2","2026-08-14 12:48"
"Georgia","Dougherty","ID:332",50000,"State_Territory",7.83,"Moderate","2023-05-17","2023-08-12","SARS-CoV-2","2026-08-14 12:48"
"Georgia","Douglas","ID:333",180000,"State_Territory",20.06,"Very High","2023-07-17","2023-08-12","SARS-CoV-2","2026-08-14 12:48"
"Georgia","Floyd","ID:334",75000,"State_Territory",17.02,"Very High","2023-02-20","2023-08-12","SARS-CoV-2","2026-08-14 12:48"
"Georgia","Forsyth","ID:335",36500,"State_Territory",14.76,"Very High","2022-12-25","2023-08-12","SARS-CoV-2","2026-08-14 12:48"
"Georgia","Fulton","ID:336",84486,"WastewaterSCAN",5.64,"Moderate","2022-08-07","2023-08-12","SARS-CoV-2","2026-08-14 12:48"
"Georgia","Fulton","ID:337",189593,"WastewaterSCAN",10.21,"High","2022-08-07","2023-08-12","SARS-CoV-2","2026-08-14 12:48"
"Georgia","Fulton","ID:338",190000,"WastewaterSCAN",13.7,"Very High","2022-08-07","2023-08-12","SARS-CoV-2","2026-08-14 12:48"
"Georgia","Fulton","ID:339",600000,"WastewaterSCAN",17.2,"Very High","2022-12-11","2023-08-12","SARS-CoV-2","2026-08-14 12:48"
"Georgia","Fulton","ID:340",105160,"WastewaterSCAN",3.64,"Low","2022-12-11","2023-08-12","SARS-CoV-2","2026-08-14 12:48"
"Georgia","Fulton","ID:341",70887,"WastewaterSCAN",4.42,"Low","2022-12-11","2023-08-12","SARS-CoV-2","2026-08-14 12:48"
"Georgia","Gwinnett","ID:342",650000,"State_Territory",17.8,"Very High","2022-05-23","2023-08-12","SARS-CoV-2","2026-08-14 12:48"
"Georgia","Laurens","ID:344",17000,"State_Territory",4.56,"Low","2022-12-25","2023-08-12","SARS-CoV-2","2026-08-14 12:48"
"Georgia","Chattahoochee, Muscogee","ID:346",278000,"WastewaterSCAN",6.67,"Moderate","2022-09-26","2023-08-12","SARS-CoV-2","2026-08-14 12:48"
"Georgia","Newton","ID:347",32000,"State_Territory",11.8,"Very High","2022-07-27","2023-08-12","SARS-CoV-2","2026-08-14 12:48"
"Georgia","Paulding","ID:348",10000,"State_Territory",12.21,"Very High","2022-11-10","2023-08-12","SARS-CoV-2","2026-08-14 12:48"
"Georgia","Richmond","ID:353",197191,"CDC_Biobot",12.79,"Very High","2022-07-25","2023-08-12","SARS-CoV-2","2026-08-14 12:48"
"Georgia","Bulloch","ID:325",15000,"State_Territory",3.55,"Low","2023-06-23","2023-08-05","SARS-CoV-2","2026-08-14 12:48"
"Georgia","Cherokee, Fulton","ID:326",12818,"WastewaterSCAN",4.1,"Low","2022-08-08","2023-08-05","SARS-CoV-2","2026-08-14 12:48"
"Georgia","Clarke","ID:327",60000,"State_Territory",10.62,"High","2022-06-26","2023-08-05","SARS-CoV-2","2026-08-14 12:48"
"Georgia","Clayton","ID:328",123715,"State_Territory",10.98,"High","2023-05-18","2023-08-05","SARS-CoV-2","2026-08-14 12:48"
"Georgia","Cobb","ID:329",190000,"State_Territory",4.47,"Low","2022-11-13","2023-08-05","SARS-CoV-2","2026-08-14 12:48"
"Georgia","Cobb","ID:330",190000,"State_Territory",13.79,"Very High","2022-12-25","2023-08-05","SARS-CoV-2","2026-08-14 12:48"
"Georgia","Dekalb","ID:331",325000,"CDC_Biobot",7.54,"Moderate","2022-07-21","2023-08-05","SARS-CoV-2","2026-08-14 12:48"
"Georgia","Dougherty","ID:332",50000,"State_Territory",7.45,"Moderate","2023-05-17","2023-08-05","SARS-CoV-2","2026-08-14 12:48"
"Georgia","Douglas","ID:333",180000,"State_Territory",14.13,"Very High","2023-07-17","2023-08-05","SARS-CoV-2","2026-08-14 12:48"
"Georgia","Floyd","ID:334",75000,"State_Territory",18.57,"Very High","2023-02-20","2023-08-05","SARS-CoV-2","2026-08-14 12:48"
"Georgia","Fulton","ID:336",84486,"WastewaterSCAN",9.61,"High","2022-08-07","2023-08-05","SARS-CoV-2","2026-08-14 12:48"
"Georgia","Fulton","ID:337",189593,"WastewaterSCAN",13.31,"Very High","2022-08-07","2023-08-05","SARS-CoV-2","2026-08-14 12:48"
"Georgia","Fulton","ID:338",190000,"WastewaterSCAN",9.98,"High","2022-08-07","2023-08-05","SARS-CoV-2","2026-08-14 12:48"
"Georgia","Fulton","ID:339",600000,"WastewaterSCAN",10.92,"High","2022-12-11","2023-08-05","SARS-CoV-2","2026-08-14 12:48"
"Georgia","Fulton","ID:340",105160,"WastewaterSCAN",6.28,"Moderate","2022-12-11","2023-08-05","SARS-CoV-2","2026-08-14 12:48"
"Georgia","Fulton","ID:341",70887,"WastewaterSCAN",5.36,"Moderate","2022-12-11","2023-08-05","SARS-CoV-2","2026-08-14 12:48"
"Georgia","Gwinnett","ID:342",650000,"State_Territory",13.45,"Very High","2022-05-23","2023-08-05","SARS-CoV-2","2026-08-14 12:48"
"Georgia","Laurens","ID:344",17000,"State_Territory",2.35,"Very Low","2022-12-25","2023-08-05","SARS-CoV-2","2026-08-14 12:48"
"Georgia","Chattahoochee, Muscogee","ID:346",278000,"WastewaterSCAN",6.54,"Moderate","2022-09-26","2023-08-05","SARS-CoV-2","2026-08-14 12:48"
"Georgia","Newton","ID:347",32000,"State_Territory",10.47,"High","2022-07-27","2023-08-05","SARS-CoV-2","2026-08-14 12:48"
"Georgia","Paulding","ID:348",10000,"State_Territory",8.68,"High","2022-11-10","2023-08-05","SARS-CoV-2","2026-08-14 12:48"
"Georgia","Richmond","ID:353",197191,"CDC_Biobot",1.77,"Very Low","2022-07-25","2023-08-05","SARS-CoV-2","2026-08-14 12:48"
"Georgia","Bulloch","ID:325",15000,"State_Territory",4.14,"Low","2023-06-23","2023-07-29","SARS-CoV-2","2026-08-14 12:48"
"Georgia","Cherokee, Fulton","ID:326",12818,"WastewaterSCAN",8.3,"High","2022-08-08","2023-07-29","SARS-CoV-2","2026-08-14 12:48"
"Georgia","Clarke","ID:327",60000,"State_Territory",12.3,"Very High","2022-06-26","2023-07-29","SARS-CoV-2","2026-08-14 12:48"
"Georgia","Cobb","ID:329",190000,"State_Territory",6.18,"Moderate","2022-11-13","2023-07-29","SARS-CoV-2","2026-08-14 12:48"
"Georgia","Cobb","ID:330",190000,"State_Territory",17.01,"Very High","2022-12-25","2023-07-29","SARS-CoV-2","2026-08-14 12:48"
"Georgia","Dougherty","ID:332",50000,"State_Territory",8.17,"High","2023-05-17","2023-07-29","SARS-CoV-2","2026-08-14 12:48"
"Georgia","Douglas","ID:333",180000,"State_Territory",11.86,"Very High","2023-07-17","2023-07-29","SARS-CoV-2","2026-08-14 12:48"
"Georgia","Floyd","ID:334",75000,"State_Territory",21.23,"Very High","2023-02-20","2023-07-29","SARS-CoV-2","2026-08-14 12:48"
"Georgia","Forsyth","ID:335",36500,"State_Territory",11.77,"Very High","2022-12-25","2023-07-29","SARS-CoV-2","2026-08-14 12:48"
"Georgia","Fulton","ID:336",84486,"WastewaterSCAN",5.44,"Moderate","2022-08-07","2023-07-29","SARS-CoV-2","2026-08-14 12:48"
"Georgia","Fulton","ID:337",189593,"WastewaterSCAN",5.98,"Moderate","2022-08-07","2023-07-29","SARS-CoV-2","2026-08-14 12:48"
"Georgia","Fulton","ID:338",190000,"WastewaterSCAN",5.42,"Moderate","2022-08-07","2023-07-29","SARS-CoV-2","2026-08-14 12:48"
"Georgia","Fulton","ID:339",600000,"WastewaterSCAN",7.86,"Moderate","2022-12-11","2023-07-29","SARS-CoV-2","2026-08-14 12:48"
"Georgia","Fulton","ID:340",105160,"WastewaterSCAN",4.58,"Low","2022-12-11","2023-07-29","SARS-CoV-2","2026-08-14 12:48"
"Georgia","Fulton","ID:341",70887,"WastewaterSCAN",3.77,"Low","2022-12-11","2023-07-29","SARS-CoV-2","2026-08-14 12:48"
"Georgia","Gwinnett","ID:342",650000,"State_Territory",20.84,"Very High","2022-05-23","2023-07-29","SARS-CoV-2","2026-08-14 12:48"
"Georgia","Laurens","ID:344",17000,"State_Territory",1.14,"Very Low","2022-12-25","2023-07-29","SARS-CoV-2","2026-08-14 12:48"
"Georgia","Chattahoochee, Muscogee","ID:346",278000,"WastewaterSCAN",13.63,"Very High","2022-09-26","2023-07-29","SARS-CoV-2","2026-08-14 12:48"
"Georgia","Newton","ID:347",32000,"State_Territory",12.38,"Very High","2022-07-27","2023-07-29","SARS-CoV-2","2026-08-14 12:48"
"Georgia","Paulding","ID:348",10000,"State_Territory",11.68,"Very High","2022-11-10","2023-07-29","SARS-CoV-2","2026-08-14 12:48"
"Georgia","Richmond","ID:353",197191,"CDC_Biobot",2.71,"Low","2022-07-25","2023-07-29","SARS-CoV-2","2026-08-14 12:48"
"Georgia","Bulloch","ID:325",15000,"State_Territory",4.38,"Low","2023-06-23","2023-07-22","SARS-CoV-2","2026-08-14 12:48"
"Georgia","Cherokee, Fulton","ID:326",12818,"WastewaterSCAN",4.04,"Low","2022-08-08","2023-07-22","SARS-CoV-2","2026-08-14 12:48"
"Georgia","Clarke","ID:327",60000,"State_Territory",17.56,"Very High","2022-06-26","2023-07-22","SARS-CoV-2","2026-08-14 12:48"
"Georgia","Clayton","ID:328",123715,"State_Territory",10.96,"High","2023-05-18","2023-07-22","SARS-CoV-2","2026-08-14 12:48"
"Georgia","Cobb","ID:329",190000,"State_Territory",11,"High","2022-11-13","2023-07-22","SARS-CoV-2","2026-08-14 12:48"
"Georgia","Cobb","ID:330",190000,"State_Territory",15.83,"Very High","2022-12-25","2023-07-22","SARS-CoV-2","2026-08-14 12:48"
"Georgia","Dougherty","ID:332",50000,"State_Territory",9.27,"High","2023-05-17","2023-07-22","SARS-CoV-2","2026-08-14 12:48"
"Georgia","Douglas","ID:333",180000,"State_Territory",10.43,"High","2023-07-17","2023-07-22","SARS-CoV-2","2026-08-14 12:48"
"Georgia","Floyd","ID:334",75000,"State_Territory",13.97,"Very High","2023-02-20","2023-07-22","SARS-CoV-2","2026-08-14 12:48"
"Georgia","Forsyth","ID:335",36500,"State_Territory",17.23,"Very High","2022-12-25","2023-07-22","SARS-CoV-2","2026-08-14 12:48"
"Georgia","Fulton","ID:336",84486,"WastewaterSCAN",4.33,"Low","2022-08-07","2023-07-22","SARS-CoV-2","2026-08-14 12:48"
"Georgia","Fulton","ID:337",189593,"WastewaterSCAN",2.38,"Very Low","2022-08-07","2023-07-22","SARS-CoV-2","2026-08-14 12:48"
"Georgia","Fulton","ID:338",190000,"WastewaterSCAN",3.88,"Low","2022-08-07","2023-07-22","SARS-CoV-2","2026-08-14 12:48"
"Georgia","Fulton","ID:339",600000,"WastewaterSCAN",7.85,"Moderate","2022-12-11","2023-07-22","SARS-CoV-2","2026-08-14 12:48"
"Georgia","Fulton","ID:340",105160,"WastewaterSCAN",2.88,"Low","2022-12-11","2023-07-22","SARS-CoV-2","2026-08-14 12:48"
"Georgia","Fulton","ID:341",70887,"WastewaterSCAN",8.76,"High","2022-12-11","2023-07-22","SARS-CoV-2","2026-08-14 12:48"
"Georgia","Gwinnett","ID:342",650000,"State_Territory",19.81,"Very High","2022-05-23","2023-07-22","SARS-CoV-2","2026-08-14 12:48"
"Georgia","Laurens","ID:344",17000,"State_Territory",2.33,"Very Low","2022-12-25","2023-07-22","SARS-CoV-2","2026-08-14 12:48"
"Georgia","Chattahoochee, Muscogee","ID:346",278000,"WastewaterSCAN",7,"Moderate","2022-09-26","2023-07-22","SARS-CoV-2","2026-08-14 12:48"
"Georgia","Newton","ID:347",32000,"State_Territory",10.55,"High","2022-07-27","2023-07-22","SARS-CoV-2","2026-08-14 12:48"
"Georgia","Paulding","ID:348",10000,"State_Territory",5.62,"Moderate","2022-11-10","2023-07-22","SARS-CoV-2","2026-08-14 12:48"
"Georgia","Paulding","ID:349",8000,"State_Territory",38.4,"Very High","2022-05-22","2023-07-22","SARS-CoV-2","2026-08-14 12:48"
"Georgia","Richmond","ID:353",197191,"CDC_Biobot",1.84,"Very Low","2022-07-25","2023-07-22","SARS-CoV-2","2026-08-14 12:48"
"Georgia","Bulloch","ID:325",15000,"State_Territory",2.87,"Low","2023-06-23","2023-07-15","SARS-CoV-2","2026-08-14 12:48"
"Georgia","Cherokee, Fulton","ID:326",12818,"WastewaterSCAN",3.81,"Low","2022-08-08","2023-07-15","SARS-CoV-2","2026-08-14 12:48"
"Georgia","Clarke","ID:327",60000,"State_Territory",7.23,"Moderate","2022-06-26","2023-07-15","SARS-CoV-2","2026-08-14 12:48"
"Georgia","Cobb","ID:329",190000,"State_Territory",12.32,"Very High","2022-11-13","2023-07-15","SARS-CoV-2","2026-08-14 12:48"
"Georgia","Cobb","ID:330",190000,"State_Territory",25.86,"Very High","2022-12-25","2023-07-15","SARS-CoV-2","2026-08-14 12:48"
"Georgia","Dekalb","ID:331",325000,"CDC_Biobot",3.54,"Low","2022-07-21","2023-07-15","SARS-CoV-2","2026-08-14 12:48"
"Georgia","Dougherty","ID:332",50000,"State_Territory",9.35,"High","2023-05-17","2023-07-15","SARS-CoV-2","2026-08-14 12:48"
"Georgia","Douglas","ID:333",180000,"State_Territory",12.43,"Very High","2023-07-17","2023-07-15","SARS-CoV-2","2026-08-14 12:48"
"Georgia","Floyd","ID:334",75000,"State_Territory",18.35,"Very High","2023-02-20","2023-07-15","SARS-CoV-2","2026-08-14 12:48"
"Georgia","Forsyth","ID:335",36500,"State_Territory",9.26,"High","2022-12-25","2023-07-15","SARS-CoV-2","2026-08-14 12:48"
"Georgia","Fulton","ID:336",84486,"WastewaterSCAN",3.76,"Low","2022-08-07","2023-07-15","SARS-CoV-2","2026-08-14 12:48"
"Georgia","Fulton","ID:337",189593,"WastewaterSCAN",4.44,"Low","2022-08-07","2023-07-15","SARS-CoV-2","2026-08-14 12:48"
"Georgia","Fulton","ID:338",190000,"WastewaterSCAN",2.83,"Low","2022-08-07","2023-07-15","SARS-CoV-2","2026-08-14 12:48"
"Georgia","Fulton","ID:339",600000,"WastewaterSCAN",15.96,"Very High","2022-12-11","2023-07-15","SARS-CoV-2","2026-08-14 12:48"
"Georgia","Fulton","ID:340",105160,"WastewaterSCAN",2.07,"Very Low","2022-12-11","2023-07-15","SARS-CoV-2","2026-08-14 12:48"
"Georgia","Fulton","ID:341",70887,"WastewaterSCAN",4.15,"Low","2022-12-11","2023-07-15","SARS-CoV-2","2026-08-14 12:48"
"Georgia","Gwinnett","ID:342",650000,"State_Territory",21.31,"Very High","2022-05-23","2023-07-15","SARS-CoV-2","2026-08-14 12:48"
"Georgia","Laurens","ID:344",17000,"State_Territory",6.64,"Moderate","2022-12-25","2023-07-15","SARS-CoV-2","2026-08-14 12:48"
"Georgia","Newton","ID:347",32000,"State_Territory",11.67,"Very High","2022-07-27","2023-07-15","SARS-CoV-2","2026-08-14 12:48"
"Georgia","Paulding","ID:348",10000,"State_Territory",21.56,"Very High","2022-11-10","2023-07-15","SARS-CoV-2","2026-08-14 12:48"
"Georgia","Paulding","ID:349",8000,"State_Territory",40.52,"Very High","2022-05-22","2023-07-15","SARS-CoV-2","2026-08-14 12:48"
"Georgia","Richmond","ID:353",197191,"CDC_Biobot",1.08,"Very Low","2022-07-25","2023-07-15","SARS-CoV-2","2026-08-14 12:48"
"Georgia","Bulloch","ID:325",15000,"State_Territory",3.64,"Low","2023-06-23","2023-07-08","SARS-CoV-2","2026-08-14 12:48"
"Georgia","Cherokee, Fulton","ID:326",12818,"WastewaterSCAN",4.82,"Low","2022-08-08","2023-07-08","SARS-CoV-2","2026-08-14 12:48"
"Georgia","Clarke","ID:327",60000,"State_Territory",5.14,"Moderate","2022-06-26","2023-07-08","SARS-CoV-2","2026-08-14 12:48"
"Georgia","Clayton","ID:328",123715,"State_Territory",9.88,"High","2023-05-18","2023-07-08","SARS-CoV-2","2026-08-14 12:48"
"Georgia","Cobb","ID:329",190000,"State_Territory",6.82,"Moderate","2022-11-13","2023-07-08","SARS-CoV-2","2026-08-14 12:48"
"Georgia","Cobb","ID:330",190000,"State_Territory",12.61,"Very High","2022-12-25","2023-07-08","SARS-CoV-2","2026-08-14 12:48"
"Georgia","Dekalb","ID:331",325000,"CDC_Biobot",6.28,"Moderate","2022-07-21","2023-07-08","SARS-CoV-2","2026-08-14 12:48"
"Georgia","Dougherty","ID:332",50000,"State_Territory",3.87,"Low","2023-05-17","2023-07-08","SARS-CoV-2","2026-08-14 12:48"
"Georgia","Floyd","ID:334",75000,"State_Territory",24.31,"Very High","2023-02-20","2023-07-08","SARS-CoV-2","2026-08-14 12:48"
"Georgia","Forsyth","ID:335",36500,"State_Territory",16.26,"Very High","2022-12-25","2023-07-08","SARS-CoV-2","2026-08-14 12:48"
"Georgia","Fulton","ID:336",84486,"WastewaterSCAN",3.86,"Low","2022-08-07","2023-07-08","SARS-CoV-2","2026-08-14 12:48"
"Georgia","Fulton","ID:337",189593,"WastewaterSCAN",8.96,"High","2022-08-07","2023-07-08","SARS-CoV-2","2026-08-14 12:48"
"Georgia","Fulton","ID:338",190000,"WastewaterSCAN",5.13,"Moderate","2022-08-07","2023-07-08","SARS-CoV-2","2026-08-14 12:48"
"Georgia","Fulton","ID:339",600000,"WastewaterSCAN",6.51,"Moderate","2022-12-11","2023-07-08","SARS-CoV-2","2026-08-14 12:48"
"Georgia","Fulton","ID:340",105160,"WastewaterSCAN",2.37,"Very Low","2022-12-11","2023-07-08","SARS-CoV-2","2026-08-14 12:48"
"Georgia","Fulton","ID:341",70887,"WastewaterSCAN",5.42,"Moderate","2022-12-11","2023-07-08","SARS-CoV-2","2026-08-14 12:48"
"Georgia","Gwinnett","ID:342",650000,"State_Territory",19.66,"Very High","2022-05-23","2023-07-08","SARS-CoV-2","2026-08-14 12:48"
"Georgia","Newton","ID:347",32000,"State_Territory",9.92,"High","2022-07-27","2023-07-08","SARS-CoV-2","2026-08-14 12:48"
"Georgia","Paulding","ID:348",10000,"State_Territory",28.57,"Very High","2022-11-10","2023-07-08","SARS-CoV-2","2026-08-14 12:48"
"Georgia","Paulding","ID:349",8000,"State_Territory",48.33,"Very High","2022-05-22","2023-07-08","SARS-CoV-2","2026-08-14 12:48"
"Georgia","Bulloch","ID:325",15000,"State_Territory",2.87,"Low","2023-06-23","2023-07-01","SARS-CoV-2","2026-08-14 12:48"
"Georgia","Cherokee, Fulton","ID:326",12818,"WastewaterSCAN",6.65,"Moderate","2022-08-08","2023-07-01","SARS-CoV-2","2026-08-14 12:48"
"Georgia","Clarke","ID:327",60000,"State_Territory",27.77,"Very High","2022-06-26","2023-07-01","SARS-CoV-2","2026-08-14 12:48"
"Georgia","Cobb","ID:329",190000,"State_Territory",5.93,"Moderate","2022-11-13","2023-07-01","SARS-CoV-2","2026-08-14 12:48"
"Georgia","Cobb","ID:330",190000,"State_Territory",15.77,"Very High","2022-12-25","2023-07-01","SARS-CoV-2","2026-08-14 12:48"
"Georgia","Dekalb","ID:331",325000,"CDC_Biobot",2.66,"Low","2022-07-21","2023-07-01","SARS-CoV-2","2026-08-14 12:48"
"Georgia","Dougherty","ID:332",50000,"State_Territory",3.48,"Low","2023-05-17","2023-07-01","SARS-CoV-2","2026-08-14 12:48"
"Georgia","Douglas","ID:333",180000,"State_Territory",17.66,"Very High","2023-07-17","2023-07-01","SARS-CoV-2","2026-08-14 12:48"
"Georgia","Floyd","ID:334",75000,"State_Territory",17.5,"Very High","2023-02-20","2023-07-01","SARS-CoV-2","2026-08-14 12:48"
"Georgia","Forsyth","ID:335",36500,"State_Territory",16.03,"Very High","2022-12-25","2023-07-01","SARS-CoV-2","2026-08-14 12:48"
"Georgia","Fulton","ID:336",84486,"WastewaterSCAN",5.16,"Moderate","2022-08-07","2023-07-01","SARS-CoV-2","2026-08-14 12:48"
"Georgia","Fulton","ID:337",189593,"WastewaterSCAN",3.7,"Low","2022-08-07","2023-07-01","SARS-CoV-2","2026-08-14 12:48"
"Georgia","Fulton","ID:338",190000,"WastewaterSCAN",2.73,"Low","2022-08-07","2023-07-01","SARS-CoV-2","2026-08-14 12:48"
"Georgia","Fulton","ID:339",600000,"WastewaterSCAN",2.8,"Low","2022-12-11","2023-07-01","SARS-CoV-2","2026-08-14 12:48"
"Georgia","Fulton","ID:340",105160,"WastewaterSCAN",3.53,"Low","2022-12-11","2023-07-01","SARS-CoV-2","2026-08-14 12:48"
"Georgia","Fulton","ID:341",70887,"WastewaterSCAN",2.81,"Low","2022-12-11","2023-07-01","SARS-CoV-2","2026-08-14 12:48"
"Georgia","Gwinnett","ID:342",650000,"State_Territory",16.06,"Very High","2022-05-23","2023-07-01","SARS-CoV-2","2026-08-14 12:48"
"Georgia","Laurens","ID:344",17000,"State_Territory",10.96,"High","2022-12-25","2023-07-01","SARS-CoV-2","2026-08-14 12:48"
"Georgia","Chattahoochee, Muscogee","ID:346",278000,"WastewaterSCAN",4.48,"Low","2022-09-26","2023-07-01","SARS-CoV-2","2026-08-14 12:48"
"Georgia","Newton","ID:347",32000,"State_Territory",6.8,"Moderate","2022-07-27","2023-07-01","SARS-CoV-2","2026-08-14 12:48"
"Georgia","Paulding","ID:348",10000,"State_Territory",10.46,"High","2022-11-10","2023-07-01","SARS-CoV-2","2026-08-14 12:48"
"Georgia","Richmond","ID:353",197191,"CDC_Biobot",37.63,"Very High","2022-07-25","2023-07-01","SARS-CoV-2","2026-08-14 12:48"
"Georgia","Bulloch","ID:325",15000,"State_Territory",2.72,"Low","2023-06-23","2023-06-24","SARS-CoV-2","2026-08-14 12:48"
"Georgia","Cherokee, Fulton","ID:326",12818,"WastewaterSCAN",4.63,"Low","2022-08-08","2023-06-24","SARS-CoV-2","2026-08-14 12:48"
"Georgia","Clarke","ID:327",60000,"State_Territory",7.61,"Moderate","2022-06-26","2023-06-24","SARS-CoV-2","2026-08-14 12:48"
"Georgia","Clayton","ID:328",123715,"State_Territory",5.63,"Moderate","2023-05-18","2023-06-24","SARS-CoV-2","2026-08-14 12:48"
"Georgia","Cobb","ID:329",190000,"State_Territory",9.43,"High","2022-11-13","2023-06-24","SARS-CoV-2","2026-08-14 12:48"
"Georgia","Cobb","ID:330",190000,"State_Territory",25.26,"Very High","2022-12-25","2023-06-24","SARS-CoV-2","2026-08-14 12:48"
"Georgia","Dekalb","ID:331",325000,"CDC_Biobot",0.81,"Very Low","2022-07-21","2023-06-24","SARS-CoV-2","2026-08-14 12:48"
"Georgia","Dougherty","ID:332",50000,"State_Territory",2.69,"Low","2023-05-17","2023-06-24","SARS-CoV-2","2026-08-14 12:48"
"Georgia","Floyd","ID:334",75000,"State_Territory",7.94,"High","2023-02-20","2023-06-24","SARS-CoV-2","2026-08-14 12:48"
"Georgia","Forsyth","ID:335",36500,"State_Territory",10.34,"High","2022-12-25","2023-06-24","SARS-CoV-2","2026-08-14 12:48"
"Georgia","Fulton","ID:336",84486,"WastewaterSCAN",2.31,"Very Low","2022-08-07","2023-06-24","SARS-CoV-2","2026-08-14 12:48"
"Georgia","Fulton","ID:337",189593,"WastewaterSCAN",4.48,"Low","2022-08-07","2023-06-24","SARS-CoV-2","2026-08-14 12:48"
"Georgia","Fulton","ID:338",190000,"WastewaterSCAN",2.33,"Very Low","2022-08-07","2023-06-24","SARS-CoV-2","2026-08-14 12:48"
"Georgia","Fulton","ID:339",600000,"WastewaterSCAN",3.54,"Low","2022-12-11","2023-06-24","SARS-CoV-2","2026-08-14 12:48"
"Georgia","Fulton","ID:340",105160,"WastewaterSCAN",1.69,"Very Low","2022-12-11","2023-06-24","SARS-CoV-2","2026-08-14 12:48"
"Georgia","Fulton","ID:341",70887,"WastewaterSCAN",2.99,"Low","2022-12-11","2023-06-24","SARS-CoV-2","2026-08-14 12:48"
"Georgia","Gwinnett","ID:342",650000,"State_Territory",16.05,"Very High","2022-05-23","2023-06-24","SARS-CoV-2","2026-08-14 12:48"
"Georgia","Laurens","ID:344",17000,"State_Territory",1.51,"Very Low","2022-12-25","2023-06-24","SARS-CoV-2","2026-08-14 12:48"
"Georgia","Chattahoochee, Muscogee","ID:346",278000,"WastewaterSCAN",5.4,"Moderate","2022-09-26","2023-06-24","SARS-CoV-2","2026-08-14 12:48"
"Georgia","Newton","ID:347",32000,"State_Territory",8.52,"High","2022-07-27","2023-06-24","SARS-CoV-2","2026-08-14 12:48"
"Georgia","Paulding","ID:348",10000,"State_Territory",6.4,"Moderate","2022-11-10","2023-06-24","SARS-CoV-2","2026-08-14 12:48"
"Georgia","Paulding","ID:349",8000,"State_Territory",20.27,"Very High","2022-05-22","2023-06-24","SARS-CoV-2","2026-08-14 12:48"
"Georgia","Richmond","ID:353",197191,"CDC_Biobot",2.19,"Very Low","2022-07-25","2023-06-24","SARS-CoV-2","2026-08-14 12:48"
"Georgia","Bulloch","ID:325",15000,"State_Territory",1.4,"Very Low","2023-06-23","2023-06-17","SARS-CoV-2","2026-08-14 12:48"
"Georgia","Cherokee, Fulton","ID:326",12818,"WastewaterSCAN",3.63,"Low","2022-08-08","2023-06-17","SARS-CoV-2","2026-08-14 12:48"
"Georgia","Clarke","ID:327",60000,"State_Territory",6.88,"Moderate","2022-06-26","2023-06-17","SARS-CoV-2","2026-08-14 12:48"
"Georgia","Cobb","ID:329",190000,"State_Territory",3.34,"Low","2022-11-13","2023-06-17","SARS-CoV-2","2026-08-14 12:48"
"Georgia","Dougherty","ID:332",50000,"State_Territory",1.59,"Very Low","2023-05-17","2023-06-17","SARS-CoV-2","2026-08-14 12:48"
"Georgia","Douglas","ID:333",180000,"State_Territory",12.29,"Very High","2023-07-17","2023-06-17","SARS-CoV-2","2026-08-14 12:48"
"Georgia","Floyd","ID:334",75000,"State_Territory",7.15,"Moderate","2023-02-20","2023-06-17","SARS-CoV-2","2026-08-14 12:48"
"Georgia","Forsyth","ID:335",36500,"State_Territory",11.61,"Very High","2022-12-25","2023-06-17","SARS-CoV-2","2026-08-14 12:48"
"Georgia","Fulton","ID:336",84486,"WastewaterSCAN",2.22,"Very Low","2022-08-07","2023-06-17","SARS-CoV-2","2026-08-14 12:48"
"Georgia","Fulton","ID:337",189593,"WastewaterSCAN",2.48,"Very Low","2022-08-07","2023-06-17","SARS-CoV-2","2026-08-14 12:48"
"Georgia","Fulton","ID:338",190000,"WastewaterSCAN",1.62,"Very Low","2022-08-07","2023-06-17","SARS-CoV-2","2026-08-14 12:48"
"Georgia","Fulton","ID:339",600000,"WastewaterSCAN",4.26,"Low","2022-12-11","2023-06-17","SARS-CoV-2","2026-08-14 12:48"
"Georgia","Fulton","ID:340",105160,"WastewaterSCAN",1.79,"Very Low","2022-12-11","2023-06-17","SARS-CoV-2","2026-08-14 12:48"
"Georgia","Fulton","ID:341",70887,"WastewaterSCAN",3.83,"Low","2022-12-11","2023-06-17","SARS-CoV-2","2026-08-14 12:48"
"Georgia","Gwinnett","ID:342",650000,"State_Territory",9.82,"High","2022-05-23","2023-06-17","SARS-CoV-2","2026-08-14 12:48"
"Georgia","Laurens","ID:344",17000,"State_Territory",0.38,"Very Low","2022-12-25","2023-06-17","SARS-CoV-2","2026-08-14 12:48"
"Georgia","Chattahoochee, Muscogee","ID:346",278000,"WastewaterSCAN",1.19,"Very Low","2022-09-26","2023-06-17","SARS-CoV-2","2026-08-14 12:48"
"Georgia","Newton","ID:347",32000,"State_Territory",10.6,"High","2022-07-27","2023-06-17","SARS-CoV-2","2026-08-14 12:48"
"Georgia","Paulding","ID:348",10000,"State_Territory",1.82,"Very Low","2022-11-10","2023-06-17","SARS-CoV-2","2026-08-14 12:48"
"Georgia","Paulding","ID:349",8000,"State_Territory",11.2,"High","2022-05-22","2023-06-17","SARS-CoV-2","2026-08-14 12:48"
"Georgia","Richmond","ID:353",197191,"CDC_Biobot",2.44,"Very Low","2022-07-25","2023-06-17","SARS-CoV-2","2026-08-14 12:48"
"Georgia","Bulloch","ID:325",15000,"State_Territory",2.08,"Very Low","2023-06-23","2023-06-10","SARS-CoV-2","2026-08-14 12:48"
"Georgia","Clarke","ID:327",60000,"State_Territory",1.71,"Very Low","2022-06-26","2023-06-10","SARS-CoV-2","2026-08-14 12:48"
"Georgia","Clayton","ID:328",123715,"State_Territory",1.47,"Very Low","2023-05-18","2023-06-10","SARS-CoV-2","2026-08-14 12:48"
"Georgia","Cobb","ID:329",190000,"State_Territory",7.74,"Moderate","2022-11-13","2023-06-10","SARS-CoV-2","2026-08-14 12:48"
"Georgia","Cobb","ID:330",190000,"State_Territory",19.52,"Very High","2022-12-25","2023-06-10","SARS-CoV-2","2026-08-14 12:48"
"Georgia","Dekalb","ID:331",325000,"CDC_Biobot",0.89,"Very Low","2022-07-21","2023-06-10","SARS-CoV-2","2026-08-14 12:48"
"Georgia","Dougherty","ID:332",50000,"State_Territory",0.25,"Very Low","2023-05-17","2023-06-10","SARS-CoV-2","2026-08-14 12:48"
"Georgia","Douglas","ID:333",180000,"State_Territory",2.09,"Very Low","2023-07-17","2023-06-10","SARS-CoV-2","2026-08-14 12:48"
"Georgia","Floyd","ID:334",75000,"State_Territory",18.42,"Very High","2023-02-20","2023-06-10","SARS-CoV-2","2026-08-14 12:48"
"Georgia","Forsyth","ID:335",36500,"State_Territory",3.15,"Low","2022-12-25","2023-06-10","SARS-CoV-2","2026-08-14 12:48"
"Georgia","Fulton","ID:338",190000,"WastewaterSCAN",5.1,"Moderate","2022-08-07","2023-06-10","SARS-CoV-2","2026-08-14 12:48"
"Georgia","Fulton","ID:339",600000,"WastewaterSCAN",10.68,"High","2022-12-11","2023-06-10","SARS-CoV-2","2026-08-14 12:48"
"Georgia","Fulton","ID:340",105160,"WastewaterSCAN",2.9,"Low","2022-12-11","2023-06-10","SARS-CoV-2","2026-08-14 12:48"
"Georgia","Fulton","ID:341",70887,"WastewaterSCAN",5.96,"Moderate","2022-12-11","2023-06-10","SARS-CoV-2","2026-08-14 12:48"
"Georgia","Gwinnett","ID:342",650000,"State_Territory",18.88,"Very High","2022-05-23","2023-06-10","SARS-CoV-2","2026-08-14 12:48"
"Georgia","Laurens","ID:344",17000,"State_Territory",1.81,"Very Low","2022-12-25","2023-06-10","SARS-CoV-2","2026-08-14 12:48"
"Georgia","Chattahoochee, Muscogee","ID:346",278000,"WastewaterSCAN",3.24,"Low","2022-09-26","2023-06-10","SARS-CoV-2","2026-08-14 12:48"
"Georgia","Newton","ID:347",32000,"State_Territory",7.75,"Moderate","2022-07-27","2023-06-10","SARS-CoV-2","2026-08-14 12:48"
"Georgia","Paulding","ID:348",10000,"State_Territory",3.03,"Low","2022-11-10","2023-06-10","SARS-CoV-2","2026-08-14 12:48"
"Georgia","Paulding","ID:349",8000,"State_Territory",11.7,"Very High","2022-05-22","2023-06-10","SARS-CoV-2","2026-08-14 12:48"
"Georgia","Richmond","ID:353",197191,"CDC_Biobot",1.13,"Very Low","2022-07-25","2023-06-10","SARS-CoV-2","2026-08-14 12:48"
"Georgia","Bulloch","ID:325",15000,"State_Territory",2.2,"Very Low","2023-06-23","2023-06-03","SARS-CoV-2","2026-08-14 12:48"
"Georgia","Cherokee, Fulton","ID:326",12818,"WastewaterSCAN",2.56,"Very Low","2022-08-08","2023-06-03","SARS-CoV-2","2026-08-14 12:48"
"Georgia","Clarke","ID:327",60000,"State_Territory",7.02,"Moderate","2022-06-26","2023-06-03","SARS-CoV-2","2026-08-14 12:48"
"Georgia","Cobb","ID:329",190000,"State_Territory",9.12,"High","2022-11-13","2023-06-03","SARS-CoV-2","2026-08-14 12:48"
"Georgia","Dekalb","ID:331",325000,"CDC_Biobot",0.05,"Very Low","2022-07-21","2023-06-03","SARS-CoV-2","2026-08-14 12:48"
"Georgia","Dougherty","ID:332",50000,"State_Territory",8.8,"High","2023-05-17","2023-06-03","SARS-CoV-2","2026-08-14 12:48"
"Georgia","Floyd","ID:334",75000,"State_Territory",16.87,"Very High","2023-02-20","2023-06-03","SARS-CoV-2","2026-08-14 12:48"
"Georgia","Forsyth","ID:335",36500,"State_Territory",14.82,"Very High","2022-12-25","2023-06-03","SARS-CoV-2","2026-08-14 12:48"
"Georgia","Fulton","ID:336",84486,"WastewaterSCAN",2.4,"Very Low","2022-08-07","2023-06-03","SARS-CoV-2","2026-08-14 12:48"
"Georgia","Fulton","ID:337",189593,"WastewaterSCAN",3.3,"Low","2022-08-07","2023-06-03","SARS-CoV-2","2026-08-14 12:48"
"Georgia","Fulton","ID:338",190000,"WastewaterSCAN",4.55,"Low","2022-08-07","2023-06-03","SARS-CoV-2","2026-08-14 12:48"
"Georgia","Fulton","ID:339",600000,"WastewaterSCAN",5.03,"Moderate","2022-12-11","2023-06-03","SARS-CoV-2","2026-08-14 12:48"
"Georgia","Fulton","ID:340",105160,"WastewaterSCAN",6.07,"Moderate","2022-12-11","2023-06-03","SARS-CoV-2","2026-08-14 12:48"
"Georgia","Fulton","ID:341",70887,"WastewaterSCAN",6.01,"Moderate","2022-12-11","2023-06-03","SARS-CoV-2","2026-08-14 12:48"
"Georgia","Gwinnett","ID:342",650000,"State_Territory",17.86,"Very High","2022-05-23","2023-06-03","SARS-CoV-2","2026-08-14 12:48"
"Georgia","Laurens","ID:344",17000,"State_Territory",3.03,"Low","2022-12-25","2023-06-03","SARS-CoV-2","2026-08-14 12:48"
"Georgia","Chattahoochee, Muscogee","ID:346",278000,"WastewaterSCAN",1.51,"Very Low","2022-09-26","2023-06-03","SARS-CoV-2","2026-08-14 12:48"
"Georgia","Newton","ID:347",32000,"State_Territory",8.72,"High","2022-07-27","2023-06-03","SARS-CoV-2","2026-08-14 12:48"
"Georgia","Paulding","ID:348",10000,"State_Territory",2.96,"Low","2022-11-10","2023-06-03","SARS-CoV-2","2026-08-14 12:48"
"Georgia","Bulloch","ID:325",15000,"State_Territory",2.11,"Very Low","2023-06-23","2023-05-27","SARS-CoV-2","2026-08-14 12:48"
"Georgia","Cherokee, Fulton","ID:326",12818,"WastewaterSCAN",1.7,"Very Low","2022-08-08","2023-05-27","SARS-CoV-2","2026-08-14 12:48"
"Georgia","Clarke","ID:327",60000,"State_Territory",40.5,"Very High","2022-06-26","2023-05-27","SARS-CoV-2","2026-08-14 12:48"
"Georgia","Clayton","ID:328",123715,"State_Territory",13.31,"Very High","2023-05-18","2023-05-27","SARS-CoV-2","2026-08-14 12:48"
"Georgia","Cobb","ID:329",190000,"State_Territory",2.12,"Very Low","2022-11-13","2023-05-27","SARS-CoV-2","2026-08-14 12:48"
"Georgia","Cobb","ID:330",190000,"State_Territory",11.55,"High","2022-12-25","2023-05-27","SARS-CoV-2","2026-08-14 12:48"
"Georgia","Dekalb","ID:331",325000,"CDC_Biobot",1.06,"Very Low","2022-07-21","2023-05-27","SARS-CoV-2","2026-08-14 12:48"
"Georgia","Dougherty","ID:332",50000,"State_Territory",4.05,"Low","2023-05-17","2023-05-27","SARS-CoV-2","2026-08-14 12:48"
"Georgia","Floyd","ID:334",75000,"State_Territory",20.91,"Very High","2023-02-20","2023-05-27","SARS-CoV-2","2026-08-14 12:48"
"Georgia","Forsyth","ID:335",36500,"State_Territory",12.93,"Very High","2022-12-25","2023-05-27","SARS-CoV-2","2026-08-14 12:48"
"Georgia","Fulton","ID:336",84486,"WastewaterSCAN",1.83,"Very Low","2022-08-07","2023-05-27","SARS-CoV-2","2026-08-14 12:48"
"Georgia","Fulton","ID:337",189593,"WastewaterSCAN",6.04,"Moderate","2022-08-07","2023-05-27","SARS-CoV-2","2026-08-14 12:48"
"Georgia","Fulton","ID:338",190000,"WastewaterSCAN",4.52,"Low","2022-08-07","2023-05-27","SARS-CoV-2","2026-08-14 12:48"
"Georgia","Fulton","ID:339",600000,"WastewaterSCAN",3.48,"Low","2022-12-11","2023-05-27","SARS-CoV-2","2026-08-14 12:48"
"Georgia","Fulton","ID:340",105160,"WastewaterSCAN",7.57,"Moderate","2022-12-11","2023-05-27","SARS-CoV-2","2026-08-14 12:48"
"Georgia","Fulton","ID:341",70887,"WastewaterSCAN",3.74,"Low","2022-12-11","2023-05-27","SARS-CoV-2","2026-08-14 12:48"
"Georgia","Gwinnett","ID:342",650000,"State_Territory",48.61,"Very High","2022-05-23","2023-05-27","SARS-CoV-2","2026-08-14 12:48"
"Georgia","Laurens","ID:344",17000,"State_Territory",1.94,"Very Low","2022-12-25","2023-05-27","SARS-CoV-2","2026-08-14 12:48"
"Georgia","Chattahoochee, Muscogee","ID:346",278000,"WastewaterSCAN",2.63,"Low","2022-09-26","2023-05-27","SARS-CoV-2","2026-08-14 12:48"
"Georgia","Newton","ID:347",32000,"State_Territory",10.88,"High","2022-07-27","2023-05-27","SARS-CoV-2","2026-08-14 12:48"
"Georgia","Paulding","ID:348",10000,"State_Territory",6.34,"Moderate","2022-11-10","2023-05-27","SARS-CoV-2","2026-08-14 12:48"
"Georgia","Paulding","ID:349",8000,"State_Territory",1,"Very Low","2022-05-22","2023-05-27","SARS-CoV-2","2026-08-14 12:48"
"Georgia","Richmond","ID:353",197191,"CDC_Biobot",1.27,"Very Low","2022-07-25","2023-05-27","SARS-CoV-2","2026-08-14 12:48"
"Georgia","Bulloch","ID:325",15000,"State_Territory",1.48,"Very Low","2023-06-23","2023-05-20","SARS-CoV-2","2026-08-14 12:48"
"Georgia","Cherokee, Fulton","ID:326",12818,"WastewaterSCAN",4.91,"Moderate","2022-08-08","2023-05-20","SARS-CoV-2","2026-08-14 12:48"
"Georgia","Clarke","ID:327",60000,"State_Territory",12.75,"Very High","2022-06-26","2023-05-20","SARS-CoV-2","2026-08-14 12:48"
"Georgia","Clayton","ID:328",123715,"State_Territory",5.55,"Moderate","2023-05-18","2023-05-20","SARS-CoV-2","2026-08-14 12:48"
"Georgia","Cobb","ID:329",190000,"State_Territory",3.14,"Low","2022-11-13","2023-05-20","SARS-CoV-2","2026-08-14 12:48"
"Georgia","Cobb","ID:330",190000,"State_Territory",15.09,"Very High","2022-12-25","2023-05-20","SARS-CoV-2","2026-08-14 12:48"
"Georgia","Dekalb","ID:331",325000,"CDC_Biobot",1.37,"Very Low","2022-07-21","2023-05-20","SARS-CoV-2","2026-08-14 12:48"
"Georgia","Dougherty","ID:332",50000,"State_Territory",4.75,"Low","2023-05-17","2023-05-20","SARS-CoV-2","2026-08-14 12:48"
"Georgia","Floyd","ID:334",75000,"State_Territory",14.13,"Very High","2023-02-20","2023-05-20","SARS-CoV-2","2026-08-14 12:48"
"Georgia","Forsyth","ID:335",36500,"State_Territory",6.55,"Moderate","2022-12-25","2023-05-20","SARS-CoV-2","2026-08-14 12:48"
"Georgia","Fulton","ID:336",84486,"WastewaterSCAN",3.72,"Low","2022-08-07","2023-05-20","SARS-CoV-2","2026-08-14 12:48"
"Georgia","Fulton","ID:337",189593,"WastewaterSCAN",3.72,"Low","2022-08-07","2023-05-20","SARS-CoV-2","2026-08-14 12:48"
"Georgia","Fulton","ID:338",190000,"WastewaterSCAN",3.65,"Low","2022-08-07","2023-05-20","SARS-CoV-2","2026-08-14 12:48"
"Georgia","Fulton","ID:339",600000,"WastewaterSCAN",4.8,"Low","2022-12-11","2023-05-20","SARS-CoV-2","2026-08-14 12:48"
"Georgia","Fulton","ID:340",105160,"WastewaterSCAN",2.39,"Very Low","2022-12-11","2023-05-20","SARS-CoV-2","2026-08-14 12:48"
"Georgia","Fulton","ID:341",70887,"WastewaterSCAN",2.72,"Low","2022-12-11","2023-05-20","SARS-CoV-2","2026-08-14 12:48"
"Georgia","Gwinnett","ID:342",650000,"State_Territory",15.68,"Very High","2022-05-23","2023-05-20","SARS-CoV-2","2026-08-14 12:48"
"Georgia","Laurens","ID:344",17000,"State_Territory",2.24,"Very Low","2022-12-25","2023-05-20","SARS-CoV-2","2026-08-14 12:48"
"Georgia","Chattahoochee, Muscogee","ID:346",278000,"WastewaterSCAN",1.89,"Very Low","2022-09-26","2023-05-20","SARS-CoV-2","2026-08-14 12:48"
"Georgia","Newton","ID:347",32000,"State_Territory",6.93,"Moderate","2022-07-27","2023-05-20","SARS-CoV-2","2026-08-14 12:48"
"Georgia","Paulding","ID:348",10000,"State_Territory",28.36,"Very High","2022-11-10","2023-05-20","SARS-CoV-2","2026-08-14 12:48"
"Georgia","Paulding","ID:349",8000,"State_Territory",7.25,"Moderate","2022-05-22","2023-05-20","SARS-CoV-2","2026-08-14 12:48"
"Georgia","Richmond","ID:353",197191,"CDC_Biobot",1.5,"Very Low","2022-07-25","2023-05-20","SARS-CoV-2","2026-08-14 12:48"
"Georgia","Bulloch","ID:325",15000,"State_Territory",3.43,"Low","2023-06-23","2023-05-13","SARS-CoV-2","2026-08-14 12:48"
"Georgia","Cherokee, Fulton","ID:326",12818,"WastewaterSCAN",7.22,"Moderate","2022-08-08","2023-05-13","SARS-CoV-2","2026-08-14 12:48"
"Georgia","Clarke","ID:327",60000,"State_Territory",20.17,"Very High","2022-06-26","2023-05-13","SARS-CoV-2","2026-08-14 12:48"
"Georgia","Clayton","ID:328",123715,"State_Territory",6.14,"Moderate","2023-05-18","2023-05-13","SARS-CoV-2","2026-08-14 12:48"
"Georgia","Cobb","ID:329",190000,"State_Territory",10.09,"High","2022-11-13","2023-05-13","SARS-CoV-2","2026-08-14 12:48"
"Georgia","Cobb","ID:330",190000,"State_Territory",21.79,"Very High","2022-12-25","2023-05-13","SARS-CoV-2","2026-08-14 12:48"
"Georgia","Dougherty","ID:332",50000,"State_Territory",2.98,"Low","2023-05-17","2023-05-13","SARS-CoV-2","2026-08-14 12:48"
"Georgia","Floyd","ID:334",75000,"State_Territory",8.04,"High","2023-02-20","2023-05-13","SARS-CoV-2","2026-08-14 12:48"
"Georgia","Forsyth","ID:335",36500,"State_Territory",17.38,"Very High","2022-12-25","2023-05-13","SARS-CoV-2","2026-08-14 12:48"
"Georgia","Fulton","ID:336",84486,"WastewaterSCAN",5.91,"Moderate","2022-08-07","2023-05-13","SARS-CoV-2","2026-08-14 12:48"
"Georgia","Fulton","ID:337",189593,"WastewaterSCAN",3.86,"Low","2022-08-07","2023-05-13","SARS-CoV-2","2026-08-14 12:48"
"Georgia","Fulton","ID:338",190000,"WastewaterSCAN",4.01,"Low","2022-08-07","2023-05-13","SARS-CoV-2","2026-08-14 12:48"
"Georgia","Fulton","ID:339",600000,"WastewaterSCAN",3.8,"Low","2022-12-11","2023-05-13","SARS-CoV-2","2026-08-14 12:48"
"Georgia","Fulton","ID:340",105160,"WastewaterSCAN",4.49,"Low","2022-12-11","2023-05-13","SARS-CoV-2","2026-08-14 12:48"
"Georgia","Fulton","ID:341",70887,"WastewaterSCAN",6.52,"Moderate","2022-12-11","2023-05-13","SARS-CoV-2","2026-08-14 12:48"
"Georgia","Gwinnett","ID:342",650000,"State_Territory",19.58,"Very High","2022-05-23","2023-05-13","SARS-CoV-2","2026-08-14 12:48"
"Georgia","Laurens","ID:344",17000,"State_Territory",1.49,"Very Low","2022-12-25","2023-05-13","SARS-CoV-2","2026-08-14 12:48"
"Georgia","Chattahoochee, Muscogee","ID:346",278000,"WastewaterSCAN",11.85,"Very High","2022-09-26","2023-05-13","SARS-CoV-2","2026-08-14 12:48"
"Georgia","Newton","ID:347",32000,"State_Territory",12.56,"Very High","2022-07-27","2023-05-13","SARS-CoV-2","2026-08-14 12:48"
"Georgia","Paulding","ID:348",10000,"State_Territory",11.12,"High","2022-11-10","2023-05-13","SARS-CoV-2","2026-08-14 12:48"
"Georgia","Paulding","ID:349",8000,"State_Territory",15.07,"Very High","2022-05-22","2023-05-13","SARS-CoV-2","2026-08-14 12:48"
"Georgia","Richmond","ID:353",197191,"CDC_Biobot",1.35,"Very Low","2022-07-25","2023-05-13","SARS-CoV-2","2026-08-14 12:48"
"Georgia","Cherokee, Fulton","ID:326",12818,"WastewaterSCAN",7.41,"Moderate","2022-08-08","2023-05-06","SARS-CoV-2","2026-08-14 12:48"
"Georgia","Clarke","ID:327",60000,"State_Territory",11.53,"High","2022-06-26","2023-05-06","SARS-CoV-2","2026-08-14 12:48"
"Georgia","Clayton","ID:328",123715,"State_Territory",9.62,"High","2023-05-18","2023-05-06","SARS-CoV-2","2026-08-14 12:48"
"Georgia","Cobb","ID:329",190000,"State_Territory",1.24,"Very Low","2022-11-13","2023-05-06","SARS-CoV-2","2026-08-14 12:48"
"Georgia","Cobb","ID:330",190000,"State_Territory",18.21,"Very High","2022-12-25","2023-05-06","SARS-CoV-2","2026-08-14 12:48"
"Georgia","Dekalb","ID:331",325000,"CDC_Biobot",1.27,"Very Low","2022-07-21","2023-05-06","SARS-CoV-2","2026-08-14 12:48"
"Georgia","Dougherty","ID:332",50000,"State_Territory",2.81,"Low","2023-05-17","2023-05-06","SARS-CoV-2","2026-08-14 12:48"
"Georgia","Floyd","ID:334",75000,"State_Territory",7.77,"Moderate","2023-02-20","2023-05-06","SARS-CoV-2","2026-08-14 12:48"
"Georgia","Forsyth","ID:335",36500,"State_Territory",13.41,"Very High","2022-12-25","2023-05-06","SARS-CoV-2","2026-08-14 12:48"
"Georgia","Fulton","ID:336",84486,"WastewaterSCAN",5.95,"Moderate","2022-08-07","2023-05-06","SARS-CoV-2","2026-08-14 12:48"
"Georgia","Fulton","ID:337",189593,"WastewaterSCAN",5.48,"Moderate","2022-08-07","2023-05-06","SARS-CoV-2","2026-08-14 12:48"
"Georgia","Fulton","ID:338",190000,"WastewaterSCAN",4.26,"Low","2022-08-07","2023-05-06","SARS-CoV-2","2026-08-14 12:48"
"Georgia","Fulton","ID:339",600000,"WastewaterSCAN",4.77,"Low","2022-12-11","2023-05-06","SARS-CoV-2","2026-08-14 12:48"
"Georgia","Fulton","ID:340",105160,"WastewaterSCAN",3.58,"Low","2022-12-11","2023-05-06","SARS-CoV-2","2026-08-14 12:48"
"Georgia","Fulton","ID:341",70887,"WastewaterSCAN",3.8,"Low","2022-12-11","2023-05-06","SARS-CoV-2","2026-08-14 12:48"
"Georgia","Gwinnett","ID:342",650000,"State_Territory",14.45,"Very High","2022-05-23","2023-05-06","SARS-CoV-2","2026-08-14 12:48"
"Georgia","Laurens","ID:344",17000,"State_Territory",6.37,"Moderate","2022-12-25","2023-05-06","SARS-CoV-2","2026-08-14 12:48"
"Georgia","Chattahoochee, Muscogee","ID:346",278000,"WastewaterSCAN",3.64,"Low","2022-09-26","2023-05-06","SARS-CoV-2","2026-08-14 12:48"
"Georgia","Newton","ID:347",32000,"State_Territory",9.83,"High","2022-07-27","2023-05-06","SARS-CoV-2","2026-08-14 12:48"
"Georgia","Paulding","ID:348",10000,"State_Territory",13.16,"Very High","2022-11-10","2023-05-06","SARS-CoV-2","2026-08-14 12:48"
"Georgia","Richmond","ID:353",197191,"CDC_Biobot",0.5,"Very Low","2022-07-25","2023-05-06","SARS-CoV-2","2026-08-14 12:48"
"Georgia","Cherokee, Fulton","ID:326",12818,"WastewaterSCAN",4.18,"Low","2022-08-08","2023-04-29","SARS-CoV-2","2026-08-14 12:48"
"Georgia","Clarke","ID:327",60000,"State_Territory",41.51,"Very High","2022-06-26","2023-04-29","SARS-CoV-2","2026-08-14 12:48"
"Georgia","Cobb","ID:329",190000,"State_Territory",10.74,"High","2022-11-13","2023-04-29","SARS-CoV-2","2026-08-14 12:48"
"Georgia","Dekalb","ID:331",325000,"CDC_Biobot",1.16,"Very Low","2022-07-21","2023-04-29","SARS-CoV-2","2026-08-14 12:48"
"Georgia","Dougherty","ID:332",50000,"State_Territory",3.48,"Low","2023-05-17","2023-04-29","SARS-CoV-2","2026-08-14 12:48"
"Georgia","Floyd","ID:334",75000,"State_Territory",10.4,"High","2023-02-20","2023-04-29","SARS-CoV-2","2026-08-14 12:48"
"Georgia","Forsyth","ID:335",36500,"State_Territory",16.1,"Very High","2022-12-25","2023-04-29","SARS-CoV-2","2026-08-14 12:48"
"Georgia","Fulton","ID:336",84486,"WastewaterSCAN",3.4,"Low","2022-08-07","2023-04-29","SARS-CoV-2","2026-08-14 12:48"
"Georgia","Fulton","ID:337",189593,"WastewaterSCAN",18.1,"Very High","2022-08-07","2023-04-29","SARS-CoV-2","2026-08-14 12:48"
"Georgia","Fulton","ID:338",190000,"WastewaterSCAN",5.05,"Moderate","2022-08-07","2023-04-29","SARS-CoV-2","2026-08-14 12:48"
"Georgia","Fulton","ID:339",600000,"WastewaterSCAN",7.67,"Moderate","2022-12-11","2023-04-29","SARS-CoV-2","2026-08-14 12:48"
"Georgia","Fulton","ID:340",105160,"WastewaterSCAN",2.13,"Very Low","2022-12-11","2023-04-29","SARS-CoV-2","2026-08-14 12:48"
"Georgia","Fulton","ID:341",70887,"WastewaterSCAN",3.11,"Low","2022-12-11","2023-04-29","SARS-CoV-2","2026-08-14 12:48"
"Georgia","Gwinnett","ID:342",650000,"State_Territory",19.14,"Very High","2022-05-23","2023-04-29","SARS-CoV-2","2026-08-14 12:48"
"Georgia","Laurens","ID:344",17000,"State_Territory",2.14,"Very Low","2022-12-25","2023-04-29","SARS-CoV-2","2026-08-14 12:48"
"Georgia","Chattahoochee, Muscogee","ID:346",278000,"WastewaterSCAN",5.09,"Moderate","2022-09-26","2023-04-29","SARS-CoV-2","2026-08-14 12:48"
"Georgia","Newton","ID:347",32000,"State_Territory",13.34,"Very High","2022-07-27","2023-04-29","SARS-CoV-2","2026-08-14 12:48"
"Georgia","Paulding","ID:348",10000,"State_Territory",14.63,"Very High","2022-11-10","2023-04-29","SARS-CoV-2","2026-08-14 12:48"
"Georgia","Paulding","ID:349",8000,"State_Territory",12.3,"Very High","2022-05-22","2023-04-29","SARS-CoV-2","2026-08-14 12:48"
"Georgia","Richmond","ID:353",197191,"CDC_Biobot",0.98,"Very Low","2022-07-25","2023-04-29","SARS-CoV-2","2026-08-14 12:48"
"Georgia","Cherokee, Fulton","ID:326",12818,"WastewaterSCAN",2.77,"Low","2022-08-08","2023-04-22","SARS-CoV-2","2026-08-14 12:48"
"Georgia","Clarke","ID:327",60000,"State_Territory",9.4,"High","2022-06-26","2023-04-22","SARS-CoV-2","2026-08-14 12:48"
"Georgia","Clayton","ID:328",123715,"State_Territory",3.55,"Low","2023-05-18","2023-04-22","SARS-CoV-2","2026-08-14 12:48"
"Georgia","Cobb","ID:329",190000,"State_Territory",4.58,"Low","2022-11-13","2023-04-22","SARS-CoV-2","2026-08-14 12:48"
"Georgia","Cobb","ID:330",190000,"State_Territory",12.15,"Very High","2022-12-25","2023-04-22","SARS-CoV-2","2026-08-14 12:48"
"Georgia","Dekalb","ID:331",325000,"CDC_Biobot",1.07,"Very Low","2022-07-21","2023-04-22","SARS-CoV-2","2026-08-14 12:48"
"Georgia","Dougherty","ID:332",50000,"State_Territory",3.81,"Low","2023-05-17","2023-04-22","SARS-CoV-2","2026-08-14 12:48"
"Georgia","Floyd","ID:334",75000,"State_Territory",11.37,"High","2023-02-20","2023-04-22","SARS-CoV-2","2026-08-14 12:48"
"Georgia","Forsyth","ID:335",36500,"State_Territory",20.03,"Very High","2022-12-25","2023-04-22","SARS-CoV-2","2026-08-14 12:48"
"Georgia","Fulton","ID:336",84486,"WastewaterSCAN",4.9,"Moderate","2022-08-07","2023-04-22","SARS-CoV-2","2026-08-14 12:48"
"Georgia","Fulton","ID:337",189593,"WastewaterSCAN",5.52,"Moderate","2022-08-07","2023-04-22","SARS-CoV-2","2026-08-14 12:48"
"Georgia","Fulton","ID:338",190000,"WastewaterSCAN",6.6,"Moderate","2022-08-07","2023-04-22","SARS-CoV-2","2026-08-14 12:48"
"Georgia","Fulton","ID:339",600000,"WastewaterSCAN",6.89,"Moderate","2022-12-11","2023-04-22","SARS-CoV-2","2026-08-14 12:48"
"Georgia","Fulton","ID:340",105160,"WastewaterSCAN",3.35,"Low","2022-12-11","2023-04-22","SARS-CoV-2","2026-08-14 12:48"
"Georgia","Fulton","ID:341",70887,"WastewaterSCAN",5.34,"Moderate","2022-12-11","2023-04-22","SARS-CoV-2","2026-08-14 12:48"
"Georgia","Gwinnett","ID:342",650000,"State_Territory",23.66,"Very High","2022-05-23","2023-04-22","SARS-CoV-2","2026-08-14 12:48"
"Georgia","Laurens","ID:344",17000,"State_Territory",1.82,"Very Low","2022-12-25","2023-04-22","SARS-CoV-2","2026-08-14 12:48"
"Georgia","Chattahoochee, Muscogee","ID:346",278000,"WastewaterSCAN",4.73,"Low","2022-09-26","2023-04-22","SARS-CoV-2","2026-08-14 12:48"
"Georgia","Newton","ID:347",32000,"State_Territory",13.67,"Very High","2022-07-27","2023-04-22","SARS-CoV-2","2026-08-14 12:48"
"Georgia","Paulding","ID:348",10000,"State_Territory",9.19,"High","2022-11-10","2023-04-22","SARS-CoV-2","2026-08-14 12:48"
"Georgia","Richmond","ID:353",197191,"CDC_Biobot",2.12,"Very Low","2022-07-25","2023-04-22","SARS-CoV-2","2026-08-14 12:48"
"Georgia","Cherokee, Fulton","ID:326",12818,"WastewaterSCAN",4.09,"Low","2022-08-08","2023-04-15","SARS-CoV-2","2026-08-14 12:48"
"Georgia","Clarke","ID:327",60000,"State_Territory",8.58,"High","2022-06-26","2023-04-15","SARS-CoV-2","2026-08-14 12:48"
"Georgia","Cobb","ID:329",190000,"State_Territory",6.75,"Moderate","2022-11-13","2023-04-15","SARS-CoV-2","2026-08-14 12:48"
"Georgia","Dougherty","ID:332",50000,"State_Territory",3.28,"Low","2023-05-17","2023-04-15","SARS-CoV-2","2026-08-14 12:48"
"Georgia","Floyd","ID:334",75000,"State_Territory",8.35,"High","2023-02-20","2023-04-15","SARS-CoV-2","2026-08-14 12:48"
"Georgia","Forsyth","ID:335",36500,"State_Territory",17.21,"Very High","2022-12-25","2023-04-15","SARS-CoV-2","2026-08-14 12:48"
"Georgia","Fulton","ID:336",84486,"WastewaterSCAN",7.23,"Moderate","2022-08-07","2023-04-15","SARS-CoV-2","2026-08-14 12:48"
"Georgia","Fulton","ID:337",189593,"WastewaterSCAN",7,"Moderate","2022-08-07","2023-04-15","SARS-CoV-2","2026-08-14 12:48"
"Georgia","Fulton","ID:338",190000,"WastewaterSCAN",2.8,"Low","2022-08-07","2023-04-15","SARS-CoV-2","2026-08-14 12:48"
"Georgia","Fulton","ID:339",600000,"WastewaterSCAN",7.19,"Moderate","2022-12-11","2023-04-15","SARS-CoV-2","2026-08-14 12:48"
"Georgia","Fulton","ID:340",105160,"WastewaterSCAN",2.28,"Very Low","2022-12-11","2023-04-15","SARS-CoV-2","2026-08-14 12:48"
"Georgia","Fulton","ID:341",70887,"WastewaterSCAN",4.71,"Low","2022-12-11","2023-04-15","SARS-CoV-2","2026-08-14 12:48"
"Georgia","Gwinnett","ID:342",650000,"State_Territory",19.92,"Very High","2022-05-23","2023-04-15","SARS-CoV-2","2026-08-14 12:48"
"Georgia","Laurens","ID:344",17000,"State_Territory",2.08,"Very Low","2022-12-25","2023-04-15","SARS-CoV-2","2026-08-14 12:48"
"Georgia","Chattahoochee, Muscogee","ID:346",278000,"WastewaterSCAN",6.36,"Moderate","2022-09-26","2023-04-15","SARS-CoV-2","2026-08-14 12:48"
"Georgia","Newton","ID:347",32000,"State_Territory",10.46,"High","2022-07-27","2023-04-15","SARS-CoV-2","2026-08-14 12:48"
"Georgia","Paulding","ID:348",10000,"State_Territory",15.47,"Very High","2022-11-10","2023-04-15","SARS-CoV-2","2026-08-14 12:48"
"Georgia","Paulding","ID:349",8000,"State_Territory",4.79,"Low","2022-05-22","2023-04-15","SARS-CoV-2","2026-08-14 12:48"
"Georgia","Richmond","ID:353",197191,"CDC_Biobot",1.48,"Very Low","2022-07-25","2023-04-15","SARS-CoV-2","2026-08-14 12:48"
"Georgia","Cherokee, Fulton","ID:326",12818,"WastewaterSCAN",3.9,"Low","2022-08-08","2023-04-08","SARS-CoV-2","2026-08-14 12:48"
"Georgia","Clarke","ID:327",60000,"State_Territory",19.25,"Very High","2022-06-26","2023-04-08","SARS-CoV-2","2026-08-14 12:48"
"Georgia","Clayton","ID:328",123715,"State_Territory",8.75,"High","2023-05-18","2023-04-08","SARS-CoV-2","2026-08-14 12:48"
"Georgia","Cobb","ID:329",190000,"State_Territory",5.24,"Moderate","2022-11-13","2023-04-08","SARS-CoV-2","2026-08-14 12:48"
"Georgia","Cobb","ID:330",190000,"State_Territory",22.9,"Very High","2022-12-25","2023-04-08","SARS-CoV-2","2026-08-14 12:48"
"Georgia","Dekalb","ID:331",325000,"CDC_Biobot",1.38,"Very Low","2022-07-21","2023-04-08","SARS-CoV-2","2026-08-14 12:48"
"Georgia","Dougherty","ID:332",50000,"State_Territory",5.2,"Moderate","2023-05-17","2023-04-08","SARS-CoV-2","2026-08-14 12:48"
"Georgia","Floyd","ID:334",75000,"State_Territory",15.27,"Very High","2023-02-20","2023-04-08","SARS-CoV-2","2026-08-14 12:48"
"Georgia","Forsyth","ID:335",36500,"State_Territory",31.63,"Very High","2022-12-25","2023-04-08","SARS-CoV-2","2026-08-14 12:48"
"Georgia","Fulton","ID:336",84486,"WastewaterSCAN",5.37,"Moderate","2022-08-07","2023-04-08","SARS-CoV-2","2026-08-14 12:48"
"Georgia","Fulton","ID:337",189593,"WastewaterSCAN",15.96,"Very High","2022-08-07","2023-04-08","SARS-CoV-2","2026-08-14 12:48"
"Georgia","Fulton","ID:338",190000,"WastewaterSCAN",3.93,"Low","2022-08-07","2023-04-08","SARS-CoV-2","2026-08-14 12:48"
"Georgia","Fulton","ID:339",600000,"WastewaterSCAN",5.39,"Moderate","2022-12-11","2023-04-08","SARS-CoV-2","2026-08-14 12:48"
"Georgia","Fulton","ID:340",105160,"WastewaterSCAN",3.1,"Low","2022-12-11","2023-04-08","SARS-CoV-2","2026-08-14 12:48"
"Georgia","Fulton","ID:341",70887,"WastewaterSCAN",8.33,"High","2022-12-11","2023-04-08","SARS-CoV-2","2026-08-14 12:48"
"Georgia","Gwinnett","ID:342",650000,"State_Territory",24.17,"Very High","2022-05-23","2023-04-08","SARS-CoV-2","2026-08-14 12:48"
"Georgia","Chattahoochee, Muscogee","ID:346",278000,"WastewaterSCAN",4.87,"Low","2022-09-26","2023-04-08","SARS-CoV-2","2026-08-14 12:48"
"Georgia","Newton","ID:347",32000,"State_Territory",8.27,"High","2022-07-27","2023-04-08","SARS-CoV-2","2026-08-14 12:48"
"Georgia","Paulding","ID:348",10000,"State_Territory",13.21,"Very High","2022-11-10","2023-04-08","SARS-CoV-2","2026-08-14 12:48"
"Georgia","Richmond","ID:353",197191,"CDC_Biobot",1.18,"Very Low","2022-07-25","2023-04-08","SARS-CoV-2","2026-08-14 12:48"
"Georgia","Cherokee, Fulton","ID:326",12818,"WastewaterSCAN",3.04,"Low","2022-08-08","2023-04-01","SARS-CoV-2","2026-08-14 12:48"
"Georgia","Clarke","ID:327",60000,"State_Territory",17.71,"Very High","2022-06-26","2023-04-01","SARS-CoV-2","2026-08-14 12:48"
"Georgia","Cobb","ID:329",190000,"State_Territory",9.82,"High","2022-11-13","2023-04-01","SARS-CoV-2","2026-08-14 12:48"
"Georgia","Cobb","ID:330",190000,"State_Territory",7.6,"Moderate","2022-12-25","2023-04-01","SARS-CoV-2","2026-08-14 12:48"
"Georgia","Dekalb","ID:331",325000,"CDC_Biobot",0.73,"Very Low","2022-07-21","2023-04-01","SARS-CoV-2","2026-08-14 12:48"
"Georgia","Floyd","ID:334",75000,"State_Territory",15.84,"Very High","2023-02-20","2023-04-01","SARS-CoV-2","2026-08-14 12:48"
"Georgia","Forsyth","ID:335",36500,"State_Territory",36.45,"Very High","2022-12-25","2023-04-01","SARS-CoV-2","2026-08-14 12:48"
"Georgia","Fulton","ID:336",84486,"WastewaterSCAN",9.23,"High","2022-08-07","2023-04-01","SARS-CoV-2","2026-08-14 12:48"
"Georgia","Fulton","ID:337",189593,"WastewaterSCAN",6.36,"Moderate","2022-08-07","2023-04-01","SARS-CoV-2","2026-08-14 12:48"
"Georgia","Fulton","ID:338",190000,"WastewaterSCAN",6.28,"Moderate","2022-08-07","2023-04-01","SARS-CoV-2","2026-08-14 12:48"
"Georgia","Fulton","ID:339",600000,"WastewaterSCAN",2.81,"Low","2022-12-11","2023-04-01","SARS-CoV-2","2026-08-14 12:48"
"Georgia","Fulton","ID:340",105160,"WastewaterSCAN",2.08,"Very Low","2022-12-11","2023-04-01","SARS-CoV-2","2026-08-14 12:48"
"Georgia","Fulton","ID:341",70887,"WastewaterSCAN",3.65,"Low","2022-12-11","2023-04-01","SARS-CoV-2","2026-08-14 12:48"
"Georgia","Laurens","ID:344",17000,"State_Territory",2.19,"Very Low","2022-12-25","2023-04-01","SARS-CoV-2","2026-08-14 12:48"
"Georgia","Chattahoochee, Muscogee","ID:346",278000,"WastewaterSCAN",8.19,"High","2022-09-26","2023-04-01","SARS-CoV-2","2026-08-14 12:48"
"Georgia","Newton","ID:347",32000,"State_Territory",6.26,"Moderate","2022-07-27","2023-04-01","SARS-CoV-2","2026-08-14 12:48"
"Georgia","Paulding","ID:348",10000,"State_Territory",9.09,"High","2022-11-10","2023-04-01","SARS-CoV-2","2026-08-14 12:48"
"Georgia","Paulding","ID:349",8000,"State_Territory",31.93,"Very High","2022-05-22","2023-04-01","SARS-CoV-2","2026-08-14 12:48"
"Georgia","Richmond","ID:353",197191,"CDC_Biobot",0.6,"Very Low","2022-07-25","2023-04-01","SARS-CoV-2","2026-08-14 12:48"
"Georgia","Cherokee, Fulton","ID:326",12818,"WastewaterSCAN",4.79,"Low","2022-08-08","2023-03-25","SARS-CoV-2","2026-08-14 12:48"
"Georgia","Clarke","ID:327",60000,"State_Territory",15.66,"Very High","2022-06-26","2023-03-25","SARS-CoV-2","2026-08-14 12:48"
"Georgia","Cobb","ID:329",190000,"State_Territory",10.38,"High","2022-11-13","2023-03-25","SARS-CoV-2","2026-08-14 12:48"
"Georgia","Cobb","ID:330",190000,"State_Territory",23.26,"Very High","2022-12-25","2023-03-25","SARS-CoV-2","2026-08-14 12:48"
"Georgia","Dekalb","ID:331",325000,"CDC_Biobot",1.37,"Very Low","2022-07-21","2023-03-25","SARS-CoV-2","2026-08-14 12:48"
"Georgia","Floyd","ID:334",75000,"State_Territory",15.91,"Very High","2023-02-20","2023-03-25","SARS-CoV-2","2026-08-14 12:48"
"Georgia","Forsyth","ID:335",36500,"State_Territory",17.29,"Very High","2022-12-25","2023-03-25","SARS-CoV-2","2026-08-14 12:48"
"Georgia","Fulton","ID:336",84486,"WastewaterSCAN",11.7,"Very High","2022-08-07","2023-03-25","SARS-CoV-2","2026-08-14 12:48"
"Georgia","Fulton","ID:337",189593,"WastewaterSCAN",6.39,"Moderate","2022-08-07","2023-03-25","SARS-CoV-2","2026-08-14 12:48"
"Georgia","Fulton","ID:338",190000,"WastewaterSCAN",8.81,"High","2022-08-07","2023-03-25","SARS-CoV-2","2026-08-14 12:48"
"Georgia","Fulton","ID:339",600000,"WastewaterSCAN",13.86,"Very High","2022-12-11","2023-03-25","SARS-CoV-2","2026-08-14 12:48"
"Georgia","Fulton","ID:340",105160,"WastewaterSCAN",7.61,"Moderate","2022-12-11","2023-03-25","SARS-CoV-2","2026-08-14 12:48"
"Georgia","Fulton","ID:341",70887,"WastewaterSCAN",5.55,"Moderate","2022-12-11","2023-03-25","SARS-CoV-2","2026-08-14 12:48"
"Georgia","Gwinnett","ID:342",650000,"State_Territory",28.57,"Very High","2022-05-23","2023-03-25","SARS-CoV-2","2026-08-14 12:48"
"Georgia","Newton","ID:347",32000,"State_Territory",14,"Very High","2022-07-27","2023-03-25","SARS-CoV-2","2026-08-14 12:48"
"Georgia","Paulding","ID:348",10000,"State_Territory",17.9,"Very High","2022-11-10","2023-03-25","SARS-CoV-2","2026-08-14 12:48"
"Georgia","Paulding","ID:349",8000,"State_Territory",1.73,"Very Low","2022-05-22","2023-03-25","SARS-CoV-2","2026-08-14 12:48"
"Georgia","Richmond","ID:353",197191,"CDC_Biobot",0.86,"Very Low","2022-07-25","2023-03-25","SARS-CoV-2","2026-08-14 12:48"
"Georgia","Cherokee, Fulton","ID:326",12818,"WastewaterSCAN",6.26,"Moderate","2022-08-08","2023-03-18","SARS-CoV-2","2026-08-14 12:48"
"Georgia","Clarke","ID:327",60000,"State_Territory",14.78,"Very High","2022-06-26","2023-03-18","SARS-CoV-2","2026-08-14 12:48"
"Georgia","Cobb","ID:329",190000,"State_Territory",4.11,"Low","2022-11-13","2023-03-18","SARS-CoV-2","2026-08-14 12:48"
"Georgia","Cobb","ID:330",190000,"State_Territory",17.46,"Very High","2022-12-25","2023-03-18","SARS-CoV-2","2026-08-14 12:48"
"Georgia","Dekalb","ID:331",325000,"CDC_Biobot",0.92,"Very Low","2022-07-21","2023-03-18","SARS-CoV-2","2026-08-14 12:48"
"Georgia","Floyd","ID:334",75000,"State_Territory",9.15,"High","2023-02-20","2023-03-18","SARS-CoV-2","2026-08-14 12:48"
"Georgia","Forsyth","ID:335",36500,"State_Territory",6.46,"Moderate","2022-12-25","2023-03-18","SARS-CoV-2","2026-08-14 12:48"
"Georgia","Fulton","ID:336",84486,"WastewaterSCAN",3.72,"Low","2022-08-07","2023-03-18","SARS-CoV-2","2026-08-14 12:48"
"Georgia","Fulton","ID:337",189593,"WastewaterSCAN",8.28,"High","2022-08-07","2023-03-18","SARS-CoV-2","2026-08-14 12:48"
"Georgia","Fulton","ID:338",190000,"WastewaterSCAN",6.3,"Moderate","2022-08-07","2023-03-18","SARS-CoV-2","2026-08-14 12:48"
"Georgia","Fulton","ID:339",600000,"WastewaterSCAN",2.32,"Very Low","2022-12-11","2023-03-18","SARS-CoV-2","2026-08-14 12:48"
"Georgia","Fulton","ID:340",105160,"WastewaterSCAN",2.96,"Low","2022-12-11","2023-03-18","SARS-CoV-2","2026-08-14 12:48"
"Georgia","Fulton","ID:341",70887,"WastewaterSCAN",6.59,"Moderate","2022-12-11","2023-03-18","SARS-CoV-2","2026-08-14 12:48"
"Georgia","Gwinnett","ID:342",650000,"State_Territory",62.96,"Very High","2022-05-23","2023-03-18","SARS-CoV-2","2026-08-14 12:48"
"Georgia","Laurens","ID:344",17000,"State_Territory",2.05,"Very Low","2022-12-25","2023-03-18","SARS-CoV-2","2026-08-14 12:48"
"Georgia","Newton","ID:347",32000,"State_Territory",8.03,"High","2022-07-27","2023-03-18","SARS-CoV-2","2026-08-14 12:48"
"Georgia","Paulding","ID:348",10000,"State_Territory",28.49,"Very High","2022-11-10","2023-03-18","SARS-CoV-2","2026-08-14 12:48"
"Georgia","Paulding","ID:349",8000,"State_Territory",16.04,"Very High","2022-05-22","2023-03-18","SARS-CoV-2","2026-08-14 12:48"
"Georgia","Richmond","ID:353",197191,"CDC_Biobot",1.56,"Very Low","2022-07-25","2023-03-18","SARS-CoV-2","2026-08-14 12:48"
"Georgia","Cherokee, Fulton","ID:326",12818,"WastewaterSCAN",5.64,"Moderate","2022-08-08","2023-03-11","SARS-CoV-2","2026-08-14 12:48"
"Georgia","Clarke","ID:327",60000,"State_Territory",4.56,"Low","2022-06-26","2023-03-11","SARS-CoV-2","2026-08-14 12:48"
"Georgia","Cobb","ID:329",190000,"State_Territory",5.92,"Moderate","2022-11-13","2023-03-11","SARS-CoV-2","2026-08-14 12:48"
"Georgia","Cobb","ID:330",190000,"State_Territory",17.22,"Very High","2022-12-25","2023-03-11","SARS-CoV-2","2026-08-14 12:48"
"Georgia","Dekalb","ID:331",325000,"CDC_Biobot",0.86,"Very Low","2022-07-21","2023-03-11","SARS-CoV-2","2026-08-14 12:48"
"Georgia","Floyd","ID:334",75000,"State_Territory",25.43,"Very High","2023-02-20","2023-03-11","SARS-CoV-2","2026-08-14 12:48"
"Georgia","Forsyth","ID:335",36500,"State_Territory",3.4,"Low","2022-12-25","2023-03-11","SARS-CoV-2","2026-08-14 12:48"
"Georgia","Fulton","ID:336",84486,"WastewaterSCAN",3.56,"Low","2022-08-07","2023-03-11","SARS-CoV-2","2026-08-14 12:48"
"Georgia","Fulton","ID:337",189593,"WastewaterSCAN",4.19,"Low","2022-08-07","2023-03-11","SARS-CoV-2","2026-08-14 12:48"
"Georgia","Fulton","ID:338",190000,"WastewaterSCAN",5.59,"Moderate","2022-08-07","2023-03-11","SARS-CoV-2","2026-08-14 12:48"
"Georgia","Fulton","ID:339",600000,"WastewaterSCAN",5.83,"Moderate","2022-12-11","2023-03-11","SARS-CoV-2","2026-08-14 12:48"
"Georgia","Fulton","ID:340",105160,"WastewaterSCAN",6.81,"Moderate","2022-12-11","2023-03-11","SARS-CoV-2","2026-08-14 12:48"
"Georgia","Fulton","ID:341",70887,"WastewaterSCAN",5.79,"Moderate","2022-12-11","2023-03-11","SARS-CoV-2","2026-08-14 12:48"
"Georgia","Gwinnett","ID:342",650000,"State_Territory",28.22,"Very High","2022-05-23","2023-03-11","SARS-CoV-2","2026-08-14 12:48"
"Georgia","Laurens","ID:344",17000,"State_Territory",3.42,"Low","2022-12-25","2023-03-11","SARS-CoV-2","2026-08-14 12:48"
"Georgia","Newton","ID:347",32000,"State_Territory",7.47,"Moderate","2022-07-27","2023-03-11","SARS-CoV-2","2026-08-14 12:48"
"Georgia","Paulding","ID:348",10000,"State_Territory",7.06,"Moderate","2022-11-10","2023-03-11","SARS-CoV-2","2026-08-14 12:48"
"Georgia","Paulding","ID:349",8000,"State_Territory",20.68,"Very High","2022-05-22","2023-03-11","SARS-CoV-2","2026-08-14 12:48"
"Georgia","Richmond","ID:353",197191,"CDC_Biobot",5.59,"Moderate","2022-07-25","2023-03-11","SARS-CoV-2","2026-08-14 12:48"
"Georgia","Cherokee, Fulton","ID:326",12818,"WastewaterSCAN",4.98,"Moderate","2022-08-08","2023-03-04","SARS-CoV-2","2026-08-14 12:48"
"Georgia","Clarke","ID:327",60000,"State_Territory",32.35,"Very High","2022-06-26","2023-03-04","SARS-CoV-2","2026-08-14 12:48"
"Georgia","Cobb","ID:329",190000,"State_Territory",7.05,"Moderate","2022-11-13","2023-03-04","SARS-CoV-2","2026-08-14 12:48"
"Georgia","Cobb","ID:330",190000,"State_Territory",28.26,"Very High","2022-12-25","2023-03-04","SARS-CoV-2","2026-08-14 12:48"
"Georgia","Dekalb","ID:331",325000,"CDC_Biobot",2.2,"Very Low","2022-07-21","2023-03-04","SARS-CoV-2","2026-08-14 12:48"
"Georgia","Floyd","ID:334",75000,"State_Territory",21.83,"Very High","2023-02-20","2023-03-04","SARS-CoV-2","2026-08-14 12:48"
"Georgia","Forsyth","ID:335",36500,"State_Territory",11.54,"High","2022-12-25","2023-03-04","SARS-CoV-2","2026-08-14 12:48"
"Georgia","Fulton","ID:336",84486,"WastewaterSCAN",14.99,"Very High","2022-08-07","2023-03-04","SARS-CoV-2","2026-08-14 12:48"
"Georgia","Fulton","ID:337",189593,"WastewaterSCAN",7.98,"High","2022-08-07","2023-03-04","SARS-CoV-2","2026-08-14 12:48"
"Georgia","Fulton","ID:338",190000,"WastewaterSCAN",8.81,"High","2022-08-07","2023-03-04","SARS-CoV-2","2026-08-14 12:48"
"Georgia","Fulton","ID:339",600000,"WastewaterSCAN",5.84,"Moderate","2022-12-11","2023-03-04","SARS-CoV-2","2026-08-14 12:48"
"Georgia","Fulton","ID:340",105160,"WastewaterSCAN",2.21,"Very Low","2022-12-11","2023-03-04","SARS-CoV-2","2026-08-14 12:48"
"Georgia","Fulton","ID:341",70887,"WastewaterSCAN",5.44,"Moderate","2022-12-11","2023-03-04","SARS-CoV-2","2026-08-14 12:48"
"Georgia","Gwinnett","ID:342",650000,"State_Territory",29.8,"Very High","2022-05-23","2023-03-04","SARS-CoV-2","2026-08-14 12:48"
"Georgia","Laurens","ID:344",17000,"State_Territory",3.85,"Low","2022-12-25","2023-03-04","SARS-CoV-2","2026-08-14 12:48"
"Georgia","Newton","ID:347",32000,"State_Territory",11.94,"Very High","2022-07-27","2023-03-04","SARS-CoV-2","2026-08-14 12:48"
"Georgia","Paulding","ID:348",10000,"State_Territory",11.6,"High","2022-11-10","2023-03-04","SARS-CoV-2","2026-08-14 12:48"
"Georgia","Paulding","ID:349",8000,"State_Territory",36.2,"Very High","2022-05-22","2023-03-04","SARS-CoV-2","2026-08-14 12:48"
"Georgia","Richmond","ID:353",197191,"CDC_Biobot",2.48,"Very Low","2022-07-25","2023-03-04","SARS-CoV-2","2026-08-14 12:48"
"Georgia","Cherokee, Fulton","ID:326",12818,"WastewaterSCAN",6.88,"Moderate","2022-08-08","2023-02-25","SARS-CoV-2","2026-08-14 12:48"
"Georgia","Clarke","ID:327",60000,"State_Territory",32.39,"Very High","2022-06-26","2023-02-25","SARS-CoV-2","2026-08-14 12:48"
"Georgia","Cobb","ID:329",190000,"State_Territory",2.07,"Very Low","2022-11-13","2023-02-25","SARS-CoV-2","2026-08-14 12:48"
"Georgia","Cobb","ID:330",190000,"State_Territory",34.51,"Very High","2022-12-25","2023-02-25","SARS-CoV-2","2026-08-14 12:48"
"Georgia","Dekalb","ID:331",325000,"CDC_Biobot",2.14,"Very Low","2022-07-21","2023-02-25","SARS-CoV-2","2026-08-14 12:48"
"Georgia","Floyd","ID:334",75000,"State_Territory",33.4,"Very High","2023-02-20","2023-02-25","SARS-CoV-2","2026-08-14 12:48"
"Georgia","Forsyth","ID:335",36500,"State_Territory",18.63,"Very High","2022-12-25","2023-02-25","SARS-CoV-2","2026-08-14 12:48"
"Georgia","Fulton","ID:336",84486,"WastewaterSCAN",13.2,"Very High","2022-08-07","2023-02-25","SARS-CoV-2","2026-08-14 12:48"
"Georgia","Fulton","ID:337",189593,"WastewaterSCAN",26.56,"Very High","2022-08-07","2023-02-25","SARS-CoV-2","2026-08-14 12:48"
"Georgia","Fulton","ID:338",190000,"WastewaterSCAN",8.35,"High","2022-08-07","2023-02-25","SARS-CoV-2","2026-08-14 12:48"
"Georgia","Fulton","ID:339",600000,"WastewaterSCAN",10.37,"High","2022-12-11","2023-02-25","SARS-CoV-2","2026-08-14 12:48"
"Georgia","Fulton","ID:340",105160,"WastewaterSCAN",8.78,"High","2022-12-11","2023-02-25","SARS-CoV-2","2026-08-14 12:48"
"Georgia","Fulton","ID:341",70887,"WastewaterSCAN",9.23,"High","2022-12-11","2023-02-25","SARS-CoV-2","2026-08-14 12:48"
"Georgia","Gwinnett","ID:342",650000,"State_Territory",39.1,"Very High","2022-05-23","2023-02-25","SARS-CoV-2","2026-08-14 12:48"
"Georgia","Laurens","ID:344",17000,"State_Territory",6.1,"Moderate","2022-12-25","2023-02-25","SARS-CoV-2","2026-08-14 12:48"
"Georgia","Chattahoochee, Muscogee","ID:346",278000,"WastewaterSCAN",15.72,"Very High","2022-09-26","2023-02-25","SARS-CoV-2","2026-08-14 12:48"
"Georgia","Newton","ID:347",32000,"State_Territory",16.46,"Very High","2022-07-27","2023-02-25","SARS-CoV-2","2026-08-14 12:48"
"Georgia","Paulding","ID:348",10000,"State_Territory",16.03,"Very High","2022-11-10","2023-02-25","SARS-CoV-2","2026-08-14 12:48"
"Georgia","Paulding","ID:349",8000,"State_Territory",23.12,"Very High","2022-05-22","2023-02-25","SARS-CoV-2","2026-08-14 12:48"
"Georgia","Richmond","ID:353",197191,"CDC_Biobot",3.3,"Low","2022-07-25","2023-02-25","SARS-CoV-2","2026-08-14 12:48"
"Georgia","Cherokee, Fulton","ID:326",12818,"WastewaterSCAN",14.06,"Very High","2022-08-08","2023-02-18","SARS-CoV-2","2026-08-14 12:48"
"Georgia","Clarke","ID:327",60000,"State_Territory",49.68,"Very High","2022-06-26","2023-02-18","SARS-CoV-2","2026-08-14 12:48"
"Georgia","Cobb","ID:329",190000,"State_Territory",37.22,"Very High","2022-11-13","2023-02-18","SARS-CoV-2","2026-08-14 12:48"
"Georgia","Cobb","ID:330",190000,"State_Territory",40.43,"Very High","2022-12-25","2023-02-18","SARS-CoV-2","2026-08-14 12:48"
"Georgia","Dekalb","ID:331",325000,"CDC_Biobot",2.6,"Very Low","2022-07-21","2023-02-18","SARS-CoV-2","2026-08-14 12:48"
"Georgia","Floyd","ID:334",75000,"State_Territory",46.14,"Very High","2023-02-20","2023-02-18","SARS-CoV-2","2026-08-14 12:48"
"Georgia","Forsyth","ID:335",36500,"State_Territory",28.3,"Very High","2022-12-25","2023-02-18","SARS-CoV-2","2026-08-14 12:48"
"Georgia","Fulton","ID:336",84486,"WastewaterSCAN",10.64,"High","2022-08-07","2023-02-18","SARS-CoV-2","2026-08-14 12:48"
"Georgia","Fulton","ID:337",189593,"WastewaterSCAN",10.98,"High","2022-08-07","2023-02-18","SARS-CoV-2","2026-08-14 12:48"
"Georgia","Fulton","ID:338",190000,"WastewaterSCAN",10.15,"High","2022-08-07","2023-02-18","SARS-CoV-2","2026-08-14 12:48"
"Georgia","Fulton","ID:339",600000,"WastewaterSCAN",6.75,"Moderate","2022-12-11","2023-02-18","SARS-CoV-2","2026-08-14 12:48"
"Georgia","Fulton","ID:340",105160,"WastewaterSCAN",6.95,"Moderate","2022-12-11","2023-02-18","SARS-CoV-2","2026-08-14 12:48"
"Georgia","Fulton","ID:341",70887,"WastewaterSCAN",9.47,"High","2022-12-11","2023-02-18","SARS-CoV-2","2026-08-14 12:48"
"Georgia","Gwinnett","ID:342",650000,"State_Territory",43.8,"Very High","2022-05-23","2023-02-18","SARS-CoV-2","2026-08-14 12:48"
"Georgia","Laurens","ID:344",17000,"State_Territory",4.13,"Low","2022-12-25","2023-02-18","SARS-CoV-2","2026-08-14 12:48"
"Georgia","Chattahoochee, Muscogee","ID:346",278000,"WastewaterSCAN",15.67,"Very High","2022-09-26","2023-02-18","SARS-CoV-2","2026-08-14 12:48"
"Georgia","Newton","ID:347",32000,"State_Territory",18.96,"Very High","2022-07-27","2023-02-18","SARS-CoV-2","2026-08-14 12:48"
"Georgia","Paulding","ID:348",10000,"State_Territory",30.4,"Very High","2022-11-10","2023-02-18","SARS-CoV-2","2026-08-14 12:48"
"Georgia","Paulding","ID:349",8000,"State_Territory",5.86,"Moderate","2022-05-22","2023-02-18","SARS-CoV-2","2026-08-14 12:48"
"Georgia","Richmond","ID:353",197191,"CDC_Biobot",2.66,"Low","2022-07-25","2023-02-18","SARS-CoV-2","2026-08-14 12:48"
"Georgia","Cherokee, Fulton","ID:326",12818,"WastewaterSCAN",8.83,"High","2022-08-08","2023-02-11","SARS-CoV-2","2026-08-14 12:48"
"Georgia","Clarke","ID:327",60000,"State_Territory",73.26,"Very High","2022-06-26","2023-02-11","SARS-CoV-2","2026-08-14 12:48"
"Georgia","Cobb","ID:329",190000,"State_Territory",19.59,"Very High","2022-11-13","2023-02-11","SARS-CoV-2","2026-08-14 12:48"
"Georgia","Cobb","ID:330",190000,"State_Territory",27.14,"Very High","2022-12-25","2023-02-11","SARS-CoV-2","2026-08-14 12:48"
"Georgia","Dekalb","ID:331",325000,"CDC_Biobot",4.72,"Low","2022-07-21","2023-02-11","SARS-CoV-2","2026-08-14 12:48"
"Georgia","Floyd","ID:334",75000,"State_Territory",39.64,"Very High","2023-02-20","2023-02-11","SARS-CoV-2","2026-08-14 12:48"
"Georgia","Forsyth","ID:335",36500,"State_Territory",16.8,"Very High","2022-12-25","2023-02-11","SARS-CoV-2","2026-08-14 12:48"
"Georgia","Fulton","ID:336",84486,"WastewaterSCAN",19.37,"Very High","2022-08-07","2023-02-11","SARS-CoV-2","2026-08-14 12:48"
"Georgia","Fulton","ID:337",189593,"WastewaterSCAN",15.71,"Very High","2022-08-07","2023-02-11","SARS-CoV-2","2026-08-14 12:48"
"Georgia","Fulton","ID:338",190000,"WastewaterSCAN",19.99,"Very High","2022-08-07","2023-02-11","SARS-CoV-2","2026-08-14 12:48"
"Georgia","Fulton","ID:339",600000,"WastewaterSCAN",13.86,"Very High","2022-12-11","2023-02-11","SARS-CoV-2","2026-08-14 12:48"
"Georgia","Fulton","ID:340",105160,"WastewaterSCAN",9.9,"High","2022-12-11","2023-02-11","SARS-CoV-2","2026-08-14 12:48"
"Georgia","Fulton","ID:341",70887,"WastewaterSCAN",13.03,"Very High","2022-12-11","2023-02-11","SARS-CoV-2","2026-08-14 12:48"
"Georgia","Gwinnett","ID:342",650000,"State_Territory",40.54,"Very High","2022-05-23","2023-02-11","SARS-CoV-2","2026-08-14 12:48"
"Georgia","Laurens","ID:344",17000,"State_Territory",5.3,"Moderate","2022-12-25","2023-02-11","SARS-CoV-2","2026-08-14 12:48"
"Georgia","Chattahoochee, Muscogee","ID:346",278000,"WastewaterSCAN",17.55,"Very High","2022-09-26","2023-02-11","SARS-CoV-2","2026-08-14 12:48"
"Georgia","Newton","ID:347",32000,"State_Territory",19.85,"Very High","2022-07-27","2023-02-11","SARS-CoV-2","2026-08-14 12:48"
"Georgia","Paulding","ID:348",10000,"State_Territory",31.39,"Very High","2022-11-10","2023-02-11","SARS-CoV-2","2026-08-14 12:48"
"Georgia","Paulding","ID:349",8000,"State_Territory",6.85,"Moderate","2022-05-22","2023-02-11","SARS-CoV-2","2026-08-14 12:48"
"Georgia","Richmond","ID:353",197191,"CDC_Biobot",5.07,"Moderate","2022-07-25","2023-02-11","SARS-CoV-2","2026-08-14 12:48"
"Georgia","Cherokee, Fulton","ID:326",12818,"WastewaterSCAN",12.93,"Very High","2022-08-08","2023-02-04","SARS-CoV-2","2026-08-14 12:48"
"Georgia","Clarke","ID:327",60000,"State_Territory",13.76,"Very High","2022-06-26","2023-02-04","SARS-CoV-2","2026-08-14 12:48"
"Georgia","Cobb","ID:329",190000,"State_Territory",16.01,"Very High","2022-11-13","2023-02-04","SARS-CoV-2","2026-08-14 12:48"
"Georgia","Cobb","ID:330",190000,"State_Territory",33.3,"Very High","2022-12-25","2023-02-04","SARS-CoV-2","2026-08-14 12:48"
"Georgia","Dekalb","ID:331",325000,"CDC_Biobot",2.72,"Low","2022-07-21","2023-02-04","SARS-CoV-2","2026-08-14 12:48"
"Georgia","Floyd","ID:334",75000,"State_Territory",32.52,"Very High","2023-02-20","2023-02-04","SARS-CoV-2","2026-08-14 12:48"
"Georgia","Forsyth","ID:335",36500,"State_Territory",33.15,"Very High","2022-12-25","2023-02-04","SARS-CoV-2","2026-08-14 12:48"
"Georgia","Fulton","ID:336",84486,"WastewaterSCAN",19.98,"Very High","2022-08-07","2023-02-04","SARS-CoV-2","2026-08-14 12:48"
"Georgia","Fulton","ID:337",189593,"WastewaterSCAN",29.78,"Very High","2022-08-07","2023-02-04","SARS-CoV-2","2026-08-14 12:48"
"Georgia","Fulton","ID:338",190000,"WastewaterSCAN",14.94,"Very High","2022-08-07","2023-02-04","SARS-CoV-2","2026-08-14 12:48"
"Georgia","Fulton","ID:339",600000,"WastewaterSCAN",27.37,"Very High","2022-12-11","2023-02-04","SARS-CoV-2","2026-08-14 12:48"
"Georgia","Fulton","ID:340",105160,"WastewaterSCAN",5.97,"Moderate","2022-12-11","2023-02-04","SARS-CoV-2","2026-08-14 12:48"
"Georgia","Fulton","ID:341",70887,"WastewaterSCAN",14.58,"Very High","2022-12-11","2023-02-04","SARS-CoV-2","2026-08-14 12:48"
"Georgia","Gwinnett","ID:342",650000,"State_Territory",60.26,"Very High","2022-05-23","2023-02-04","SARS-CoV-2","2026-08-14 12:48"
"Georgia","Laurens","ID:344",17000,"State_Territory",8.19,"High","2022-12-25","2023-02-04","SARS-CoV-2","2026-08-14 12:48"
"Georgia","Chattahoochee, Muscogee","ID:346",278000,"WastewaterSCAN",15.14,"Very High","2022-09-26","2023-02-04","SARS-CoV-2","2026-08-14 12:48"
"Georgia","Newton","ID:347",32000,"State_Territory",19.87,"Very High","2022-07-27","2023-02-04","SARS-CoV-2","2026-08-14 12:48"
"Georgia","Paulding","ID:348",10000,"State_Territory",23.92,"Very High","2022-11-10","2023-02-04","SARS-CoV-2","2026-08-14 12:48"
"Georgia","Paulding","ID:349",8000,"State_Territory",3.32,"Low","2022-05-22","2023-02-04","SARS-CoV-2","2026-08-14 12:48"
"Georgia","Richmond","ID:353",197191,"CDC_Biobot",4.02,"Low","2022-07-25","2023-02-04","SARS-CoV-2","2026-08-14 12:48"
"Georgia","Cherokee, Fulton","ID:326",12818,"WastewaterSCAN",6.71,"Moderate","2022-08-08","2023-01-28","SARS-CoV-2","2026-08-14 12:48"
"Georgia","Clarke","ID:327",60000,"State_Territory",21.84,"Very High","2022-06-26","2023-01-28","SARS-CoV-2","2026-08-14 12:48"
"Georgia","Cobb","ID:329",190000,"State_Territory",12.39,"Very High","2022-11-13","2023-01-28","SARS-CoV-2","2026-08-14 12:48"
"Georgia","Cobb","ID:330",190000,"State_Territory",36.47,"Very High","2022-12-25","2023-01-28","SARS-CoV-2","2026-08-14 12:48"
"Georgia","Dekalb","ID:331",325000,"CDC_Biobot",2.69,"Low","2022-07-21","2023-01-28","SARS-CoV-2","2026-08-14 12:48"
"Georgia","Floyd","ID:334",75000,"State_Territory",29.59,"Very High","2023-02-20","2023-01-28","SARS-CoV-2","2026-08-14 12:48"
"Georgia","Forsyth","ID:335",36500,"State_Territory",55.35,"Very High","2022-12-25","2023-01-28","SARS-CoV-2","2026-08-14 12:48"
"Georgia","Fulton","ID:336",84486,"WastewaterSCAN",12.38,"Very High","2022-08-07","2023-01-28","SARS-CoV-2","2026-08-14 12:48"
"Georgia","Fulton","ID:337",189593,"WastewaterSCAN",29.54,"Very High","2022-08-07","2023-01-28","SARS-CoV-2","2026-08-14 12:48"
"Georgia","Fulton","ID:338",190000,"WastewaterSCAN",22.67,"Very High","2022-08-07","2023-01-28","SARS-CoV-2","2026-08-14 12:48"
"Georgia","Fulton","ID:339",600000,"WastewaterSCAN",12.78,"Very High","2022-12-11","2023-01-28","SARS-CoV-2","2026-08-14 12:48"
"Georgia","Fulton","ID:340",105160,"WastewaterSCAN",16.45,"Very High","2022-12-11","2023-01-28","SARS-CoV-2","2026-08-14 12:48"
"Georgia","Fulton","ID:341",70887,"WastewaterSCAN",15.89,"Very High","2022-12-11","2023-01-28","SARS-CoV-2","2026-08-14 12:48"
"Georgia","Gwinnett","ID:342",650000,"State_Territory",56.18,"Very High","2022-05-23","2023-01-28","SARS-CoV-2","2026-08-14 12:48"
"Georgia","Laurens","ID:344",17000,"State_Territory",7.24,"Moderate","2022-12-25","2023-01-28","SARS-CoV-2","2026-08-14 12:48"
"Georgia","Chattahoochee, Muscogee","ID:346",278000,"WastewaterSCAN",21.04,"Very High","2022-09-26","2023-01-28","SARS-CoV-2","2026-08-14 12:48"
"Georgia","Newton","ID:347",32000,"State_Territory",23.49,"Very High","2022-07-27","2023-01-28","SARS-CoV-2","2026-08-14 12:48"
"Georgia","Paulding","ID:348",10000,"State_Territory",31.06,"Very High","2022-11-10","2023-01-28","SARS-CoV-2","2026-08-14 12:48"
"Georgia","Paulding","ID:349",8000,"State_Territory",50.66,"Very High","2022-05-22","2023-01-28","SARS-CoV-2","2026-08-14 12:48"
"Georgia","Richmond","ID:353",197191,"CDC_Biobot",5.06,"Moderate","2022-07-25","2023-01-28","SARS-CoV-2","2026-08-14 12:48"
"Georgia","Cherokee, Fulton","ID:326",12818,"WastewaterSCAN",8.96,"High","2022-08-08","2023-01-21","SARS-CoV-2","2026-08-14 12:48"
"Georgia","Clarke","ID:327",60000,"State_Territory",48.72,"Very High","2022-06-26","2023-01-21","SARS-CoV-2","2026-08-14 12:48"
"Georgia","Cobb","ID:329",190000,"State_Territory",24.56,"Very High","2022-11-13","2023-01-21","SARS-CoV-2","2026-08-14 12:48"
"Georgia","Cobb","ID:330",190000,"State_Territory",50.29,"Very High","2022-12-25","2023-01-21","SARS-CoV-2","2026-08-14 12:48"
"Georgia","Dekalb","ID:331",325000,"CDC_Biobot",1.59,"Very Low","2022-07-21","2023-01-21","SARS-CoV-2","2026-08-14 12:48"
"Georgia","Floyd","ID:334",75000,"State_Territory",43.14,"Very High","2023-02-20","2023-01-21","SARS-CoV-2","2026-08-14 12:48"
"Georgia","Forsyth","ID:335",36500,"State_Territory",25.25,"Very High","2022-12-25","2023-01-21","SARS-CoV-2","2026-08-14 12:48"
"Georgia","Fulton","ID:336",84486,"WastewaterSCAN",11.53,"High","2022-08-07","2023-01-21","SARS-CoV-2","2026-08-14 12:48"
"Georgia","Fulton","ID:337",189593,"WastewaterSCAN",38.99,"Very High","2022-08-07","2023-01-21","SARS-CoV-2","2026-08-14 12:48"
"Georgia","Fulton","ID:338",190000,"WastewaterSCAN",16.82,"Very High","2022-08-07","2023-01-21","SARS-CoV-2","2026-08-14 12:48"
"Georgia","Fulton","ID:339",600000,"WastewaterSCAN",48.49,"Very High","2022-12-11","2023-01-21","SARS-CoV-2","2026-08-14 12:48"
"Georgia","Fulton","ID:340",105160,"WastewaterSCAN",8.93,"High","2022-12-11","2023-01-21","SARS-CoV-2","2026-08-14 12:48"
"Georgia","Fulton","ID:341",70887,"WastewaterSCAN",10.3,"High","2022-12-11","2023-01-21","SARS-CoV-2","2026-08-14 12:48"
"Georgia","Gwinnett","ID:342",650000,"State_Territory",69.2,"Very High","2022-05-23","2023-01-21","SARS-CoV-2","2026-08-14 12:48"
"Georgia","Laurens","ID:344",17000,"State_Territory",17.44,"Very High","2022-12-25","2023-01-21","SARS-CoV-2","2026-08-14 12:48"
"Georgia","Chattahoochee, Muscogee","ID:346",278000,"WastewaterSCAN",18.37,"Very High","2022-09-26","2023-01-21","SARS-CoV-2","2026-08-14 12:48"
"Georgia","Newton","ID:347",32000,"State_Territory",29.73,"Very High","2022-07-27","2023-01-21","SARS-CoV-2","2026-08-14 12:48"
"Georgia","Paulding","ID:348",10000,"State_Territory",29.66,"Very High","2022-11-10","2023-01-21","SARS-CoV-2","2026-08-14 12:48"
"Georgia","Paulding","ID:349",8000,"State_Territory",51.77,"Very High","2022-05-22","2023-01-21","SARS-CoV-2","2026-08-14 12:48"
"Georgia","Richmond","ID:353",197191,"CDC_Biobot",3.61,"Low","2022-07-25","2023-01-21","SARS-CoV-2","2026-08-14 12:48"
"Georgia","Cherokee, Fulton","ID:326",12818,"WastewaterSCAN",10.09,"High","2022-08-08","2023-01-14","SARS-CoV-2","2026-08-14 12:48"
"Georgia","Clarke","ID:327",60000,"State_Territory",59.59,"Very High","2022-06-26","2023-01-14","SARS-CoV-2","2026-08-14 12:48"
"Georgia","Cobb","ID:329",190000,"State_Territory",20.08,"Very High","2022-11-13","2023-01-14","SARS-CoV-2","2026-08-14 12:48"
"Georgia","Cobb","ID:330",190000,"State_Territory",55.62,"Very High","2022-12-25","2023-01-14","SARS-CoV-2","2026-08-14 12:48"
"Georgia","Dekalb","ID:331",325000,"CDC_Biobot",1.19,"Very Low","2022-07-21","2023-01-14","SARS-CoV-2","2026-08-14 12:48"
"Georgia","Floyd","ID:334",75000,"State_Territory",38.86,"Very High","2023-02-20","2023-01-14","SARS-CoV-2","2026-08-14 12:48"
"Georgia","Forsyth","ID:335",36500,"State_Territory",28.62,"Very High","2022-12-25","2023-01-14","SARS-CoV-2","2026-08-14 12:48"
"Georgia","Fulton","ID:336",84486,"WastewaterSCAN",25.3,"Very High","2022-08-07","2023-01-14","SARS-CoV-2","2026-08-14 12:48"
"Georgia","Fulton","ID:337",189593,"WastewaterSCAN",26.59,"Very High","2022-08-07","2023-01-14","SARS-CoV-2","2026-08-14 12:48"
"Georgia","Fulton","ID:338",190000,"WastewaterSCAN",19.58,"Very High","2022-08-07","2023-01-14","SARS-CoV-2","2026-08-14 12:48"
"Georgia","Fulton","ID:339",600000,"WastewaterSCAN",11.74,"Very High","2022-12-11","2023-01-14","SARS-CoV-2","2026-08-14 12:48"
"Georgia","Fulton","ID:340",105160,"WastewaterSCAN",7.53,"Moderate","2022-12-11","2023-01-14","SARS-CoV-2","2026-08-14 12:48"
"Georgia","Fulton","ID:341",70887,"WastewaterSCAN",16.68,"Very High","2022-12-11","2023-01-14","SARS-CoV-2","2026-08-14 12:48"
"Georgia","Gwinnett","ID:342",650000,"State_Territory",52.17,"Very High","2022-05-23","2023-01-14","SARS-CoV-2","2026-08-14 12:48"
"Georgia","Laurens","ID:344",17000,"State_Territory",7.4,"Moderate","2022-12-25","2023-01-14","SARS-CoV-2","2026-08-14 12:48"
"Georgia","Chattahoochee, Muscogee","ID:346",278000,"WastewaterSCAN",19.06,"Very High","2022-09-26","2023-01-14","SARS-CoV-2","2026-08-14 12:48"
"Georgia","Newton","ID:347",32000,"State_Territory",26.17,"Very High","2022-07-27","2023-01-14","SARS-CoV-2","2026-08-14 12:48"
"Georgia","Paulding","ID:348",10000,"State_Territory",26.21,"Very High","2022-11-10","2023-01-14","SARS-CoV-2","2026-08-14 12:48"
"Georgia","Richmond","ID:353",197191,"CDC_Biobot",5.16,"Moderate","2022-07-25","2023-01-14","SARS-CoV-2","2026-08-14 12:48"
"Georgia","Cherokee, Fulton","ID:326",12818,"WastewaterSCAN",14.19,"Very High","2022-08-08","2023-01-07","SARS-CoV-2","2026-08-14 12:48"
"Georgia","Clarke","ID:327",56500,"State_Territory",5.07,"Moderate","2022-06-26","2023-01-07","SARS-CoV-2","2026-08-14 12:48"
"Georgia","Cobb","ID:329",190000,"State_Territory",33.31,"Very High","2022-11-13","2023-01-07","SARS-CoV-2","2026-08-14 12:48"
"Georgia","Dekalb","ID:331",325000,"CDC_Biobot",7.46,"Moderate","2022-07-21","2023-01-07","SARS-CoV-2","2026-08-14 12:48"
"Georgia","Forsyth","ID:335",36500,"State_Territory",39.99,"Very High","2022-12-25","2023-01-07","SARS-CoV-2","2026-08-14 12:48"
"Georgia","Fulton","ID:336",84486,"WastewaterSCAN",27.05,"Very High","2022-08-07","2023-01-07","SARS-CoV-2","2026-08-14 12:48"
"Georgia","Fulton","ID:337",189593,"WastewaterSCAN",16.28,"Very High","2022-08-07","2023-01-07","SARS-CoV-2","2026-08-14 12:48"
"Georgia","Fulton","ID:338",190000,"WastewaterSCAN",26.78,"Very High","2022-08-07","2023-01-07","SARS-CoV-2","2026-08-14 12:48"
"Georgia","Fulton","ID:339",600000,"WastewaterSCAN",27.09,"Very High","2022-12-11","2023-01-07","SARS-CoV-2","2026-08-14 12:48"
"Georgia","Fulton","ID:340",105160,"WastewaterSCAN",6.89,"Moderate","2022-12-11","2023-01-07","SARS-CoV-2","2026-08-14 12:48"
"Georgia","Fulton","ID:341",70887,"WastewaterSCAN",16.46,"Very High","2022-12-11","2023-01-07","SARS-CoV-2","2026-08-14 12:48"
"Georgia","Gwinnett","ID:342",650000,"State_Territory",55.32,"Very High","2022-05-23","2023-01-07","SARS-CoV-2","2026-08-14 12:48"
"Georgia","Chattahoochee, Muscogee","ID:346",278000,"WastewaterSCAN",29.84,"Very High","2022-09-26","2023-01-07","SARS-CoV-2","2026-08-14 12:48"
"Georgia","Newton","ID:347",32000,"State_Territory",35.67,"Very High","2022-07-27","2023-01-07","SARS-CoV-2","2026-08-14 12:48"
"Georgia","Paulding","ID:348",10000,"State_Territory",29.53,"Very High","2022-11-10","2023-01-07","SARS-CoV-2","2026-08-14 12:48"
"Georgia","Richmond","ID:353",197191,"CDC_Biobot",16.43,"Very High","2022-07-25","2023-01-07","SARS-CoV-2","2026-08-14 12:48"
"Georgia","Cherokee, Fulton","ID:326",12818,"WastewaterSCAN",19.88,"Very High","2022-08-08","2022-12-31","SARS-CoV-2","2026-08-14 12:48"
"Georgia","Forsyth","ID:335",36500,"State_Territory",38.78,"Very High","2022-12-25","2022-12-31","SARS-CoV-2","2026-08-14 12:48"
"Georgia","Fulton","ID:336",84486,"WastewaterSCAN",24.41,"Very High","2022-08-07","2022-12-31","SARS-CoV-2","2026-08-14 12:48"
"Georgia","Fulton","ID:337",189593,"WastewaterSCAN",36.93,"Very High","2022-08-07","2022-12-31","SARS-CoV-2","2026-08-14 12:48"
"Georgia","Fulton","ID:338",190000,"WastewaterSCAN",35.37,"Very High","2022-08-07","2022-12-31","SARS-CoV-2","2026-08-14 12:48"
"Georgia","Fulton","ID:339",600000,"WastewaterSCAN",7.95,"High","2022-12-11","2022-12-31","SARS-CoV-2","2026-08-14 12:48"
"Georgia","Fulton","ID:340",105160,"WastewaterSCAN",25.04,"Very High","2022-12-11","2022-12-31","SARS-CoV-2","2026-08-14 12:48"
"Georgia","Fulton","ID:341",70887,"WastewaterSCAN",18.46,"Very High","2022-12-11","2022-12-31","SARS-CoV-2","2026-08-14 12:48"
"Georgia","Gwinnett","ID:342",650000,"State_Territory",92.37,"Very High","2022-05-23","2022-12-31","SARS-CoV-2","2026-08-14 12:48"
"Georgia","Chattahoochee, Muscogee","ID:346",278000,"WastewaterSCAN",38.6,"Very High","2022-09-26","2022-12-31","SARS-CoV-2","2026-08-14 12:48"
"Georgia","Newton","ID:347",32000,"State_Territory",57.8,"Very High","2022-07-27","2022-12-31","SARS-CoV-2","2026-08-14 12:48"
"Georgia","Paulding","ID:348",10000,"State_Territory",26.95,"Very High","2022-11-10","2022-12-31","SARS-CoV-2","2026-08-14 12:48"
"Georgia","Paulding","ID:349",8000,"State_Territory",47.21,"Very High","2022-05-22","2022-12-31","SARS-CoV-2","2026-08-14 12:48"
"Georgia","Richmond","ID:353",197191,"CDC_Biobot",8.35,"High","2022-07-25","2022-12-31","SARS-CoV-2","2026-08-14 12:48"
"Georgia","Cherokee, Fulton","ID:326",12818,"WastewaterSCAN",15.27,"Very High","2022-08-08","2022-12-24","SARS-CoV-2","2026-08-14 12:48"
"Georgia","Clarke","ID:327",56500,"State_Territory",4.78,"Low","2022-06-26","2022-12-24","SARS-CoV-2","2026-08-14 12:48"
"Georgia","Cobb","ID:329",190000,"State_Territory",9.05,"High","2022-11-13","2022-12-24","SARS-CoV-2","2026-08-14 12:48"
"Georgia","Cobb","ID:330",190000,"State_Territory",49.51,"Very High","2022-12-25","2022-12-24","SARS-CoV-2","2026-08-14 12:48"
"Georgia","Dekalb","ID:331",325000,"CDC_Biobot",3.74,"Low","2022-07-21","2022-12-24","SARS-CoV-2","2026-08-14 12:48"
"Georgia","Forsyth","ID:335",36500,"State_Territory",55.12,"Very High","2022-12-25","2022-12-24","SARS-CoV-2","2026-08-14 12:48"
"Georgia","Fulton","ID:336",84486,"WastewaterSCAN",33.77,"Very High","2022-08-07","2022-12-24","SARS-CoV-2","2026-08-14 12:48"
"Georgia","Fulton","ID:337",189593,"WastewaterSCAN",30.24,"Very High","2022-08-07","2022-12-24","SARS-CoV-2","2026-08-14 12:48"
"Georgia","Fulton","ID:338",190000,"WastewaterSCAN",22.31,"Very High","2022-08-07","2022-12-24","SARS-CoV-2","2026-08-14 12:48"
"Georgia","Fulton","ID:339",600000,"WastewaterSCAN",15.09,"Very High","2022-12-11","2022-12-24","SARS-CoV-2","2026-08-14 12:48"
"Georgia","Fulton","ID:340",105160,"WastewaterSCAN",20.22,"Very High","2022-12-11","2022-12-24","SARS-CoV-2","2026-08-14 12:48"
"Georgia","Fulton","ID:341",70887,"WastewaterSCAN",24.26,"Very High","2022-12-11","2022-12-24","SARS-CoV-2","2026-08-14 12:48"
"Georgia","Gwinnett","ID:342",650000,"State_Territory",49.86,"Very High","2022-05-23","2022-12-24","SARS-CoV-2","2026-08-14 12:48"
"Georgia","Laurens","ID:344",17000,"State_Territory",23.15,"Very High","2022-12-25","2022-12-24","SARS-CoV-2","2026-08-14 12:48"
"Georgia","Chattahoochee, Muscogee","ID:346",278000,"WastewaterSCAN",31.06,"Very High","2022-09-26","2022-12-24","SARS-CoV-2","2026-08-14 12:48"
"Georgia","Newton","ID:347",32000,"State_Territory",57.8,"Very High","2022-07-27","2022-12-24","SARS-CoV-2","2026-08-14 12:48"
"Georgia","Paulding","ID:348",10000,"State_Territory",43.26,"Very High","2022-11-10","2022-12-24","SARS-CoV-2","2026-08-14 12:48"
"Georgia","Paulding","ID:349",8000,"State_Territory",148.39,"Very High","2022-05-22","2022-12-24","SARS-CoV-2","2026-08-14 12:48"
"Georgia","Richmond","ID:353",197191,"CDC_Biobot",12.09,"Very High","2022-07-25","2022-12-24","SARS-CoV-2","2026-08-14 12:48"
"Georgia","Cherokee, Fulton","ID:326",12818,"WastewaterSCAN",6.7,"Moderate","2022-08-08","2022-12-17","SARS-CoV-2","2026-08-14 12:48"
"Georgia","Clarke","ID:327",56500,"State_Territory",8.51,"High","2022-06-26","2022-12-17","SARS-CoV-2","2026-08-14 12:48"
"Georgia","Cobb","ID:329",190000,"State_Territory",16.69,"Very High","2022-11-13","2022-12-17","SARS-CoV-2","2026-08-14 12:48"
"Georgia","Cobb","ID:330",190000,"State_Territory",46.82,"Very High","2022-12-25","2022-12-17","SARS-CoV-2","2026-08-14 12:48"
"Georgia","Dekalb","ID:331",325000,"CDC_Biobot",4.69,"Low","2022-07-21","2022-12-17","SARS-CoV-2","2026-08-14 12:48"
"Georgia","Forsyth","ID:335",36500,"State_Territory",58.52,"Very High","2022-12-25","2022-12-17","SARS-CoV-2","2026-08-14 12:48"
"Georgia","Fulton","ID:336",84486,"WastewaterSCAN",27.82,"Very High","2022-08-07","2022-12-17","SARS-CoV-2","2026-08-14 12:48"
"Georgia","Fulton","ID:337",189593,"WastewaterSCAN",34.99,"Very High","2022-08-07","2022-12-17","SARS-CoV-2","2026-08-14 12:48"
"Georgia","Fulton","ID:338",190000,"WastewaterSCAN",15.82,"Very High","2022-08-07","2022-12-17","SARS-CoV-2","2026-08-14 12:48"
"Georgia","Fulton","ID:339",600000,"WastewaterSCAN",49.17,"Very High","2022-12-11","2022-12-17","SARS-CoV-2","2026-08-14 12:48"
"Georgia","Fulton","ID:340",105160,"WastewaterSCAN",5.15,"Moderate","2022-12-11","2022-12-17","SARS-CoV-2","2026-08-14 12:48"
"Georgia","Fulton","ID:341",70887,"WastewaterSCAN",14.62,"Very High","2022-12-11","2022-12-17","SARS-CoV-2","2026-08-14 12:48"
"Georgia","Gwinnett","ID:342",650000,"State_Territory",48.69,"Very High","2022-05-23","2022-12-17","SARS-CoV-2","2026-08-14 12:48"
"Georgia","Laurens","ID:344",17000,"State_Territory",16.8,"Very High","2022-12-25","2022-12-17","SARS-CoV-2","2026-08-14 12:48"
"Georgia","Chattahoochee, Muscogee","ID:346",278000,"WastewaterSCAN",28.17,"Very High","2022-09-26","2022-12-17","SARS-CoV-2","2026-08-14 12:48"
"Georgia","Newton","ID:347",32000,"State_Territory",28.96,"Very High","2022-07-27","2022-12-17","SARS-CoV-2","2026-08-14 12:48"
"Georgia","Paulding","ID:348",10000,"State_Territory",25.85,"Very High","2022-11-10","2022-12-17","SARS-CoV-2","2026-08-14 12:48"
"Georgia","Paulding","ID:349",8000,"State_Territory",110.98,"Very High","2022-05-22","2022-12-17","SARS-CoV-2","2026-08-14 12:48"
"Georgia","Richmond","ID:353",197191,"CDC_Biobot",5.95,"Moderate","2022-07-25","2022-12-17","SARS-CoV-2","2026-08-14 12:48"
"Georgia","Cherokee, Fulton","ID:326",12818,"WastewaterSCAN",3.26,"Low","2022-08-08","2022-12-10","SARS-CoV-2","2026-08-14 12:48"
"Georgia","Clarke","ID:327",56500,"State_Territory",3.94,"Low","2022-06-26","2022-12-10","SARS-CoV-2","2026-08-14 12:48"
"Georgia","Cobb","ID:329",190000,"State_Territory",22.86,"Very High","2022-11-13","2022-12-10","SARS-CoV-2","2026-08-14 12:48"
"Georgia","Cobb","ID:330",190000,"State_Territory",39.58,"Very High","2022-12-25","2022-12-10","SARS-CoV-2","2026-08-14 12:48"
"Georgia","Dekalb","ID:331",325000,"CDC_Biobot",6.37,"Moderate","2022-07-21","2022-12-10","SARS-CoV-2","2026-08-14 12:48"
"Georgia","Forsyth","ID:335",36500,"State_Territory",37.59,"Very High","2022-12-25","2022-12-10","SARS-CoV-2","2026-08-14 12:48"
"Georgia","Fulton","ID:336",84486,"WastewaterSCAN",13.87,"Very High","2022-08-07","2022-12-10","SARS-CoV-2","2026-08-14 12:48"
"Georgia","Fulton","ID:337",189593,"WastewaterSCAN",26.48,"Very High","2022-08-07","2022-12-10","SARS-CoV-2","2026-08-14 12:48"
"Georgia","Fulton","ID:338",190000,"WastewaterSCAN",30.23,"Very High","2022-08-07","2022-12-10","SARS-CoV-2","2026-08-14 12:48"
"Georgia","Fulton","ID:339",600000,"WastewaterSCAN",11.21,"High","2022-12-11","2022-12-10","SARS-CoV-2","2026-08-14 12:48"
"Georgia","Fulton","ID:340",105160,"WastewaterSCAN",17.9,"Very High","2022-12-11","2022-12-10","SARS-CoV-2","2026-08-14 12:48"
"Georgia","Fulton","ID:341",70887,"WastewaterSCAN",17.83,"Very High","2022-12-11","2022-12-10","SARS-CoV-2","2026-08-14 12:48"
"Georgia","Gwinnett","ID:342",650000,"State_Territory",51.72,"Very High","2022-05-23","2022-12-10","SARS-CoV-2","2026-08-14 12:48"
"Georgia","Laurens","ID:344",17000,"State_Territory",14.05,"Very High","2022-12-25","2022-12-10","SARS-CoV-2","2026-08-14 12:48"
"Georgia","Lowndes","ID:345",65000,"CDC_Biobot",3.37,"Low","2022-06-21","2022-12-10","SARS-CoV-2","2026-08-14 12:48"
"Georgia","Chattahoochee, Muscogee","ID:346",278000,"WastewaterSCAN",17.27,"Very High","2022-09-26","2022-12-10","SARS-CoV-2","2026-08-14 12:48"
"Georgia","Newton","ID:347",32000,"State_Territory",34.15,"Very High","2022-07-27","2022-12-10","SARS-CoV-2","2026-08-14 12:48"
"Georgia","Paulding","ID:348",10000,"State_Territory",28.07,"Very High","2022-11-10","2022-12-10","SARS-CoV-2","2026-08-14 12:48"
"Georgia","Paulding","ID:349",8000,"State_Territory",105.74,"Very High","2022-05-22","2022-12-10","SARS-CoV-2","2026-08-14 12:48"
"Georgia","Richmond","ID:353",197191,"CDC_Biobot",9.21,"High","2022-07-25","2022-12-10","SARS-CoV-2","2026-08-14 12:48"
"Georgia","Cherokee, Fulton","ID:326",12818,"WastewaterSCAN",4.27,"Low","2022-08-08","2022-12-03","SARS-CoV-2","2026-08-14 12:48"
"Georgia","Clarke","ID:327",56500,"State_Territory",6.96,"Moderate","2022-06-26","2022-12-03","SARS-CoV-2","2026-08-14 12:48"
"Georgia","Cobb","ID:329",190000,"State_Territory",32.52,"Very High","2022-11-13","2022-12-03","SARS-CoV-2","2026-08-14 12:48"
"Georgia","Cobb","ID:330",190000,"State_Territory",41.24,"Very High","2022-12-25","2022-12-03","SARS-CoV-2","2026-08-14 12:48"
"Georgia","Dekalb","ID:331",325000,"CDC_Biobot",4.16,"Low","2022-07-21","2022-12-03","SARS-CoV-2","2026-08-14 12:48"
"Georgia","Fulton","ID:336",84486,"WastewaterSCAN",29.79,"Very High","2022-08-07","2022-12-03","SARS-CoV-2","2026-08-14 12:48"
"Georgia","Fulton","ID:337",189593,"WastewaterSCAN",23.47,"Very High","2022-08-07","2022-12-03","SARS-CoV-2","2026-08-14 12:48"
"Georgia","Fulton","ID:338",190000,"WastewaterSCAN",14.45,"Very High","2022-08-07","2022-12-03","SARS-CoV-2","2026-08-14 12:48"
"Georgia","Fulton","ID:339",600000,"WastewaterSCAN",17.69,"Very High","2022-12-11","2022-12-03","SARS-CoV-2","2026-08-14 12:48"
"Georgia","Fulton","ID:340",105160,"WastewaterSCAN",10.83,"High","2022-12-11","2022-12-03","SARS-CoV-2","2026-08-14 12:48"
"Georgia","Fulton","ID:341",70887,"WastewaterSCAN",18.42,"Very High","2022-12-11","2022-12-03","SARS-CoV-2","2026-08-14 12:48"
"Georgia","Gwinnett","ID:342",650000,"State_Territory",36.83,"Very High","2022-05-23","2022-12-03","SARS-CoV-2","2026-08-14 12:48"
"Georgia","Laurens","ID:344",17000,"State_Territory",10.17,"High","2022-12-25","2022-12-03","SARS-CoV-2","2026-08-14 12:48"
"Georgia","Lowndes","ID:345",65000,"CDC_Biobot",1.44,"Very Low","2022-06-21","2022-12-03","SARS-CoV-2","2026-08-14 12:48"
"Georgia","Chattahoochee, Muscogee","ID:346",278000,"WastewaterSCAN",14.59,"Very High","2022-09-26","2022-12-03","SARS-CoV-2","2026-08-14 12:48"
"Georgia","Newton","ID:347",32000,"State_Territory",17.13,"Very High","2022-07-27","2022-12-03","SARS-CoV-2","2026-08-14 12:48"
"Georgia","Paulding","ID:348",10000,"State_Territory",18.61,"Very High","2022-11-10","2022-12-03","SARS-CoV-2","2026-08-14 12:48"
"Georgia","Paulding","ID:349",8000,"State_Territory",70.65,"Very High","2022-05-22","2022-12-03","SARS-CoV-2","2026-08-14 12:48"
"Georgia","Richmond","ID:353",197191,"CDC_Biobot",7.79,"Moderate","2022-07-25","2022-12-03","SARS-CoV-2","2026-08-14 12:48"
"Georgia","Cherokee, Fulton","ID:326",12818,"WastewaterSCAN",5.72,"Moderate","2022-08-08","2022-11-26","SARS-CoV-2","2026-08-14 12:48"
"Georgia","Clarke","ID:327",56500,"State_Territory",10.95,"High","2022-06-26","2022-11-26","SARS-CoV-2","2026-08-14 12:48"
"Georgia","Cobb","ID:330",190000,"State_Territory",19.22,"Very High","2022-12-25","2022-11-26","SARS-CoV-2","2026-08-14 12:48"
"Georgia","Dekalb","ID:331",325000,"CDC_Biobot",2.66,"Low","2022-07-21","2022-11-26","SARS-CoV-2","2026-08-14 12:48"
"Georgia","Forsyth","ID:335",36500,"State_Territory",34.47,"Very High","2022-12-25","2022-11-26","SARS-CoV-2","2026-08-14 12:48"
"Georgia","Fulton","ID:336",84486,"WastewaterSCAN",10.69,"High","2022-08-07","2022-11-26","SARS-CoV-2","2026-08-14 12:48"
"Georgia","Fulton","ID:337",189593,"WastewaterSCAN",16.61,"Very High","2022-08-07","2022-11-26","SARS-CoV-2","2026-08-14 12:48"
"Georgia","Fulton","ID:338",190000,"WastewaterSCAN",9.29,"High","2022-08-07","2022-11-26","SARS-CoV-2","2026-08-14 12:48"
"Georgia","Fulton","ID:339",600000,"WastewaterSCAN",14.56,"Very High","2022-12-11","2022-11-26","SARS-CoV-2","2026-08-14 12:48"
"Georgia","Fulton","ID:340",105160,"WastewaterSCAN",6.51,"Moderate","2022-12-11","2022-11-26","SARS-CoV-2","2026-08-14 12:48"
"Georgia","Fulton","ID:341",70887,"WastewaterSCAN",4.28,"Low","2022-12-11","2022-11-26","SARS-CoV-2","2026-08-14 12:48"
"Georgia","Gwinnett","ID:342",650000,"State_Territory",31.37,"Very High","2022-05-23","2022-11-26","SARS-CoV-2","2026-08-14 12:48"
"Georgia","Laurens","ID:344",17000,"State_Territory",9.46,"High","2022-12-25","2022-11-26","SARS-CoV-2","2026-08-14 12:48"
"Georgia","Lowndes","ID:345",65000,"CDC_Biobot",0.46,"Very Low","2022-06-21","2022-11-26","SARS-CoV-2","2026-08-14 12:48"
"Georgia","Chattahoochee, Muscogee","ID:346",278000,"WastewaterSCAN",13.95,"Very High","2022-09-26","2022-11-26","SARS-CoV-2","2026-08-14 12:48"
"Georgia","Newton","ID:347",32000,"State_Territory",27.46,"Very High","2022-07-27","2022-11-26","SARS-CoV-2","2026-08-14 12:48"
"Georgia","Paulding","ID:348",10000,"State_Territory",26.78,"Very High","2022-11-10","2022-11-26","SARS-CoV-2","2026-08-14 12:48"
"Georgia","Paulding","ID:349",8000,"State_Territory",43.61,"Very High","2022-05-22","2022-11-26","SARS-CoV-2","2026-08-14 12:48"
"Georgia","Richmond","ID:353",197191,"CDC_Biobot",3.54,"Low","2022-07-25","2022-11-26","SARS-CoV-2","2026-08-14 12:48"
"Georgia","Cherokee, Fulton","ID:326",12818,"WastewaterSCAN",6.82,"Moderate","2022-08-08","2022-11-19","SARS-CoV-2","2026-08-14 12:48"
"Georgia","Clarke","ID:327",56500,"State_Territory",2,"Very Low","2022-06-26","2022-11-19","SARS-CoV-2","2026-08-14 12:48"
"Georgia","Cobb","ID:330",190000,"State_Territory",19.02,"Very High","2022-12-25","2022-11-19","SARS-CoV-2","2026-08-14 12:48"
"Georgia","Dekalb","ID:331",325000,"CDC_Biobot",2.23,"Very Low","2022-07-21","2022-11-19","SARS-CoV-2","2026-08-14 12:48"
"Georgia","Forsyth","ID:335",36500,"State_Territory",8.84,"High","2022-12-25","2022-11-19","SARS-CoV-2","2026-08-14 12:48"
"Georgia","Fulton","ID:336",84486,"WastewaterSCAN",8.77,"High","2022-08-07","2022-11-19","SARS-CoV-2","2026-08-14 12:48"
"Georgia","Fulton","ID:337",189593,"WastewaterSCAN",6.32,"Moderate","2022-08-07","2022-11-19","SARS-CoV-2","2026-08-14 12:48"
"Georgia","Fulton","ID:338",190000,"WastewaterSCAN",7.87,"Moderate","2022-08-07","2022-11-19","SARS-CoV-2","2026-08-14 12:48"
"Georgia","Fulton","ID:339",600000,"WastewaterSCAN",4.15,"Low","2022-12-11","2022-11-19","SARS-CoV-2","2026-08-14 12:48"
"Georgia","Fulton","ID:340",105160,"WastewaterSCAN",4.68,"Low","2022-12-11","2022-11-19","SARS-CoV-2","2026-08-14 12:48"
"Georgia","Fulton","ID:341",70887,"WastewaterSCAN",5.91,"Moderate","2022-12-11","2022-11-19","SARS-CoV-2","2026-08-14 12:48"
"Georgia","Gwinnett","ID:342",650000,"State_Territory",58.1,"Very High","2022-05-23","2022-11-19","SARS-CoV-2","2026-08-14 12:48"
"Georgia","Laurens","ID:344",17000,"State_Territory",5.9,"Moderate","2022-12-25","2022-11-19","SARS-CoV-2","2026-08-14 12:48"
"Georgia","Lowndes","ID:345",65000,"CDC_Biobot",0.37,"Very Low","2022-06-21","2022-11-19","SARS-CoV-2","2026-08-14 12:48"
"Georgia","Chattahoochee, Muscogee","ID:346",278000,"WastewaterSCAN",3.6,"Low","2022-09-26","2022-11-19","SARS-CoV-2","2026-08-14 12:48"
"Georgia","Newton","ID:347",32000,"State_Territory",8.89,"High","2022-07-27","2022-11-19","SARS-CoV-2","2026-08-14 12:48"
"Georgia","Paulding","ID:348",10000,"State_Territory",22.03,"Very High","2022-11-10","2022-11-19","SARS-CoV-2","2026-08-14 12:48"
"Georgia","Paulding","ID:349",8000,"State_Territory",47.34,"Very High","2022-05-22","2022-11-19","SARS-CoV-2","2026-08-14 12:48"
"Georgia","Richmond","ID:353",197191,"CDC_Biobot",2.24,"Very Low","2022-07-25","2022-11-19","SARS-CoV-2","2026-08-14 12:48"
"Georgia","Cherokee, Fulton","ID:326",12818,"WastewaterSCAN",7.84,"Moderate","2022-08-08","2022-11-12","SARS-CoV-2","2026-08-14 12:48"
"Georgia","Clarke","ID:327",56500,"State_Territory",3.2,"Low","2022-06-26","2022-11-12","SARS-CoV-2","2026-08-14 12:48"
"Georgia","Cobb","ID:329",190000,"State_Territory",11.92,"Very High","2022-11-13","2022-11-12","SARS-CoV-2","2026-08-14 12:48"
"Georgia","Dekalb","ID:331",325000,"CDC_Biobot",1.75,"Very Low","2022-07-21","2022-11-12","SARS-CoV-2","2026-08-14 12:48"
"Georgia","Fulton","ID:336",84486,"WastewaterSCAN",9.34,"High","2022-08-07","2022-11-12","SARS-CoV-2","2026-08-14 12:48"
"Georgia","Fulton","ID:337",189593,"WastewaterSCAN",7.5,"Moderate","2022-08-07","2022-11-12","SARS-CoV-2","2026-08-14 12:48"
"Georgia","Fulton","ID:338",190000,"WastewaterSCAN",9.47,"High","2022-08-07","2022-11-12","SARS-CoV-2","2026-08-14 12:48"
"Georgia","Fulton","ID:339",600000,"WastewaterSCAN",3.15,"Low","2022-12-11","2022-11-12","SARS-CoV-2","2026-08-14 12:48"
"Georgia","Fulton","ID:340",105160,"WastewaterSCAN",6.11,"Moderate","2022-12-11","2022-11-12","SARS-CoV-2","2026-08-14 12:48"
"Georgia","Fulton","ID:341",70887,"WastewaterSCAN",5.49,"Moderate","2022-12-11","2022-11-12","SARS-CoV-2","2026-08-14 12:48"
"Georgia","Gwinnett","ID:342",650000,"State_Territory",16.27,"Very High","2022-05-23","2022-11-12","SARS-CoV-2","2026-08-14 12:48"
"Georgia","Lowndes","ID:345",65000,"CDC_Biobot",1.61,"Very Low","2022-06-21","2022-11-12","SARS-CoV-2","2026-08-14 12:48"
"Georgia","Chattahoochee, Muscogee","ID:346",278000,"WastewaterSCAN",4.23,"Low","2022-09-26","2022-11-12","SARS-CoV-2","2026-08-14 12:48"
"Georgia","Newton","ID:347",32000,"State_Territory",19.13,"Very High","2022-07-27","2022-11-12","SARS-CoV-2","2026-08-14 12:48"
"Georgia","Paulding","ID:348",10000,"State_Territory",8.31,"High","2022-11-10","2022-11-12","SARS-CoV-2","2026-08-14 12:48"
"Georgia","Paulding","ID:349",8000,"State_Territory",45.66,"Very High","2022-05-22","2022-11-12","SARS-CoV-2","2026-08-14 12:48"
"Georgia","Richmond","ID:353",197191,"CDC_Biobot",1.43,"Very Low","2022-07-25","2022-11-12","SARS-CoV-2","2026-08-14 12:48"
"Georgia","Cherokee, Fulton","ID:326",12818,"WastewaterSCAN",4.36,"Low","2022-08-08","2022-11-05","SARS-CoV-2","2026-08-14 12:48"
"Georgia","Clarke","ID:327",56500,"State_Territory",1.32,"Very Low","2022-06-26","2022-11-05","SARS-CoV-2","2026-08-14 12:48"
"Georgia","Cobb","ID:329",190000,"State_Territory",17.49,"Very High","2022-11-13","2022-11-05","SARS-CoV-2","2026-08-14 12:48"
"Georgia","Dekalb","ID:331",325000,"CDC_Biobot",2.78,"Low","2022-07-21","2022-11-05","SARS-CoV-2","2026-08-14 12:48"
"Georgia","Fulton","ID:336",84486,"WastewaterSCAN",7.44,"Moderate","2022-08-07","2022-11-05","SARS-CoV-2","2026-08-14 12:48"
"Georgia","Fulton","ID:337",189593,"WastewaterSCAN",15.64,"Very High","2022-08-07","2022-11-05","SARS-CoV-2","2026-08-14 12:48"
"Georgia","Fulton","ID:338",190000,"WastewaterSCAN",5.69,"Moderate","2022-08-07","2022-11-05","SARS-CoV-2","2026-08-14 12:48"
"Georgia","Fulton","ID:339",600000,"WastewaterSCAN",11.67,"Very High","2022-12-11","2022-11-05","SARS-CoV-2","2026-08-14 12:48"
"Georgia","Fulton","ID:340",105160,"WastewaterSCAN",11.08,"High","2022-12-11","2022-11-05","SARS-CoV-2","2026-08-14 12:48"
"Georgia","Fulton","ID:341",70887,"WastewaterSCAN",4.89,"Low","2022-12-11","2022-11-05","SARS-CoV-2","2026-08-14 12:48"
"Georgia","Gwinnett","ID:342",650000,"State_Territory",22,"Very High","2022-05-23","2022-11-05","SARS-CoV-2","2026-08-14 12:48"
"Georgia","Lowndes","ID:345",65000,"CDC_Biobot",1.22,"Very Low","2022-06-21","2022-11-05","SARS-CoV-2","2026-08-14 12:48"
"Georgia","Chattahoochee, Muscogee","ID:346",278000,"WastewaterSCAN",4.88,"Low","2022-09-26","2022-11-05","SARS-CoV-2","2026-08-14 12:48"
"Georgia","Newton","ID:347",32000,"State_Territory",12.32,"Very High","2022-07-27","2022-11-05","SARS-CoV-2","2026-08-14 12:48"
"Georgia","Paulding","ID:348",10000,"State_Territory",16.07,"Very High","2022-11-10","2022-11-05","SARS-CoV-2","2026-08-14 12:48"
"Georgia","Paulding","ID:349",8000,"State_Territory",34.21,"Very High","2022-05-22","2022-11-05","SARS-CoV-2","2026-08-14 12:48"
"Georgia","Cherokee, Fulton","ID:326",12818,"WastewaterSCAN",7.92,"High","2022-08-08","2022-10-29","SARS-CoV-2","2026-08-14 12:48"
"Georgia","Clarke","ID:327",56500,"State_Territory",4.23,"Low","2022-06-26","2022-10-29","SARS-CoV-2","2026-08-14 12:48"
"Georgia","Cobb","ID:329",190000,"State_Territory",6.55,"Moderate","2022-11-13","2022-10-29","SARS-CoV-2","2026-08-14 12:48"
"Georgia","Dekalb","ID:331",325000,"CDC_Biobot",2.78,"Low","2022-07-21","2022-10-29","SARS-CoV-2","2026-08-14 12:48"
"Georgia","Fulton","ID:336",84486,"WastewaterSCAN",6.53,"Moderate","2022-08-07","2022-10-29","SARS-CoV-2","2026-08-14 12:48"
"Georgia","Fulton","ID:337",189593,"WastewaterSCAN",11.81,"Very High","2022-08-07","2022-10-29","SARS-CoV-2","2026-08-14 12:48"
"Georgia","Fulton","ID:338",190000,"WastewaterSCAN",5.58,"Moderate","2022-08-07","2022-10-29","SARS-CoV-2","2026-08-14 12:48"
"Georgia","Gwinnett","ID:342",650000,"State_Territory",17.19,"Very High","2022-05-23","2022-10-29","SARS-CoV-2","2026-08-14 12:48"
"Georgia","Chattahoochee, Muscogee","ID:346",278000,"WastewaterSCAN",4.74,"Low","2022-09-26","2022-10-29","SARS-CoV-2","2026-08-14 12:48"
"Georgia","Newton","ID:347",32000,"State_Territory",10.16,"High","2022-07-27","2022-10-29","SARS-CoV-2","2026-08-14 12:48"
"Georgia","Paulding","ID:348",10000,"State_Territory",13.25,"Very High","2022-11-10","2022-10-29","SARS-CoV-2","2026-08-14 12:48"
"Georgia","Paulding","ID:349",8000,"State_Territory",42.85,"Very High","2022-05-22","2022-10-29","SARS-CoV-2","2026-08-14 12:48"
"Georgia","Richmond","ID:353",197191,"CDC_Biobot",6.66,"Moderate","2022-07-25","2022-10-29","SARS-CoV-2","2026-08-14 12:48"
"Georgia","Cherokee, Fulton","ID:326",12818,"WastewaterSCAN",6.57,"Moderate","2022-08-08","2022-10-22","SARS-CoV-2","2026-08-14 12:48"
"Georgia","Clarke","ID:327",56500,"State_Territory",2.47,"Very Low","2022-06-26","2022-10-22","SARS-CoV-2","2026-08-14 12:48"
"Georgia","Cobb","ID:329",190000,"State_Territory",6.89,"Moderate","2022-11-13","2022-10-22","SARS-CoV-2","2026-08-14 12:48"
"Georgia","Dekalb","ID:331",325000,"CDC_Biobot",0.63,"Very Low","2022-07-21","2022-10-22","SARS-CoV-2","2026-08-14 12:48"
"Georgia","Fulton","ID:336",84486,"WastewaterSCAN",12.8,"Very High","2022-08-07","2022-10-22","SARS-CoV-2","2026-08-14 12:48"
"Georgia","Fulton","ID:337",189593,"WastewaterSCAN",12.85,"Very High","2022-08-07","2022-10-22","SARS-CoV-2","2026-08-14 12:48"
"Georgia","Fulton","ID:338",190000,"WastewaterSCAN",3.7,"Low","2022-08-07","2022-10-22","SARS-CoV-2","2026-08-14 12:48"
"Georgia","Gwinnett","ID:342",650000,"State_Territory",14.62,"Very High","2022-05-23","2022-10-22","SARS-CoV-2","2026-08-14 12:48"
"Georgia","Lowndes","ID:345",65000,"CDC_Biobot",0.68,"Very Low","2022-06-21","2022-10-22","SARS-CoV-2","2026-08-14 12:48"
"Georgia","Chattahoochee, Muscogee","ID:346",278000,"WastewaterSCAN",5.18,"Moderate","2022-09-26","2022-10-22","SARS-CoV-2","2026-08-14 12:48"
"Georgia","Newton","ID:347",32000,"State_Territory",5.26,"Moderate","2022-07-27","2022-10-22","SARS-CoV-2","2026-08-14 12:48"
"Georgia","Paulding","ID:348",10000,"State_Territory",5.02,"Moderate","2022-11-10","2022-10-22","SARS-CoV-2","2026-08-14 12:48"
"Georgia","Paulding","ID:349",8000,"State_Territory",21.13,"Very High","2022-05-22","2022-10-22","SARS-CoV-2","2026-08-14 12:48"
"Georgia","Richmond","ID:353",197191,"CDC_Biobot",3.07,"Low","2022-07-25","2022-10-22","SARS-CoV-2","2026-08-14 12:48"
"Georgia","Cherokee, Fulton","ID:326",12818,"WastewaterSCAN",4.39,"Low","2022-08-08","2022-10-15","SARS-CoV-2","2026-08-14 12:48"
"Georgia","Clarke","ID:327",56500,"State_Territory",2.53,"Very Low","2022-06-26","2022-10-15","SARS-CoV-2","2026-08-14 12:48"
"Georgia","Cobb","ID:329",190000,"State_Territory",5.89,"Moderate","2022-11-13","2022-10-15","SARS-CoV-2","2026-08-14 12:48"
"Georgia","Dekalb","ID:331",325000,"CDC_Biobot",1.34,"Very Low","2022-07-21","2022-10-15","SARS-CoV-2","2026-08-14 12:48"
"Georgia","Fulton","ID:336",84486,"WastewaterSCAN",8.68,"High","2022-08-07","2022-10-15","SARS-CoV-2","2026-08-14 12:48"
"Georgia","Fulton","ID:337",189593,"WastewaterSCAN",6.58,"Moderate","2022-08-07","2022-10-15","SARS-CoV-2","2026-08-14 12:48"
"Georgia","Fulton","ID:338",190000,"WastewaterSCAN",2.66,"Low","2022-08-07","2022-10-15","SARS-CoV-2","2026-08-14 12:48"
"Georgia","Gwinnett","ID:342",650000,"State_Territory",14.35,"Very High","2022-05-23","2022-10-15","SARS-CoV-2","2026-08-14 12:48"
"Georgia","Lowndes","ID:345",65000,"CDC_Biobot",1.02,"Very Low","2022-06-21","2022-10-15","SARS-CoV-2","2026-08-14 12:48"
"Georgia","Chattahoochee, Muscogee","ID:346",278000,"WastewaterSCAN",4.35,"Low","2022-09-26","2022-10-15","SARS-CoV-2","2026-08-14 12:48"
"Georgia","Newton","ID:347",32000,"State_Territory",8.09,"High","2022-07-27","2022-10-15","SARS-CoV-2","2026-08-14 12:48"
"Georgia","Paulding","ID:348",10000,"State_Territory",8.86,"High","2022-11-10","2022-10-15","SARS-CoV-2","2026-08-14 12:48"
"Georgia","Paulding","ID:349",8000,"State_Territory",13.12,"Very High","2022-05-22","2022-10-15","SARS-CoV-2","2026-08-14 12:48"
"Georgia","Richmond","ID:353",197191,"CDC_Biobot",1.2,"Very Low","2022-07-25","2022-10-15","SARS-CoV-2","2026-08-14 12:48"
"Georgia","Cherokee, Fulton","ID:326",12818,"WastewaterSCAN",2.68,"Low","2022-08-08","2022-10-08","SARS-CoV-2","2026-08-14 12:48"
"Georgia","Clarke","ID:327",56500,"State_Territory",2.52,"Very Low","2022-06-26","2022-10-08","SARS-CoV-2","2026-08-14 12:48"
"Georgia","Cobb","ID:329",190000,"State_Territory",4.88,"Low","2022-11-13","2022-10-08","SARS-CoV-2","2026-08-14 12:48"
"Georgia","Dekalb","ID:331",325000,"CDC_Biobot",1.61,"Very Low","2022-07-21","2022-10-08","SARS-CoV-2","2026-08-14 12:48"
"Georgia","Fulton","ID:336",84486,"WastewaterSCAN",5.23,"Moderate","2022-08-07","2022-10-08","SARS-CoV-2","2026-08-14 12:48"
"Georgia","Fulton","ID:337",189593,"WastewaterSCAN",6.47,"Moderate","2022-08-07","2022-10-08","SARS-CoV-2","2026-08-14 12:48"
"Georgia","Fulton","ID:338",190000,"WastewaterSCAN",5.64,"Moderate","2022-08-07","2022-10-08","SARS-CoV-2","2026-08-14 12:48"
"Georgia","Gwinnett","ID:342",650000,"State_Territory",15.78,"Very High","2022-05-23","2022-10-08","SARS-CoV-2","2026-08-14 12:48"
"Georgia","Lowndes","ID:345",65000,"CDC_Biobot",0.74,"Very Low","2022-06-21","2022-10-08","SARS-CoV-2","2026-08-14 12:48"
"Georgia","Chattahoochee, Muscogee","ID:346",278000,"WastewaterSCAN",3.05,"Low","2022-09-26","2022-10-08","SARS-CoV-2","2026-08-14 12:48"
"Georgia","Newton","ID:347",32000,"State_Territory",4.38,"Low","2022-07-27","2022-10-08","SARS-CoV-2","2026-08-14 12:48"
"Georgia","Paulding","ID:348",10000,"State_Territory",12.76,"Very High","2022-11-10","2022-10-08","SARS-CoV-2","2026-08-14 12:48"
"Georgia","Paulding","ID:349",8000,"State_Territory",21.73,"Very High","2022-05-22","2022-10-08","SARS-CoV-2","2026-08-14 12:48"
"Georgia","Richmond","ID:353",197191,"CDC_Biobot",1.51,"Very Low","2022-07-25","2022-10-08","SARS-CoV-2","2026-08-14 12:48"
"Georgia","Cherokee, Fulton","ID:326",12818,"WastewaterSCAN",1.86,"Very Low","2022-08-08","2022-10-01","SARS-CoV-2","2026-08-14 12:48"
"Georgia","Clarke","ID:327",56500,"State_Territory",2.04,"Very Low","2022-06-26","2022-10-01","SARS-CoV-2","2026-08-14 12:48"
"Georgia","Dekalb","ID:331",325000,"CDC_Biobot",3.47,"Low","2022-07-21","2022-10-01","SARS-CoV-2","2026-08-14 12:48"
"Georgia","Fulton","ID:336",84486,"WastewaterSCAN",7.42,"Moderate","2022-08-07","2022-10-01","SARS-CoV-2","2026-08-14 12:48"
"Georgia","Fulton","ID:337",189593,"WastewaterSCAN",4.36,"Low","2022-08-07","2022-10-01","SARS-CoV-2","2026-08-14 12:48"
"Georgia","Fulton","ID:338",190000,"WastewaterSCAN",3.08,"Low","2022-08-07","2022-10-01","SARS-CoV-2","2026-08-14 12:48"
"Georgia","Gwinnett","ID:342",650000,"State_Territory",22.17,"Very High","2022-05-23","2022-10-01","SARS-CoV-2","2026-08-14 12:48"
"Georgia","Lowndes","ID:345",65000,"CDC_Biobot",1.12,"Very Low","2022-06-21","2022-10-01","SARS-CoV-2","2026-08-14 12:48"
"Georgia","Chattahoochee, Muscogee","ID:346",278000,"WastewaterSCAN",6.23,"Moderate","2022-09-26","2022-10-01","SARS-CoV-2","2026-08-14 12:48"
"Georgia","Newton","ID:347",32000,"State_Territory",7.29,"Moderate","2022-07-27","2022-10-01","SARS-CoV-2","2026-08-14 12:48"
"Georgia","Paulding","ID:348",10000,"State_Territory",24.67,"Very High","2022-11-10","2022-10-01","SARS-CoV-2","2026-08-14 12:48"
"Georgia","Paulding","ID:349",8000,"State_Territory",23.58,"Very High","2022-05-22","2022-10-01","SARS-CoV-2","2026-08-14 12:48"
"Georgia","Richmond","ID:353",197191,"CDC_Biobot",3.64,"Low","2022-07-25","2022-10-01","SARS-CoV-2","2026-08-14 12:48"
"Georgia","Cherokee, Fulton","ID:326",12818,"WastewaterSCAN",0.86,"Very Low","2022-08-08","2022-09-24","SARS-CoV-2","2026-08-14 12:48"
"Georgia","Clarke","ID:327",56500,"State_Territory",0.83,"Very Low","2022-06-26","2022-09-24","SARS-CoV-2","2026-08-14 12:48"
"Georgia","Fulton","ID:336",84486,"WastewaterSCAN",9.75,"High","2022-08-07","2022-09-24","SARS-CoV-2","2026-08-14 12:48"
"Georgia","Fulton","ID:337",189593,"WastewaterSCAN",5.81,"Moderate","2022-08-07","2022-09-24","SARS-CoV-2","2026-08-14 12:48"
"Georgia","Fulton","ID:338",190000,"WastewaterSCAN",3.32,"Low","2022-08-07","2022-09-24","SARS-CoV-2","2026-08-14 12:48"
"Georgia","Gwinnett","ID:342",650000,"State_Territory",21.02,"Very High","2022-05-23","2022-09-24","SARS-CoV-2","2026-08-14 12:48"
"Georgia","Chattahoochee, Muscogee","ID:346",278000,"WastewaterSCAN",5.92,"Moderate","2022-09-26","2022-09-24","SARS-CoV-2","2026-08-14 12:48"
"Georgia","Newton","ID:347",32000,"State_Territory",8.3,"High","2022-07-27","2022-09-24","SARS-CoV-2","2026-08-14 12:48"
"Georgia","Paulding","ID:349",8000,"State_Territory",21.79,"Very High","2022-05-22","2022-09-24","SARS-CoV-2","2026-08-14 12:48"
"Georgia","Cherokee, Fulton","ID:326",12818,"WastewaterSCAN",3.55,"Low","2022-08-08","2022-09-17","SARS-CoV-2","2026-08-14 12:48"
"Georgia","Clarke","ID:327",56500,"State_Territory",4.76,"Low","2022-06-26","2022-09-17","SARS-CoV-2","2026-08-14 12:48"
"Georgia","Dekalb","ID:331",325000,"CDC_Biobot",2.17,"Very Low","2022-07-21","2022-09-17","SARS-CoV-2","2026-08-14 12:48"
"Georgia","Fulton","ID:336",84486,"WastewaterSCAN",8.18,"High","2022-08-07","2022-09-17","SARS-CoV-2","2026-08-14 12:48"
"Georgia","Fulton","ID:337",189593,"WastewaterSCAN",12.6,"Very High","2022-08-07","2022-09-17","SARS-CoV-2","2026-08-14 12:48"
"Georgia","Fulton","ID:338",190000,"WastewaterSCAN",4.36,"Low","2022-08-07","2022-09-17","SARS-CoV-2","2026-08-14 12:48"
"Georgia","Gwinnett","ID:342",650000,"State_Territory",32.32,"Very High","2022-05-23","2022-09-17","SARS-CoV-2","2026-08-14 12:48"
"Georgia","Lowndes","ID:345",65000,"CDC_Biobot",1.71,"Very Low","2022-06-21","2022-09-17","SARS-CoV-2","2026-08-14 12:48"
"Georgia","Chattahoochee, Muscogee","ID:346",278000,"WastewaterSCAN",7.3,"Moderate","2022-09-26","2022-09-17","SARS-CoV-2","2026-08-14 12:48"
"Georgia","Newton","ID:347",32000,"State_Territory",8.69,"High","2022-07-27","2022-09-17","SARS-CoV-2","2026-08-14 12:48"
"Georgia","Paulding","ID:349",8000,"State_Territory",56.15,"Very High","2022-05-22","2022-09-17","SARS-CoV-2","2026-08-14 12:48"
"Georgia","Richmond","ID:353",197191,"CDC_Biobot",2.48,"Very Low","2022-07-25","2022-09-17","SARS-CoV-2","2026-08-14 12:48"
"Georgia","Cherokee, Fulton","ID:326",12818,"WastewaterSCAN",7.28,"Moderate","2022-08-08","2022-09-10","SARS-CoV-2","2026-08-14 12:48"
"Georgia","Clarke","ID:327",56500,"State_Territory",5.64,"Moderate","2022-06-26","2022-09-10","SARS-CoV-2","2026-08-14 12:48"
"Georgia","Dekalb","ID:331",325000,"CDC_Biobot",3.06,"Low","2022-07-21","2022-09-10","SARS-CoV-2","2026-08-14 12:48"
"Georgia","Fulton","ID:336",84486,"WastewaterSCAN",8.24,"High","2022-08-07","2022-09-10","SARS-CoV-2","2026-08-14 12:48"
"Georgia","Fulton","ID:337",189593,"WastewaterSCAN",13.47,"Very High","2022-08-07","2022-09-10","SARS-CoV-2","2026-08-14 12:48"
"Georgia","Fulton","ID:338",190000,"WastewaterSCAN",9.25,"High","2022-08-07","2022-09-10","SARS-CoV-2","2026-08-14 12:48"
"Georgia","Gwinnett","ID:342",650000,"State_Territory",38.22,"Very High","2022-05-23","2022-09-10","SARS-CoV-2","2026-08-14 12:48"
"Georgia","Lowndes","ID:345",65000,"CDC_Biobot",3.41,"Low","2022-06-21","2022-09-10","SARS-CoV-2","2026-08-14 12:48"
"Georgia","Chattahoochee, Muscogee","ID:346",278000,"WastewaterSCAN",14.65,"Very High","2022-09-26","2022-09-10","SARS-CoV-2","2026-08-14 12:48"
"Georgia","Newton","ID:347",32000,"State_Territory",7.36,"Moderate","2022-07-27","2022-09-10","SARS-CoV-2","2026-08-14 12:48"
"Georgia","Paulding","ID:349",8000,"State_Territory",41.65,"Very High","2022-05-22","2022-09-10","SARS-CoV-2","2026-08-14 12:48"
"Georgia","Richmond","ID:353",197191,"CDC_Biobot",0.14,"Very Low","2022-07-25","2022-09-10","SARS-CoV-2","2026-08-14 12:48"
"Georgia","Cherokee, Fulton","ID:326",12818,"WastewaterSCAN",9.52,"High","2022-08-08","2022-09-03","SARS-CoV-2","2026-08-14 12:48"
"Georgia","Clarke","ID:327",56500,"State_Territory",8.52,"High","2022-06-26","2022-09-03","SARS-CoV-2","2026-08-14 12:48"
"Georgia","Dekalb","ID:331",325000,"CDC_Biobot",4.81,"Low","2022-07-21","2022-09-03","SARS-CoV-2","2026-08-14 12:48"
"Georgia","Fulton","ID:336",84486,"WastewaterSCAN",10.61,"High","2022-08-07","2022-09-03","SARS-CoV-2","2026-08-14 12:48"
"Georgia","Fulton","ID:337",189593,"WastewaterSCAN",19.8,"Very High","2022-08-07","2022-09-03","SARS-CoV-2","2026-08-14 12:48"
"Georgia","Fulton","ID:338",190000,"WastewaterSCAN",11.77,"Very High","2022-08-07","2022-09-03","SARS-CoV-2","2026-08-14 12:48"
"Georgia","Gwinnett","ID:342",650000,"State_Territory",47.09,"Very High","2022-05-23","2022-09-03","SARS-CoV-2","2026-08-14 12:48"
"Georgia","Lowndes","ID:345",65000,"CDC_Biobot",4.27,"Low","2022-06-21","2022-09-03","SARS-CoV-2","2026-08-14 12:48"
"Georgia","Chattahoochee, Muscogee","ID:346",278000,"WastewaterSCAN",17.03,"Very High","2022-09-26","2022-09-03","SARS-CoV-2","2026-08-14 12:48"
"Georgia","Newton","ID:347",32000,"State_Territory",24.86,"Very High","2022-07-27","2022-09-03","SARS-CoV-2","2026-08-14 12:48"
"Georgia","Paulding","ID:349",8000,"State_Territory",58.41,"Very High","2022-05-22","2022-09-03","SARS-CoV-2","2026-08-14 12:48"
"Georgia","Richmond","ID:353",197191,"CDC_Biobot",3.55,"Low","2022-07-25","2022-09-03","SARS-CoV-2","2026-08-14 12:48"
"Georgia","Cherokee, Fulton","ID:326",12818,"WastewaterSCAN",4.08,"Low","2022-08-08","2022-08-27","SARS-CoV-2","2026-08-14 12:48"
"Georgia","Clarke","ID:327",56500,"State_Territory",12.96,"Very High","2022-06-26","2022-08-27","SARS-CoV-2","2026-08-14 12:48"
"Georgia","Dekalb","ID:331",325000,"CDC_Biobot",4.36,"Low","2022-07-21","2022-08-27","SARS-CoV-2","2026-08-14 12:48"
"Georgia","Fulton","ID:336",84486,"WastewaterSCAN",25.14,"Very High","2022-08-07","2022-08-27","SARS-CoV-2","2026-08-14 12:48"
"Georgia","Fulton","ID:337",189593,"WastewaterSCAN",32.61,"Very High","2022-08-07","2022-08-27","SARS-CoV-2","2026-08-14 12:48"
"Georgia","Fulton","ID:338",190000,"WastewaterSCAN",12.13,"Very High","2022-08-07","2022-08-27","SARS-CoV-2","2026-08-14 12:48"
"Georgia","Gwinnett","ID:342",650000,"State_Territory",60.89,"Very High","2022-05-23","2022-08-27","SARS-CoV-2","2026-08-14 12:48"
"Georgia","Lowndes","ID:345",65000,"CDC_Biobot",6.97,"Moderate","2022-06-21","2022-08-27","SARS-CoV-2","2026-08-14 12:48"
"Georgia","Chattahoochee, Muscogee","ID:346",278000,"WastewaterSCAN",14.17,"Very High","2022-09-26","2022-08-27","SARS-CoV-2","2026-08-14 12:48"
"Georgia","Newton","ID:347",32000,"State_Territory",36.12,"Very High","2022-07-27","2022-08-27","SARS-CoV-2","2026-08-14 12:48"
"Georgia","Paulding","ID:349",8000,"State_Territory",77.9,"Very High","2022-05-22","2022-08-27","SARS-CoV-2","2026-08-14 12:48"
"Georgia","Richmond","ID:353",197191,"CDC_Biobot",6.2,"Moderate","2022-07-25","2022-08-27","SARS-CoV-2","2026-08-14 12:48"
"Georgia","Cherokee, Fulton","ID:326",12818,"WastewaterSCAN",6.68,"Moderate","2022-08-08","2022-08-20","SARS-CoV-2","2026-08-14 12:48"
"Georgia","Clarke","ID:327",56500,"State_Territory",1.48,"Very Low","2022-06-26","2022-08-20","SARS-CoV-2","2026-08-14 12:48"
"Georgia","Dekalb","ID:331",325000,"CDC_Biobot",1.61,"Very Low","2022-07-21","2022-08-20","SARS-CoV-2","2026-08-14 12:48"
"Georgia","Fulton","ID:336",84486,"WastewaterSCAN",20.63,"Very High","2022-08-07","2022-08-20","SARS-CoV-2","2026-08-14 12:48"
"Georgia","Fulton","ID:337",189593,"WastewaterSCAN",49.75,"Very High","2022-08-07","2022-08-20","SARS-CoV-2","2026-08-14 12:48"
"Georgia","Fulton","ID:338",190000,"WastewaterSCAN",10.24,"High","2022-08-07","2022-08-20","SARS-CoV-2","2026-08-14 12:48"
"Georgia","Gwinnett","ID:342",650000,"State_Territory",47.95,"Very High","2022-05-23","2022-08-20","SARS-CoV-2","2026-08-14 12:48"
"Georgia","Lowndes","ID:345",65000,"CDC_Biobot",9.55,"High","2022-06-21","2022-08-20","SARS-CoV-2","2026-08-14 12:48"
"Georgia","Chattahoochee, Muscogee","ID:346",278000,"WastewaterSCAN",16.52,"Very High","2022-09-26","2022-08-20","SARS-CoV-2","2026-08-14 12:48"
"Georgia","Newton","ID:347",32000,"State_Territory",44.85,"Very High","2022-07-27","2022-08-20","SARS-CoV-2","2026-08-14 12:48"
"Georgia","Paulding","ID:349",8000,"State_Territory",107.54,"Very High","2022-05-22","2022-08-20","SARS-CoV-2","2026-08-14 12:48"
"Georgia","Richmond","ID:353",197191,"CDC_Biobot",9.9,"High","2022-07-25","2022-08-20","SARS-CoV-2","2026-08-14 12:48"
"Georgia","Cherokee, Fulton","ID:326",12818,"WastewaterSCAN",9.5,"High","2022-08-08","2022-08-13","SARS-CoV-2","2026-08-14 12:48"
"Georgia","Clarke","ID:327",56500,"State_Territory",5.44,"Moderate","2022-06-26","2022-08-13","SARS-CoV-2","2026-08-14 12:48"
"Georgia","Dekalb","ID:331",325000,"CDC_Biobot",4.59,"Low","2022-07-21","2022-08-13","SARS-CoV-2","2026-08-14 12:48"
"Georgia","Fulton","ID:336",84486,"WastewaterSCAN",28.84,"Very High","2022-08-07","2022-08-13","SARS-CoV-2","2026-08-14 12:48"
"Georgia","Fulton","ID:337",189593,"WastewaterSCAN",22.17,"Very High","2022-08-07","2022-08-13","SARS-CoV-2","2026-08-14 12:48"
"Georgia","Fulton","ID:338",190000,"WastewaterSCAN",11.35,"High","2022-08-07","2022-08-13","SARS-CoV-2","2026-08-14 12:48"
"Georgia","Gwinnett","ID:342",650000,"State_Territory",59.05,"Very High","2022-05-23","2022-08-13","SARS-CoV-2","2026-08-14 12:48"
"Georgia","Lowndes","ID:345",65000,"CDC_Biobot",7.06,"Moderate","2022-06-21","2022-08-13","SARS-CoV-2","2026-08-14 12:48"
"Georgia","Newton","ID:347",32000,"State_Territory",43.16,"Very High","2022-07-27","2022-08-13","SARS-CoV-2","2026-08-14 12:48"
"Georgia","Paulding","ID:349",8000,"State_Territory",140.72,"Very High","2022-05-22","2022-08-13","SARS-CoV-2","2026-08-14 12:48"
"Georgia","Richmond","ID:353",197191,"CDC_Biobot",3.89,"Low","2022-07-25","2022-08-13","SARS-CoV-2","2026-08-14 12:48"
"Georgia","Cherokee, Fulton","ID:326",12818,"WastewaterSCAN",7.38,"Moderate","2022-08-08","2022-08-06","SARS-CoV-2","2026-08-14 12:48"
"Georgia","Clarke","ID:327",56500,"State_Territory",0.11,"Very Low","2022-06-26","2022-08-06","SARS-CoV-2","2026-08-14 12:48"
"Georgia","Dekalb","ID:331",325000,"CDC_Biobot",5.86,"Moderate","2022-07-21","2022-08-06","SARS-CoV-2","2026-08-14 12:48"
"Georgia","Fulton","ID:336",84486,"WastewaterSCAN",17.66,"Very High","2022-08-07","2022-08-06","SARS-CoV-2","2026-08-14 12:48"
"Georgia","Fulton","ID:337",189593,"WastewaterSCAN",29.36,"Very High","2022-08-07","2022-08-06","SARS-CoV-2","2026-08-14 12:48"
"Georgia","Fulton","ID:338",190000,"WastewaterSCAN",16.39,"Very High","2022-08-07","2022-08-06","SARS-CoV-2","2026-08-14 12:48"
"Georgia","Gwinnett","ID:342",650000,"State_Territory",64.88,"Very High","2022-05-23","2022-08-06","SARS-CoV-2","2026-08-14 12:48"
"Georgia","Lowndes","ID:345",65000,"CDC_Biobot",9.4,"High","2022-06-21","2022-08-06","SARS-CoV-2","2026-08-14 12:48"
"Georgia","Newton","ID:347",32000,"State_Territory",38.18,"Very High","2022-07-27","2022-08-06","SARS-CoV-2","2026-08-14 12:48"
"Georgia","Paulding","ID:349",8000,"State_Territory",79.37,"Very High","2022-05-22","2022-08-06","SARS-CoV-2","2026-08-14 12:48"
"Georgia","Richmond","ID:353",197191,"CDC_Biobot",3.12,"Low","2022-07-25","2022-08-06","SARS-CoV-2","2026-08-14 12:48"
"Georgia","Clarke","ID:327",56500,"State_Territory",5.32,"Moderate","2022-06-26","2022-07-30","SARS-CoV-2","2026-08-14 12:48"
"Georgia","Dekalb","ID:331",325000,"CDC_Biobot",7.35,"Moderate","2022-07-21","2022-07-30","SARS-CoV-2","2026-08-14 12:48"
"Georgia","Gwinnett","ID:342",650000,"State_Territory",80.32,"Very High","2022-05-23","2022-07-30","SARS-CoV-2","2026-08-14 12:48"
"Georgia","Lowndes","ID:345",65000,"CDC_Biobot",12.28,"Very High","2022-06-21","2022-07-30","SARS-CoV-2","2026-08-14 12:48"
"Georgia","Newton","ID:347",32000,"State_Territory",47.56,"Very High","2022-07-27","2022-07-30","SARS-CoV-2","2026-08-14 12:48"
"Georgia","Paulding","ID:349",8000,"State_Territory",90.32,"Very High","2022-05-22","2022-07-30","SARS-CoV-2","2026-08-14 12:48"
"Georgia","Richmond","ID:353",197191,"CDC_Biobot",14.95,"Very High","2022-07-25","2022-07-30","SARS-CoV-2","2026-08-14 12:48"
"Georgia","Cherokee, Fulton","ID:326",12818,"WastewaterSCAN",10.59,"High","2022-08-08","2022-07-23","SARS-CoV-2","2026-08-14 12:48"
"Georgia","Clarke","ID:327",56500,"State_Territory",3.89,"Low","2022-06-26","2022-07-23","SARS-CoV-2","2026-08-14 12:48"
"Georgia","Dekalb","ID:331",325000,"CDC_Biobot",5.9,"Moderate","2022-07-21","2022-07-23","SARS-CoV-2","2026-08-14 12:48"
"Georgia","Fulton","ID:336",84486,"WastewaterSCAN",19.57,"Very High","2022-08-07","2022-07-23","SARS-CoV-2","2026-08-14 12:48"
"Georgia","Fulton","ID:337",189593,"WastewaterSCAN",24.26,"Very High","2022-08-07","2022-07-23","SARS-CoV-2","2026-08-14 12:48"
"Georgia","Fulton","ID:338",190000,"WastewaterSCAN",20.78,"Very High","2022-08-07","2022-07-23","SARS-CoV-2","2026-08-14 12:48"
"Georgia","Gwinnett","ID:342",650000,"State_Territory",76.03,"Very High","2022-05-23","2022-07-23","SARS-CoV-2","2026-08-14 12:48"
"Georgia","Lowndes","ID:345",65000,"CDC_Biobot",8.6,"High","2022-06-21","2022-07-23","SARS-CoV-2","2026-08-14 12:48"
"Georgia","Newton","ID:347",32000,"State_Territory",47.3,"Very High","2022-07-27","2022-07-23","SARS-CoV-2","2026-08-14 12:48"
"Georgia","Paulding","ID:349",8000,"State_Territory",103.54,"Very High","2022-05-22","2022-07-23","SARS-CoV-2","2026-08-14 12:48"
"Georgia","Richmond","ID:353",197191,"CDC_Biobot",8.18,"High","2022-07-25","2022-07-23","SARS-CoV-2","2026-08-14 12:48"
"Georgia","Cherokee, Fulton","ID:326",12818,"WastewaterSCAN",14.38,"Very High","2022-08-08","2022-07-16","SARS-CoV-2","2026-08-14 12:48"
"Georgia","Clarke","ID:327",56500,"State_Territory",5,"Moderate","2022-06-26","2022-07-16","SARS-CoV-2","2026-08-14 12:48"
"Georgia","Dekalb","ID:331",325000,"CDC_Biobot",7.35,"Moderate","2022-07-21","2022-07-16","SARS-CoV-2","2026-08-14 12:48"
"Georgia","Fulton","ID:336",84486,"WastewaterSCAN",17.65,"Very High","2022-08-07","2022-07-16","SARS-CoV-2","2026-08-14 12:48"
"Georgia","Fulton","ID:337",189593,"WastewaterSCAN",16.89,"Very High","2022-08-07","2022-07-16","SARS-CoV-2","2026-08-14 12:48"
"Georgia","Fulton","ID:338",190000,"WastewaterSCAN",13.03,"Very High","2022-08-07","2022-07-16","SARS-CoV-2","2026-08-14 12:48"
"Georgia","Gwinnett","ID:342",650000,"State_Territory",62.43,"Very High","2022-05-23","2022-07-16","SARS-CoV-2","2026-08-14 12:48"
"Georgia","Lowndes","ID:345",65000,"CDC_Biobot",11.82,"Very High","2022-06-21","2022-07-16","SARS-CoV-2","2026-08-14 12:48"
"Georgia","Newton","ID:347",32000,"State_Territory",50.1,"Very High","2022-07-27","2022-07-16","SARS-CoV-2","2026-08-14 12:48"
"Georgia","Paulding","ID:349",8000,"State_Territory",124.77,"Very High","2022-05-22","2022-07-16","SARS-CoV-2","2026-08-14 12:48"
"Georgia","Richmond","ID:353",197191,"CDC_Biobot",4.84,"Low","2022-07-25","2022-07-16","SARS-CoV-2","2026-08-14 12:48"
"Georgia","Cherokee, Fulton","ID:326",12818,"WastewaterSCAN",7.57,"Moderate","2022-08-08","2022-07-09","SARS-CoV-2","2026-08-14 12:48"
"Georgia","Clarke","ID:327",56500,"State_Territory",4.72,"Low","2022-06-26","2022-07-09","SARS-CoV-2","2026-08-14 12:48"
"Georgia","Dekalb","ID:331",325000,"CDC_Biobot",8.23,"High","2022-07-21","2022-07-09","SARS-CoV-2","2026-08-14 12:48"
"Georgia","Fulton","ID:336",84486,"WastewaterSCAN",20.06,"Very High","2022-08-07","2022-07-09","SARS-CoV-2","2026-08-14 12:48"
"Georgia","Fulton","ID:337",189593,"WastewaterSCAN",15.26,"Very High","2022-08-07","2022-07-09","SARS-CoV-2","2026-08-14 12:48"
"Georgia","Fulton","ID:338",190000,"WastewaterSCAN",7.67,"Moderate","2022-08-07","2022-07-09","SARS-CoV-2","2026-08-14 12:48"
"Georgia","Gwinnett","ID:342",650000,"State_Territory",46.68,"Very High","2022-05-23","2022-07-09","SARS-CoV-2","2026-08-14 12:48"
"Georgia","Newton","ID:347",32000,"State_Territory",42.18,"Very High","2022-07-27","2022-07-09","SARS-CoV-2","2026-08-14 12:48"
"Georgia","Paulding","ID:349",8000,"State_Territory",131.5,"Very High","2022-05-22","2022-07-09","SARS-CoV-2","2026-08-14 12:48"
"Georgia","Richmond","ID:353",197191,"CDC_Biobot",7.2,"Moderate","2022-07-25","2022-07-09","SARS-CoV-2","2026-08-14 12:48"
"Georgia","Cherokee, Fulton","ID:326",12818,"WastewaterSCAN",12.51,"Very High","2022-08-08","2022-07-02","SARS-CoV-2","2026-08-14 12:48"
"Georgia","Clarke","ID:327",56500,"State_Territory",5.01,"Moderate","2022-06-26","2022-07-02","SARS-CoV-2","2026-08-14 12:48"
"Georgia","Dekalb","ID:331",325000,"CDC_Biobot",4.05,"Low","2022-07-21","2022-07-02","SARS-CoV-2","2026-08-14 12:48"
"Georgia","Fulton","ID:336",84486,"WastewaterSCAN",15.92,"Very High","2022-08-07","2022-07-02","SARS-CoV-2","2026-08-14 12:48"
"Georgia","Fulton","ID:337",189593,"WastewaterSCAN",104.58,"Very High","2022-08-07","2022-07-02","SARS-CoV-2","2026-08-14 12:48"
"Georgia","Fulton","ID:338",190000,"WastewaterSCAN",21.79,"Very High","2022-08-07","2022-07-02","SARS-CoV-2","2026-08-14 12:48"
"Georgia","Gwinnett","ID:342",650000,"State_Territory",45.47,"Very High","2022-05-23","2022-07-02","SARS-CoV-2","2026-08-14 12:48"
"Georgia","Lowndes","ID:345",65000,"CDC_Biobot",4.23,"Low","2022-06-21","2022-07-02","SARS-CoV-2","2026-08-14 12:48"
"Georgia","Newton","ID:347",32000,"State_Territory",39.49,"Very High","2022-07-27","2022-07-02","SARS-CoV-2","2026-08-14 12:48"
"Georgia","Paulding","ID:349",8000,"State_Territory",126.57,"Very High","2022-05-22","2022-07-02","SARS-CoV-2","2026-08-14 12:48"
"Georgia","Richmond","ID:353",197191,"CDC_Biobot",3.83,"Low","2022-07-25","2022-07-02","SARS-CoV-2","2026-08-14 12:48"
"Georgia","Clarke","ID:327",56500,"State_Territory",3.5,"Low","2022-06-26","2022-06-25","SARS-CoV-2","2026-08-14 12:48"
"Georgia","Dekalb","ID:331",325000,"CDC_Biobot",4.79,"Low","2022-07-21","2022-06-25","SARS-CoV-2","2026-08-14 12:48"
"Georgia","Gwinnett","ID:342",650000,"State_Territory",43.43,"Very High","2022-05-23","2022-06-25","SARS-CoV-2","2026-08-14 12:48"
"Georgia","Lowndes","ID:345",65000,"CDC_Biobot",4.02,"Low","2022-06-21","2022-06-25","SARS-CoV-2","2026-08-14 12:48"
"Georgia","Newton","ID:347",32000,"State_Territory",30.4,"Very High","2022-07-27","2022-06-25","SARS-CoV-2","2026-08-14 12:48"
"Georgia","Paulding","ID:349",8000,"State_Territory",113.67,"Very High","2022-05-22","2022-06-25","SARS-CoV-2","2026-08-14 12:48"
"Georgia","Richmond","ID:353",197191,"CDC_Biobot",5.67,"Moderate","2022-07-25","2022-06-25","SARS-CoV-2","2026-08-14 12:48"
"Georgia","Clarke","ID:327",56500,"State_Territory",4.44,"Low","2022-06-26","2022-06-18","SARS-CoV-2","2026-08-14 12:48"
"Georgia","Dekalb","ID:331",325000,"CDC_Biobot",5.26,"Moderate","2022-07-21","2022-06-18","SARS-CoV-2","2026-08-14 12:48"
"Georgia","Gwinnett","ID:342",650000,"State_Territory",52.55,"Very High","2022-05-23","2022-06-18","SARS-CoV-2","2026-08-14 12:48"
"Georgia","Lowndes","ID:345",65000,"CDC_Biobot",1.73,"Very Low","2022-06-21","2022-06-18","SARS-CoV-2","2026-08-14 12:48"
"Georgia","Newton","ID:347",32000,"State_Territory",35.84,"Very High","2022-07-27","2022-06-18","SARS-CoV-2","2026-08-14 12:48"
"Georgia","Paulding","ID:349",8000,"State_Territory",67.15,"Very High","2022-05-22","2022-06-18","SARS-CoV-2","2026-08-14 12:48"
"Georgia","Richmond","ID:353",197191,"CDC_Biobot",4.01,"Low","2022-07-25","2022-06-18","SARS-CoV-2","2026-08-14 12:48"
"Georgia","Clarke","ID:327",56500,"State_Territory",3.82,"Low","2022-06-26","2022-06-11","SARS-CoV-2","2026-08-14 12:48"
"Georgia","Dekalb","ID:331",325000,"CDC_Biobot",6.84,"Moderate","2022-07-21","2022-06-11","SARS-CoV-2","2026-08-14 12:48"
"Georgia","Gwinnett","ID:342",650000,"State_Territory",64.14,"Very High","2022-05-23","2022-06-11","SARS-CoV-2","2026-08-14 12:48"
"Georgia","Lowndes","ID:345",65000,"CDC_Biobot",2.93,"Low","2022-06-21","2022-06-11","SARS-CoV-2","2026-08-14 12:48"
"Georgia","Paulding","ID:349",8000,"State_Territory",93.7,"Very High","2022-05-22","2022-06-11","SARS-CoV-2","2026-08-14 12:48"
"Georgia","Clarke","ID:327",56500,"State_Territory",2.05,"Very Low","2022-06-26","2022-06-04","SARS-CoV-2","2026-08-14 12:48"
"Georgia","Gwinnett","ID:342",650000,"State_Territory",33.39,"Very High","2022-05-23","2022-06-04","SARS-CoV-2","2026-08-14 12:48"
"Georgia","Lowndes","ID:345",65000,"CDC_Biobot",3.48,"Low","2022-06-21","2022-06-04","SARS-CoV-2","2026-08-14 12:48"
"Georgia","Paulding","ID:349",8000,"State_Territory",110.59,"Very High","2022-05-22","2022-06-04","SARS-CoV-2","2026-08-14 12:48"
"Georgia","Clarke","ID:327",56500,"State_Territory",2.92,"Low","2022-06-26","2022-05-28","SARS-CoV-2","2026-08-14 12:48"
"Georgia","Gwinnett","ID:342",650000,"State_Territory",35.5,"Very High","2022-05-23","2022-05-28","SARS-CoV-2","2026-08-14 12:48"
"Georgia","Lowndes","ID:345",65000,"CDC_Biobot",4.09,"Low","2022-06-21","2022-05-28","SARS-CoV-2","2026-08-14 12:48"
"Georgia","Paulding","ID:349",8000,"State_Territory",46.16,"Very High","2022-05-22","2022-05-28","SARS-CoV-2","2026-08-14 12:48"
"Georgia","Clarke","ID:327",56500,"State_Territory",2.73,"Low","2022-06-26","2022-05-21","SARS-CoV-2","2026-08-14 12:48"
"Georgia","Gwinnett","ID:342",650000,"State_Territory",9.78,"High","2022-05-23","2022-05-21","SARS-CoV-2","2026-08-14 12:48"
"Georgia","Lowndes","ID:345",65000,"CDC_Biobot",1.7,"Very Low","2022-06-21","2022-05-21","SARS-CoV-2","2026-08-14 12:48"
"Georgia","Paulding","ID:349",8000,"State_Territory",49.03,"Very High","2022-05-22","2022-05-21","SARS-CoV-2","2026-08-14 12:48"
"Georgia","Gwinnett","ID:342",650000,"State_Territory",8.94,"High","2022-05-23","2022-05-14","SARS-CoV-2","2026-08-14 12:48"
"Georgia","Lowndes","ID:345",65000,"CDC_Biobot",1.12,"Very Low","2022-06-21","2022-05-14","SARS-CoV-2","2026-08-14 12:48"
"Georgia","Paulding","ID:349",8000,"State_Territory",89.83,"Very High","2022-05-22","2022-05-14","SARS-CoV-2","2026-08-14 12:48"
"Georgia","Gwinnett","ID:342",650000,"State_Territory",12.06,"Very High","2022-05-23","2022-04-23","SARS-CoV-2","2026-08-14 12:48"
"Georgia","Gwinnett","ID:342",650000,"State_Territory",10.51,"High","2022-05-23","2022-04-16","SARS-CoV-2","2026-08-14 12:48"
"Georgia","Paulding","ID:349",8000,"State_Territory",35.38,"Very High","2022-05-22","2022-04-16","SARS-CoV-2","2026-08-14 12:48"
"Georgia","Cherokee, Fulton","ID:326",20000,"State_Territory, WastewaterSCAN",4.42,"Low","2022-08-08","2025-08-30","SARS-CoV-2","2026-08-14 12:48"
"Georgia","Clarke","ID:327",60000,"State_Territory",22.59,"Very High","2022-06-26","2025-08-30","SARS-CoV-2","2026-08-14 12:48"
"Georgia","Cobb","ID:329",113079,"State_Territory",8.45,"High","2022-11-13","2025-08-30","SARS-CoV-2","2026-08-14 12:48"
"Georgia","Cobb","ID:330",304020,"State_Territory",4,"Low","2022-12-25","2025-08-30","SARS-CoV-2","2026-08-14 12:48"
"Georgia","Douglas","ID:333",37256,"State_Territory",7.97,"High","2023-07-17","2025-08-30","SARS-CoV-2","2026-08-14 12:48"
"Georgia","Floyd","ID:334",38111,"State_Territory",11.64,"Very High","2023-02-20","2025-08-30","SARS-CoV-2","2026-08-14 12:48"
"Georgia","Forsyth","ID:335",44000,"State_Territory",0.89,"Very Low","2022-12-25","2025-08-30","SARS-CoV-2","2026-08-14 12:48"
"Georgia","Fulton","ID:336",84486,"WastewaterSCAN",5.65,"Moderate","2022-08-07","2025-08-30","SARS-CoV-2","2026-08-14 12:48"
"Georgia","Fulton","ID:337",189593,"WastewaterSCAN",5.19,"Moderate","2022-08-07","2025-08-30","SARS-CoV-2","2026-08-14 12:48"
"Georgia","Fulton","ID:338",190000,"WastewaterSCAN",5.14,"Moderate","2022-08-07","2025-08-30","SARS-CoV-2","2026-08-14 12:48"
"Georgia","Fulton","ID:339",600000,"WastewaterSCAN",11.26,"High","2022-12-11","2025-08-30","SARS-CoV-2","2026-08-14 12:48"
"Georgia","Fulton","ID:340",105160,"WastewaterSCAN",5.13,"Moderate","2022-12-11","2025-08-30","SARS-CoV-2","2026-08-14 12:48"
"Georgia","Fulton","ID:341",70887,"WastewaterSCAN",3.53,"Low","2022-12-11","2025-08-30","SARS-CoV-2","2026-08-14 12:48"
"Georgia","Gwinnett","ID:342",496000,"State_Territory",9.58,"High","2022-05-23","2025-08-30","SARS-CoV-2","2026-08-14 12:48"
"Georgia","Chattahoochee, Muscogee","ID:346",278000,"WastewaterSCAN",7.66,"Moderate","2022-09-26","2025-08-30","SARS-CoV-2","2026-08-14 12:48"
"Georgia","Newton","ID:347",22675,"State_Territory",2.24,"Very Low","2022-07-27","2025-08-30","SARS-CoV-2","2026-08-14 12:48"
"Georgia","Paulding","ID:348",19000,"State_Territory",5.9,"Moderate","2022-11-10","2025-08-30","SARS-CoV-2","2026-08-14 12:48"
"Georgia","Paulding","ID:349",14000,"State_Territory",10.86,"High","2022-05-22","2025-08-30","SARS-CoV-2","2026-08-14 12:48"
"Georgia","Richmond","ID:353",200000,"State_Territory",9.45,"High","2022-07-25","2025-08-30","SARS-CoV-2","2026-08-14 12:48"
"Georgia","Peach","ID:2359",8008,"State_Territory",10.94,"High","2024-10-09","2025-08-23","SARS-CoV-2","2026-08-14 12:48"
"Georgia","Cherokee, Fulton","ID:326",20000,"State_Territory, WastewaterSCAN",5.58,"Moderate","2022-08-08","2025-08-23","SARS-CoV-2","2026-08-14 12:48"
"Georgia","Clarke","ID:327",60000,"State_Territory",21.32,"Very High","2022-06-26","2025-08-23","SARS-CoV-2","2026-08-14 12:48"
"Georgia","Clayton","ID:328",124000,"State_Territory",2.6,"Low","2023-05-18","2025-08-23","SARS-CoV-2","2026-08-14 12:48"
"Georgia","Cobb","ID:329",113079,"State_Territory",6.02,"Moderate","2022-11-13","2025-08-23","SARS-CoV-2","2026-08-14 12:48"
"Georgia","Douglas","ID:333",37256,"State_Territory",2.72,"Low","2023-07-17","2025-08-23","SARS-CoV-2","2026-08-14 12:48"
"Georgia","Floyd","ID:334",38111,"State_Territory",23.92,"Very High","2023-02-20","2025-08-23","SARS-CoV-2","2026-08-14 12:48"
"Georgia","Forsyth","ID:335",44000,"State_Territory",2.24,"Very Low","2022-12-25","2025-08-23","SARS-CoV-2","2026-08-14 12:48"
"Georgia","Fulton","ID:336",84486,"WastewaterSCAN",11.46,"High","2022-08-07","2025-08-23","SARS-CoV-2","2026-08-14 12:48"
"Georgia","Fulton","ID:337",189593,"WastewaterSCAN",5.9,"Moderate","2022-08-07","2025-08-23","SARS-CoV-2","2026-08-14 12:48"
"Georgia","Fulton","ID:338",190000,"WastewaterSCAN",6.02,"Moderate","2022-08-07","2025-08-23","SARS-CoV-2","2026-08-14 12:48"
"Georgia","Fulton","ID:339",600000,"WastewaterSCAN",7.51,"Moderate","2022-12-11","2025-08-23","SARS-CoV-2","2026-08-14 12:48"
"Georgia","Fulton","ID:340",105160,"WastewaterSCAN",5.72,"Moderate","2022-12-11","2025-08-23","SARS-CoV-2","2026-08-14 12:48"
"Georgia","Fulton","ID:341",70887,"WastewaterSCAN",1.41,"Very Low","2022-12-11","2025-08-23","SARS-CoV-2","2026-08-14 12:48"
"Georgia","Gwinnett","ID:342",496000,"State_Territory",5.26,"Moderate","2022-05-23","2025-08-23","SARS-CoV-2","2026-08-14 12:48"
"Georgia","Chattahoochee, Muscogee","ID:346",278000,"WastewaterSCAN",15.03,"Very High","2022-09-26","2025-08-23","SARS-CoV-2","2026-08-14 12:48"
"Georgia","Newton","ID:347",22675,"State_Territory",1.31,"Very Low","2022-07-27","2025-08-23","SARS-CoV-2","2026-08-14 12:48"
"Georgia","Paulding","ID:348",19000,"State_Territory",20.02,"Very High","2022-11-10","2025-08-23","SARS-CoV-2","2026-08-14 12:48"
"Georgia","Paulding","ID:349",14000,"State_Territory",5.34,"Moderate","2022-05-22","2025-08-23","SARS-CoV-2","2026-08-14 12:48"
"Georgia","Richmond","ID:353",200000,"State_Territory",10.9,"High","2022-07-25","2025-08-23","SARS-CoV-2","2026-08-14 12:48"
"Georgia","Peach","ID:2359",8008,"State_Territory",6.92,"Moderate","2024-10-09","2025-08-16","SARS-CoV-2","2026-08-14 12:48"
"Georgia","Cherokee, Fulton","ID:326",20000,"State_Territory, WastewaterSCAN",4.99,"Moderate","2022-08-08","2025-08-16","SARS-CoV-2","2026-08-14 12:48"
"Georgia","Clarke","ID:327",60000,"State_Territory",4.25,"Low","2022-06-26","2025-08-16","SARS-CoV-2","2026-08-14 12:48"
"Georgia","Cobb","ID:330",304020,"State_Territory",4.87,"Low","2022-12-25","2025-08-16","SARS-CoV-2","2026-08-14 12:48"
"Georgia","Douglas","ID:333",37256,"State_Territory",1.26,"Very Low","2023-07-17","2025-08-16","SARS-CoV-2","2026-08-14 12:48"
"Georgia","Floyd","ID:334",38111,"State_Territory",8.23,"High","2023-02-20","2025-08-16","SARS-CoV-2","2026-08-14 12:48"
"Georgia","Forsyth","ID:335",44000,"State_Territory",3.97,"Low","2022-12-25","2025-08-16","SARS-CoV-2","2026-08-14 12:48"
"Georgia","Fulton","ID:336",84486,"WastewaterSCAN",6.5,"Moderate","2022-08-07","2025-08-16","SARS-CoV-2","2026-08-14 12:48"
"Georgia","Fulton","ID:337",189593,"WastewaterSCAN",5.78,"Moderate","2022-08-07","2025-08-16","SARS-CoV-2","2026-08-14 12:48"
"Georgia","Fulton","ID:338",190000,"WastewaterSCAN",14.07,"Very High","2022-08-07","2025-08-16","SARS-CoV-2","2026-08-14 12:48"
"Georgia","Fulton","ID:339",600000,"WastewaterSCAN",9.84,"High","2022-12-11","2025-08-16","SARS-CoV-2","2026-08-14 12:48"
"Georgia","Fulton","ID:340",105160,"WastewaterSCAN",6.83,"Moderate","2022-12-11","2025-08-16","SARS-CoV-2","2026-08-14 12:48"
"Georgia","Fulton","ID:341",70887,"WastewaterSCAN",5.32,"Moderate","2022-12-11","2025-08-16","SARS-CoV-2","2026-08-14 12:48"
"Georgia","Gwinnett","ID:342",496000,"State_Territory",7.2,"Moderate","2022-05-23","2025-08-16","SARS-CoV-2","2026-08-14 12:48"
"Georgia","Chattahoochee, Muscogee","ID:346",278000,"WastewaterSCAN",5.21,"Moderate","2022-09-26","2025-08-16","SARS-CoV-2","2026-08-14 12:48"
"Georgia","Newton","ID:347",22675,"State_Territory",2.74,"Low","2022-07-27","2025-08-16","SARS-CoV-2","2026-08-14 12:48"
"Georgia","Paulding","ID:348",19000,"State_Territory",2.34,"Very Low","2022-11-10","2025-08-16","SARS-CoV-2","2026-08-14 12:48"
"Georgia","Paulding","ID:349",14000,"State_Territory",12.1,"Very High","2022-05-22","2025-08-16","SARS-CoV-2","2026-08-14 12:48"
"Georgia","Richmond","ID:353",200000,"State_Territory",2.5,"Very Low","2022-07-25","2025-08-16","SARS-CoV-2","2026-08-14 12:48"
"Georgia","Peach","ID:2359",8008,"State_Territory",4.39,"Low","2024-10-09","2025-08-09","SARS-CoV-2","2026-08-14 12:48"
"Georgia","Cherokee, Fulton","ID:326",20000,"State_Territory, WastewaterSCAN",6.81,"Moderate","2022-08-08","2025-08-09","SARS-CoV-2","2026-08-14 12:48"
"Georgia","Clarke","ID:327",60000,"State_Territory",3.18,"Low","2022-06-26","2025-08-09","SARS-CoV-2","2026-08-14 12:48"
"Georgia","Clayton","ID:328",124000,"State_Territory",4.7,"Low","2023-05-18","2025-08-09","SARS-CoV-2","2026-08-14 12:48"
"Georgia","Cobb","ID:329",113079,"State_Territory",3.05,"Low","2022-11-13","2025-08-09","SARS-CoV-2","2026-08-14 12:48"
"Georgia","Cobb","ID:330",304020,"State_Territory",5.7,"Moderate","2022-12-25","2025-08-09","SARS-CoV-2","2026-08-14 12:48"
"Georgia","Dougherty","ID:332",66000,"State_Territory",2.48,"Very Low","2023-05-17","2025-08-09","SARS-CoV-2","2026-08-14 12:48"
"Georgia","Douglas","ID:333",37256,"State_Territory",3.77,"Low","2023-07-17","2025-08-09","SARS-CoV-2","2026-08-14 12:48"
"Georgia","Floyd","ID:334",38111,"State_Territory",26.34,"Very High","2023-02-20","2025-08-09","SARS-CoV-2","2026-08-14 12:48"
"Georgia","Forsyth","ID:335",44000,"State_Territory",1.75,"Very Low","2022-12-25","2025-08-09","SARS-CoV-2","2026-08-14 12:48"
"Georgia","Fulton","ID:336",84486,"WastewaterSCAN",5.88,"Moderate","2022-08-07","2025-08-09","SARS-CoV-2","2026-08-14 12:48"
"Georgia","Fulton","ID:337",189593,"WastewaterSCAN",4.24,"Low","2022-08-07","2025-08-09","SARS-CoV-2","2026-08-14 12:48"
"Georgia","Fulton","ID:338",190000,"WastewaterSCAN",8.19,"High","2022-08-07","2025-08-09","SARS-CoV-2","2026-08-14 12:48"
"Georgia","Fulton","ID:339",600000,"WastewaterSCAN",3.57,"Low","2022-12-11","2025-08-09","SARS-CoV-2","2026-08-14 12:48"
"Georgia","Fulton","ID:340",105160,"WastewaterSCAN",3.83,"Low","2022-12-11","2025-08-09","SARS-CoV-2","2026-08-14 12:48"
"Georgia","Fulton","ID:341",70887,"WastewaterSCAN",1.64,"Very Low","2022-12-11","2025-08-09","SARS-CoV-2","2026-08-14 12:48"
"Georgia","Gwinnett","ID:342",496000,"State_Territory",4.31,"Low","2022-05-23","2025-08-09","SARS-CoV-2","2026-08-14 12:48"
"Georgia","Chattahoochee, Muscogee","ID:346",278000,"WastewaterSCAN",8.05,"High","2022-09-26","2025-08-09","SARS-CoV-2","2026-08-14 12:48"
"Georgia","Newton","ID:347",22675,"State_Territory",3.51,"Low","2022-07-27","2025-08-09","SARS-CoV-2","2026-08-14 12:48"
"Georgia","Paulding","ID:348",19000,"State_Territory",6.31,"Moderate","2022-11-10","2025-08-09","SARS-CoV-2","2026-08-14 12:48"
"Georgia","Paulding","ID:349",14000,"State_Territory",10.13,"High","2022-05-22","2025-08-09","SARS-CoV-2","2026-08-14 12:48"
"Georgia","Richmond","ID:353",200000,"State_Territory",2.75,"Low","2022-07-25","2025-08-09","SARS-CoV-2","2026-08-14 12:48"
"Georgia","Peach","ID:2359",8008,"State_Territory",8.47,"High","2024-10-09","2025-08-02","SARS-CoV-2","2026-08-14 12:48"
"Georgia","Cherokee, Fulton","ID:326",20000,"State_Territory, WastewaterSCAN",6.98,"Moderate","2022-08-08","2025-08-02","SARS-CoV-2","2026-08-14 12:48"
"Georgia","Clarke","ID:327",60000,"State_Territory",1.97,"Very Low","2022-06-26","2025-08-02","SARS-CoV-2","2026-08-14 12:48"
"Georgia","Cobb","ID:329",113079,"State_Territory",3.75,"Low","2022-11-13","2025-08-02","SARS-CoV-2","2026-08-14 12:48"
"Georgia","Cobb","ID:330",304020,"State_Territory",2.43,"Very Low","2022-12-25","2025-08-02","SARS-CoV-2","2026-08-14 12:48"
"Georgia","Dougherty","ID:332",66000,"State_Territory",1.61,"Very Low","2023-05-17","2025-08-02","SARS-CoV-2","2026-08-14 12:48"
"Georgia","Douglas","ID:333",37256,"State_Territory",3.02,"Low","2023-07-17","2025-08-02","SARS-CoV-2","2026-08-14 12:48"
"Georgia","Floyd","ID:334",38111,"State_Territory",7.33,"Moderate","2023-02-20","2025-08-02","SARS-CoV-2","2026-08-14 12:48"
"Georgia","Forsyth","ID:335",44000,"State_Territory",2.86,"Low","2022-12-25","2025-08-02","SARS-CoV-2","2026-08-14 12:48"
"Georgia","Fulton","ID:336",84486,"WastewaterSCAN",5.21,"Moderate","2022-08-07","2025-08-02","SARS-CoV-2","2026-08-14 12:48"
"Georgia","Fulton","ID:337",189593,"WastewaterSCAN",8.21,"High","2022-08-07","2025-08-02","SARS-CoV-2","2026-08-14 12:48"
"Georgia","Fulton","ID:338",190000,"WastewaterSCAN",7.82,"Moderate","2022-08-07","2025-08-02","SARS-CoV-2","2026-08-14 12:48"
"Georgia","Fulton","ID:339",600000,"WastewaterSCAN",2.84,"Low","2022-12-11","2025-08-02","SARS-CoV-2","2026-08-14 12:48"
"Georgia","Fulton","ID:340",105160,"WastewaterSCAN",5.52,"Moderate","2022-12-11","2025-08-02","SARS-CoV-2","2026-08-14 12:48"
"Georgia","Fulton","ID:341",70887,"WastewaterSCAN",2.17,"Very Low","2022-12-11","2025-08-02","SARS-CoV-2","2026-08-14 12:48"
"Georgia","Gwinnett","ID:342",496000,"State_Territory",2.86,"Low","2022-05-23","2025-08-02","SARS-CoV-2","2026-08-14 12:48"
"Georgia","Chattahoochee, Muscogee","ID:346",278000,"WastewaterSCAN",5.73,"Moderate","2022-09-26","2025-08-02","SARS-CoV-2","2026-08-14 12:48"
"Georgia","Newton","ID:347",22675,"State_Territory",1.46,"Very Low","2022-07-27","2025-08-02","SARS-CoV-2","2026-08-14 12:48"
"Georgia","Paulding","ID:348",19000,"State_Territory",3.65,"Low","2022-11-10","2025-08-02","SARS-CoV-2","2026-08-14 12:48"
"Georgia","Paulding","ID:349",14000,"State_Territory",6.39,"Moderate","2022-05-22","2025-08-02","SARS-CoV-2","2026-08-14 12:48"
"Georgia","Richmond","ID:353",200000,"State_Territory",1.5,"Very Low","2022-07-25","2025-08-02","SARS-CoV-2","2026-08-14 12:48"
"Georgia","Cherokee, Fulton","ID:326",20000,"State_Territory, WastewaterSCAN",2.86,"Low","2022-08-08","2025-07-26","SARS-CoV-2","2026-08-14 12:48"
"Georgia","Clarke","ID:327",60000,"State_Territory",1.36,"Very Low","2022-06-26","2025-07-26","SARS-CoV-2","2026-08-14 12:48"
"Georgia","Clayton","ID:328",124000,"State_Territory",1.69,"Very Low","2023-05-18","2025-07-26","SARS-CoV-2","2026-08-14 12:48"
"Georgia","Cobb","ID:329",113079,"State_Territory",4.43,"Low","2022-11-13","2025-07-26","SARS-CoV-2","2026-08-14 12:48"
"Georgia","Cobb","ID:330",304020,"State_Territory",4.13,"Low","2022-12-25","2025-07-26","SARS-CoV-2","2026-08-14 12:48"
"Georgia","Dougherty","ID:332",66000,"State_Territory",3.27,"Low","2023-05-17","2025-07-26","SARS-CoV-2","2026-08-14 12:48"
"Georgia","Douglas","ID:333",37256,"State_Territory",3.31,"Low","2023-07-17","2025-07-26","SARS-CoV-2","2026-08-14 12:48"
"Georgia","Floyd","ID:334",38111,"State_Territory",4.85,"Low","2023-02-20","2025-07-26","SARS-CoV-2","2026-08-14 12:48"
"Georgia","Forsyth","ID:335",44000,"State_Territory",2.4,"Very Low","2022-12-25","2025-07-26","SARS-CoV-2","2026-08-14 12:48"
"Georgia","Fulton","ID:336",84486,"WastewaterSCAN",9.09,"High","2022-08-07","2025-07-26","SARS-CoV-2","2026-08-14 12:48"
"Georgia","Fulton","ID:337",189593,"WastewaterSCAN",3.76,"Low","2022-08-07","2025-07-26","SARS-CoV-2","2026-08-14 12:48"
"Georgia","Fulton","ID:338",190000,"WastewaterSCAN",3.22,"Low","2022-08-07","2025-07-26","SARS-CoV-2","2026-08-14 12:48"
"Georgia","Fulton","ID:339",600000,"WastewaterSCAN",5.69,"Moderate","2022-12-11","2025-07-26","SARS-CoV-2","2026-08-14 12:48"
"Georgia","Fulton","ID:340",105160,"WastewaterSCAN",7.08,"Moderate","2022-12-11","2025-07-26","SARS-CoV-2","2026-08-14 12:48"
"Georgia","Fulton","ID:341",70887,"WastewaterSCAN",0.63,"Very Low","2022-12-11","2025-07-26","SARS-CoV-2","2026-08-14 12:48"
"Georgia","Gwinnett","ID:342",496000,"State_Territory",4.9,"Low","2022-05-23","2025-07-26","SARS-CoV-2","2026-08-14 12:48"
"Georgia","Chattahoochee, Muscogee","ID:346",278000,"WastewaterSCAN",2.17,"Very Low","2022-09-26","2025-07-26","SARS-CoV-2","2026-08-14 12:48"
"Georgia","Newton","ID:347",22675,"State_Territory",1.27,"Very Low","2022-07-27","2025-07-26","SARS-CoV-2","2026-08-14 12:48"
"Georgia","Paulding","ID:348",19000,"State_Territory",1.69,"Very Low","2022-11-10","2025-07-26","SARS-CoV-2","2026-08-14 12:48"
"Georgia","Paulding","ID:349",14000,"State_Territory",11.7,"Very High","2022-05-22","2025-07-26","SARS-CoV-2","2026-08-14 12:48"
"Georgia","Richmond","ID:353",200000,"State_Territory",1.47,"Very Low","2022-07-25","2025-07-26","SARS-CoV-2","2026-08-14 12:48"
"Georgia","Peach","ID:2359",8008,"State_Territory",1,"Very Low","2024-10-09","2025-07-19","SARS-CoV-2","2026-08-14 12:48"
"Georgia","Cherokee, Fulton","ID:326",20000,"State_Territory, WastewaterSCAN",2.45,"Very Low","2022-08-08","2025-07-19","SARS-CoV-2","2026-08-14 12:48"
"Georgia","Clarke","ID:327",60000,"State_Territory",5.47,"Moderate","2022-06-26","2025-07-19","SARS-CoV-2","2026-08-14 12:48"
"Georgia","Cobb","ID:330",304020,"State_Territory",3.82,"Low","2022-12-25","2025-07-19","SARS-CoV-2","2026-08-14 12:48"
"Georgia","Dougherty","ID:332",66000,"State_Territory",0.2,"Very Low","2023-05-17","2025-07-19","SARS-CoV-2","2026-08-14 12:48"
"Georgia","Douglas","ID:333",37256,"State_Territory",2.13,"Very Low","2023-07-17","2025-07-19","SARS-CoV-2","2026-08-14 12:48"
"Georgia","Floyd","ID:334",38111,"State_Territory",5.32,"Moderate","2023-02-20","2025-07-19","SARS-CoV-2","2026-08-14 12:48"
"Georgia","Forsyth","ID:335",44000,"State_Territory",3.59,"Low","2022-12-25","2025-07-19","SARS-CoV-2","2026-08-14 12:48"
"Georgia","Fulton","ID:336",84486,"WastewaterSCAN",5.26,"Moderate","2022-08-07","2025-07-19","SARS-CoV-2","2026-08-14 12:48"
"Georgia","Fulton","ID:337",189593,"WastewaterSCAN",2.76,"Low","2022-08-07","2025-07-19","SARS-CoV-2","2026-08-14 12:48"
"Georgia","Fulton","ID:338",190000,"WastewaterSCAN",2.38,"Very Low","2022-08-07","2025-07-19","SARS-CoV-2","2026-08-14 12:48"
"Georgia","Fulton","ID:339",600000,"WastewaterSCAN",10.2,"High","2022-12-11","2025-07-19","SARS-CoV-2","2026-08-14 12:48"
"Georgia","Fulton","ID:340",105160,"WastewaterSCAN",2.32,"Very Low","2022-12-11","2025-07-19","SARS-CoV-2","2026-08-14 12:48"
"Georgia","Fulton","ID:341",70887,"WastewaterSCAN",1.9,"Very Low","2022-12-11","2025-07-19","SARS-CoV-2","2026-08-14 12:48"
"Georgia","Gwinnett","ID:342",496000,"State_Territory",4.04,"Low","2022-05-23","2025-07-19","SARS-CoV-2","2026-08-14 12:48"
"Georgia","Chattahoochee, Muscogee","ID:346",278000,"WastewaterSCAN",1.06,"Very Low","2022-09-26","2025-07-19","SARS-CoV-2","2026-08-14 12:48"
"Georgia","Newton","ID:347",32000,"State_Territory",2.42,"Very Low","2022-07-27","2025-07-19","SARS-CoV-2","2026-08-14 12:48"
"Georgia","Paulding","ID:348",19000,"State_Territory",5.12,"Moderate","2022-11-10","2025-07-19","SARS-CoV-2","2026-08-14 12:48"
"Georgia","Paulding","ID:349",14000,"State_Territory",7.89,"Moderate","2022-05-22","2025-07-19","SARS-CoV-2","2026-08-14 12:48"
"Georgia","Richmond","ID:353",200000,"State_Territory",1.47,"Very Low","2022-07-25","2025-07-19","SARS-CoV-2","2026-08-14 12:48"
"Georgia","Peach","ID:2359",8008,"State_Territory",1,"Very Low","2024-10-09","2025-07-12","SARS-CoV-2","2026-08-14 12:48"
"Georgia","Cherokee, Fulton","ID:326",12818,"WastewaterSCAN",6.95,"Moderate","2022-08-08","2025-07-12","SARS-CoV-2","2026-08-14 12:48"
"Georgia","Clarke","ID:327",60000,"State_Territory",2.99,"Low","2022-06-26","2025-07-12","SARS-CoV-2","2026-08-14 12:48"
"Georgia","Clayton","ID:328",124000,"State_Territory",4.19,"Low","2023-05-18","2025-07-12","SARS-CoV-2","2026-08-14 12:48"
"Georgia","Cobb","ID:329",113079,"State_Territory",6.22,"Moderate","2022-11-13","2025-07-12","SARS-CoV-2","2026-08-14 12:48"
"Georgia","Cobb","ID:330",304020,"State_Territory",4.27,"Low","2022-12-25","2025-07-12","SARS-CoV-2","2026-08-14 12:48"
"Georgia","Dougherty","ID:332",66000,"State_Territory",2.68,"Low","2023-05-17","2025-07-12","SARS-CoV-2","2026-08-14 12:48"
"Georgia","Douglas","ID:333",37256,"State_Territory",4.09,"Low","2023-07-17","2025-07-12","SARS-CoV-2","2026-08-14 12:48"
"Georgia","Floyd","ID:334",38111,"State_Territory",14.47,"Very High","2023-02-20","2025-07-12","SARS-CoV-2","2026-08-14 12:48"
"Georgia","Forsyth","ID:335",44000,"State_Territory",4.31,"Low","2022-12-25","2025-07-12","SARS-CoV-2","2026-08-14 12:48"
"Georgia","Fulton","ID:336",84486,"WastewaterSCAN",8.62,"High","2022-08-07","2025-07-12","SARS-CoV-2","2026-08-14 12:48"
"Georgia","Fulton","ID:337",189593,"WastewaterSCAN",4.52,"Low","2022-08-07","2025-07-12","SARS-CoV-2","2026-08-14 12:48"
"Georgia","Fulton","ID:338",190000,"WastewaterSCAN",3.83,"Low","2022-08-07","2025-07-12","SARS-CoV-2","2026-08-14 12:48"
"Georgia","Fulton","ID:339",600000,"WastewaterSCAN",2.78,"Low","2022-12-11","2025-07-12","SARS-CoV-2","2026-08-14 12:48"
"Georgia","Fulton","ID:340",105160,"WastewaterSCAN",2.23,"Very Low","2022-12-11","2025-07-12","SARS-CoV-2","2026-08-14 12:48"
"Georgia","Fulton","ID:341",70887,"WastewaterSCAN",2.54,"Very Low","2022-12-11","2025-07-12","SARS-CoV-2","2026-08-14 12:48"
"Georgia","Gwinnett","ID:342",496000,"State_Territory",15.04,"Very High","2022-05-23","2025-07-12","SARS-CoV-2","2026-08-14 12:48"
"Georgia","Houston","ID:343",86000,"State_Territory",2.49,"Very Low","2024-01-11","2025-07-12","SARS-CoV-2","2026-08-14 12:48"
"Georgia","Chattahoochee, Muscogee","ID:346",278000,"WastewaterSCAN",3.02,"Low","2022-09-26","2025-07-12","SARS-CoV-2","2026-08-14 12:48"
"Georgia","Newton","ID:347",32000,"State_Territory",2.81,"Low","2022-07-27","2025-07-12","SARS-CoV-2","2026-08-14 12:48"
"Georgia","Paulding","ID:348",19000,"State_Territory",5.17,"Moderate","2022-11-10","2025-07-12","SARS-CoV-2","2026-08-14 12:48"
"Georgia","Paulding","ID:349",14000,"State_Territory",12.11,"Very High","2022-05-22","2025-07-12","SARS-CoV-2","2026-08-14 12:48"
"Georgia","Richmond","ID:353",200000,"State_Territory",2.02,"Very Low","2022-07-25","2025-07-12","SARS-CoV-2","2026-08-14 12:48"
"Georgia","Peach","ID:2359",8008,"State_Territory",2.82,"Low","2024-10-09","2025-07-05","SARS-CoV-2","2026-08-14 12:48"
"Georgia","Cherokee, Fulton","ID:326",12818,"WastewaterSCAN",6.23,"Moderate","2022-08-08","2025-07-05","SARS-CoV-2","2026-08-14 12:48"
"Georgia","Clarke","ID:327",60000,"State_Territory",4.38,"Low","2022-06-26","2025-07-05","SARS-CoV-2","2026-08-14 12:48"
"Georgia","Cobb","ID:329",113079,"State_Territory",13.62,"Very High","2022-11-13","2025-07-05","SARS-CoV-2","2026-08-14 12:48"
"Georgia","Dougherty","ID:332",66000,"State_Territory",0.66,"Very Low","2023-05-17","2025-07-05","SARS-CoV-2","2026-08-14 12:48"
"Georgia","Douglas","ID:333",37256,"State_Territory",7.71,"Moderate","2023-07-17","2025-07-05","SARS-CoV-2","2026-08-14 12:48"
"Georgia","Floyd","ID:334",38111,"State_Territory",11,"High","2023-02-20","2025-07-05","SARS-CoV-2","2026-08-14 12:48"
"Georgia","Forsyth","ID:335",44000,"State_Territory",2.88,"Low","2022-12-25","2025-07-05","SARS-CoV-2","2026-08-14 12:48"
"Georgia","Fulton","ID:336",84486,"WastewaterSCAN",4.03,"Low","2022-08-07","2025-07-05","SARS-CoV-2","2026-08-14 12:48"
"Georgia","Fulton","ID:337",189593,"WastewaterSCAN",2.79,"Low","2022-08-07","2025-07-05","SARS-CoV-2","2026-08-14 12:48"
"Georgia","Fulton","ID:338",190000,"WastewaterSCAN",2.46,"Very Low","2022-08-07","2025-07-05","SARS-CoV-2","2026-08-14 12:48"
"Georgia","Fulton","ID:339",600000,"WastewaterSCAN",3.39,"Low","2022-12-11","2025-07-05","SARS-CoV-2","2026-08-14 12:48"
"Georgia","Fulton","ID:340",105160,"WastewaterSCAN",2.33,"Very Low","2022-12-11","2025-07-05","SARS-CoV-2","2026-08-14 12:48"
"Georgia","Fulton","ID:341",70887,"WastewaterSCAN",2.84,"Low","2022-12-11","2025-07-05","SARS-CoV-2","2026-08-14 12:48"
"Georgia","Gwinnett","ID:342",496000,"State_Territory",5.25,"Moderate","2022-05-23","2025-07-05","SARS-CoV-2","2026-08-14 12:48"
"Georgia","Chattahoochee, Muscogee","ID:346",278000,"WastewaterSCAN",1.11,"Very Low","2022-09-26","2025-07-05","SARS-CoV-2","2026-08-14 12:48"
"Georgia","Newton","ID:347",32000,"State_Territory",1.61,"Very Low","2022-07-27","2025-07-05","SARS-CoV-2","2026-08-14 12:48"
"Georgia","Paulding","ID:348",19000,"State_Territory",2.03,"Very Low","2022-11-10","2025-07-05","SARS-CoV-2","2026-08-14 12:48"
"Georgia","Paulding","ID:349",14000,"State_Territory",7.52,"Moderate","2022-05-22","2025-07-05","SARS-CoV-2","2026-08-14 12:48"
"Georgia","Richmond","ID:353",200000,"State_Territory",2.4,"Very Low","2022-07-25","2025-07-05","SARS-CoV-2","2026-08-14 12:48"
"Georgia","Peach","ID:2359",8008,"State_Territory",4.82,"Low","2024-10-09","2025-06-28","SARS-CoV-2","2026-08-14 12:48"
"Georgia","Bulloch","ID:325",35000,"State_Territory",0.68,"Very Low","2023-06-23","2025-06-28","SARS-CoV-2","2026-08-14 12:48"
"Georgia","Cherokee, Fulton","ID:326",20000,"State_Territory, WastewaterSCAN",5.11,"Moderate","2022-08-08","2025-06-28","SARS-CoV-2","2026-08-14 12:48"
"Georgia","Clarke","ID:327",60000,"State_Territory",2.63,"Low","2022-06-26","2025-06-28","SARS-CoV-2","2026-08-14 12:48"
"Georgia","Clayton","ID:328",124000,"State_Territory",1.12,"Very Low","2023-05-18","2025-06-28","SARS-CoV-2","2026-08-14 12:48"
"Georgia","Cobb","ID:329",113079,"State_Territory",2.18,"Very Low","2022-11-13","2025-06-28","SARS-CoV-2","2026-08-14 12:48"
"Georgia","Cobb","ID:330",304020,"State_Territory",2.63,"Low","2022-12-25","2025-06-28","SARS-CoV-2","2026-08-14 12:48"
"Georgia","Dougherty","ID:332",66000,"State_Territory",3.03,"Low","2023-05-17","2025-06-28","SARS-CoV-2","2026-08-14 12:48"
"Georgia","Douglas","ID:333",37256,"State_Territory",2.84,"Low","2023-07-17","2025-06-28","SARS-CoV-2","2026-08-14 12:48"
"Georgia","Floyd","ID:334",38111,"State_Territory",3.62,"Low","2023-02-20","2025-06-28","SARS-CoV-2","2026-08-14 12:48"
"Georgia","Forsyth","ID:335",44000,"State_Territory",2.03,"Very Low","2022-12-25","2025-06-28","SARS-CoV-2","2026-08-14 12:48"
"Georgia","Fulton","ID:336",84486,"WastewaterSCAN",1.98,"Very Low","2022-08-07","2025-06-28","SARS-CoV-2","2026-08-14 12:48"
"Georgia","Fulton","ID:337",189593,"WastewaterSCAN",1.57,"Very Low","2022-08-07","2025-06-28","SARS-CoV-2","2026-08-14 12:48"
"Georgia","Fulton","ID:338",190000,"WastewaterSCAN",1.68,"Very Low","2022-08-07","2025-06-28","SARS-CoV-2","2026-08-14 12:48"
"Georgia","Fulton","ID:339",600000,"WastewaterSCAN",3.14,"Low","2022-12-11","2025-06-28","SARS-CoV-2","2026-08-14 12:48"
"Georgia","Fulton","ID:340",105160,"WastewaterSCAN",1.39,"Very Low","2022-12-11","2025-06-28","SARS-CoV-2","2026-08-14 12:48"
"Georgia","Fulton","ID:341",70887,"WastewaterSCAN",3.86,"Low","2022-12-11","2025-06-28","SARS-CoV-2","2026-08-14 12:48"
"Georgia","Gwinnett","ID:342",496000,"State_Territory",3.99,"Low","2022-05-23","2025-06-28","SARS-CoV-2","2026-08-14 12:48"
"Georgia","Houston","ID:343",86000,"State_Territory",1.1,"Very Low","2024-01-11","2025-06-28","SARS-CoV-2","2026-08-14 12:48"
"Georgia","Chattahoochee, Muscogee","ID:346",278000,"WastewaterSCAN",2.15,"Very Low","2022-09-26","2025-06-28","SARS-CoV-2","2026-08-14 12:48"
"Georgia","Newton","ID:347",32000,"State_Territory",1.77,"Very Low","2022-07-27","2025-06-28","SARS-CoV-2","2026-08-14 12:48"
"Georgia","Paulding","ID:348",19000,"State_Territory",2.86,"Low","2022-11-10","2025-06-28","SARS-CoV-2","2026-08-14 12:48"
"Georgia","Paulding","ID:349",14000,"State_Territory",4.94,"Moderate","2022-05-22","2025-06-28","SARS-CoV-2","2026-08-14 12:48"
"Georgia","Richmond","ID:353",200000,"State_Territory",2.46,"Very Low","2022-07-25","2025-06-28","SARS-CoV-2","2026-08-14 12:48"
"Georgia","Peach","ID:2359",8008,"State_Territory",3.51,"Low","2024-10-09","2025-06-21","SARS-CoV-2","2026-08-14 12:48"
"Georgia","Cherokee, Fulton","ID:326",12818,"WastewaterSCAN",1.32,"Very Low","2022-08-08","2025-06-21","SARS-CoV-2","2026-08-14 12:48"
"Georgia","Clarke","ID:327",60000,"State_Territory",3.54,"Low","2022-06-26","2025-06-21","SARS-CoV-2","2026-08-14 12:48"
"Georgia","Cobb","ID:329",113079,"State_Territory",5.85,"Moderate","2022-11-13","2025-06-21","SARS-CoV-2","2026-08-14 12:48"
"Georgia","Cobb","ID:330",304020,"State_Territory",3.92,"Low","2022-12-25","2025-06-21","SARS-CoV-2","2026-08-14 12:48"
"Georgia","Dougherty","ID:332",66000,"State_Territory",3.81,"Low","2023-05-17","2025-06-21","SARS-CoV-2","2026-08-14 12:48"
"Georgia","Floyd","ID:334",38111,"State_Territory",8.66,"High","2023-02-20","2025-06-21","SARS-CoV-2","2026-08-14 12:48"
"Georgia","Forsyth","ID:335",44000,"State_Territory",2.54,"Very Low","2022-12-25","2025-06-21","SARS-CoV-2","2026-08-14 12:48"
"Georgia","Fulton","ID:336",84486,"WastewaterSCAN",3.78,"Low","2022-08-07","2025-06-21","SARS-CoV-2","2026-08-14 12:48"
"Georgia","Fulton","ID:337",189593,"WastewaterSCAN",2.62,"Low","2022-08-07","2025-06-21","SARS-CoV-2","2026-08-14 12:48"
"Georgia","Fulton","ID:338",190000,"WastewaterSCAN",2.27,"Very Low","2022-08-07","2025-06-21","SARS-CoV-2","2026-08-14 12:48"
"Georgia","Fulton","ID:339",600000,"WastewaterSCAN",1.98,"Very Low","2022-12-11","2025-06-21","SARS-CoV-2","2026-08-14 12:48"
"Georgia","Fulton","ID:340",105160,"WastewaterSCAN",3.58,"Low","2022-12-11","2025-06-21","SARS-CoV-2","2026-08-14 12:48"
"Georgia","Fulton","ID:341",70887,"WastewaterSCAN",2.88,"Low","2022-12-11","2025-06-21","SARS-CoV-2","2026-08-14 12:48"
"Georgia","Gwinnett","ID:342",496000,"State_Territory",4.51,"Low","2022-05-23","2025-06-21","SARS-CoV-2","2026-08-14 12:48"
"Georgia","Houston","ID:343",86000,"State_Territory",1.82,"Very Low","2024-01-11","2025-06-21","SARS-CoV-2","2026-08-14 12:48"
"Georgia","Chattahoochee, Muscogee","ID:346",278000,"WastewaterSCAN",2.1,"Very Low","2022-09-26","2025-06-21","SARS-CoV-2","2026-08-14 12:48"
"Georgia","Newton","ID:347",32000,"State_Territory",4.4,"Low","2022-07-27","2025-06-21","SARS-CoV-2","2026-08-14 12:48"
"Georgia","Paulding","ID:348",19000,"State_Territory",3.32,"Low","2022-11-10","2025-06-21","SARS-CoV-2","2026-08-14 12:48"
"Georgia","Paulding","ID:349",14000,"State_Territory",1,"Very Low","2022-05-22","2025-06-21","SARS-CoV-2","2026-08-14 12:48"
"Georgia","Richmond","ID:353",200000,"State_Territory",2.47,"Very Low","2022-07-25","2025-06-21","SARS-CoV-2","2026-08-14 12:48"
"Georgia","Peach","ID:2359",8008,"State_Territory",1.26,"Very Low","2024-10-09","2025-06-14","SARS-CoV-2","2026-08-14 12:48"
"Georgia","Bulloch","ID:325",35000,"State_Territory",0.39,"Very Low","2023-06-23","2025-06-14","SARS-CoV-2","2026-08-14 12:48"
"Georgia","Cherokee, Fulton","ID:326",20000,"State_Territory, WastewaterSCAN",2.72,"Low","2022-08-08","2025-06-14","SARS-CoV-2","2026-08-14 12:48"
"Georgia","Clarke","ID:327",60000,"State_Territory",4.61,"Low","2022-06-26","2025-06-14","SARS-CoV-2","2026-08-14 12:48"
"Georgia","Clayton","ID:328",124000,"State_Territory",2.4,"Very Low","2023-05-18","2025-06-14","SARS-CoV-2","2026-08-14 12:48"
"Georgia","Cobb","ID:329",113079,"State_Territory",4.96,"Moderate","2022-11-13","2025-06-14","SARS-CoV-2","2026-08-14 12:48"
"Georgia","Cobb","ID:330",304020,"State_Territory",2.66,"Low","2022-12-25","2025-06-14","SARS-CoV-2","2026-08-14 12:48"
"Georgia","Dougherty","ID:332",66000,"State_Territory",3.63,"Low","2023-05-17","2025-06-14","SARS-CoV-2","2026-08-14 12:48"
"Georgia","Douglas","ID:333",37256,"State_Territory",1.94,"Very Low","2023-07-17","2025-06-14","SARS-CoV-2","2026-08-14 12:48"
"Georgia","Floyd","ID:334",38111,"State_Territory",5.17,"Moderate","2023-02-20","2025-06-14","SARS-CoV-2","2026-08-14 12:48"
"Georgia","Forsyth","ID:335",44000,"State_Territory",1.97,"Very Low","2022-12-25","2025-06-14","SARS-CoV-2","2026-08-14 12:48"
"Georgia","Fulton","ID:336",84486,"WastewaterSCAN",7.09,"Moderate","2022-08-07","2025-06-14","SARS-CoV-2","2026-08-14 12:48"
"Georgia","Fulton","ID:337",189593,"WastewaterSCAN",2.48,"Very Low","2022-08-07","2025-06-14","SARS-CoV-2","2026-08-14 12:48"
"Georgia","Fulton","ID:338",190000,"WastewaterSCAN",1.99,"Very Low","2022-08-07","2025-06-14","SARS-CoV-2","2026-08-14 12:48"
"Georgia","Fulton","ID:339",600000,"WastewaterSCAN",1.33,"Very Low","2022-12-11","2025-06-14","SARS-CoV-2","2026-08-14 12:48"
"Georgia","Fulton","ID:340",105160,"WastewaterSCAN",2.48,"Very Low","2022-12-11","2025-06-14","SARS-CoV-2","2026-08-14 12:48"
"Georgia","Fulton","ID:341",70887,"WastewaterSCAN",3.24,"Low","2022-12-11","2025-06-14","SARS-CoV-2","2026-08-14 12:48"
"Georgia","Gwinnett","ID:342",496000,"State_Territory",3.17,"Low","2022-05-23","2025-06-14","SARS-CoV-2","2026-08-14 12:48"
"Georgia","Chattahoochee, Muscogee","ID:346",278000,"WastewaterSCAN",0.74,"Very Low","2022-09-26","2025-06-14","SARS-CoV-2","2026-08-14 12:48"
"Georgia","Newton","ID:347",32000,"State_Territory",2.63,"Low","2022-07-27","2025-06-14","SARS-CoV-2","2026-08-14 12:48"
"Georgia","Paulding","ID:348",19000,"State_Territory",1.73,"Very Low","2022-11-10","2025-06-14","SARS-CoV-2","2026-08-14 12:48"
"Georgia","Paulding","ID:349",14000,"State_Territory",3.35,"Low","2022-05-22","2025-06-14","SARS-CoV-2","2026-08-14 12:48"
"Georgia","Richmond","ID:353",200000,"State_Territory",1.55,"Very Low","2022-07-25","2025-06-14","SARS-CoV-2","2026-08-14 12:48"
"Georgia","Bulloch","ID:325",35000,"State_Territory",2.19,"Very Low","2023-06-23","2025-06-07","SARS-CoV-2","2026-08-14 12:48"
"Georgia","Cherokee, Fulton","ID:326",20000,"State_Territory, WastewaterSCAN",6.1,"Moderate","2022-08-08","2025-06-07","SARS-CoV-2","2026-08-14 12:48"
"Georgia","Clarke","ID:327",60000,"State_Territory",8.7,"High","2022-06-26","2025-06-07","SARS-CoV-2","2026-08-14 12:48"
"Georgia","Cobb","ID:329",113079,"State_Territory",8.53,"High","2022-11-13","2025-06-07","SARS-CoV-2","2026-08-14 12:48"
"Georgia","Cobb","ID:330",304020,"State_Territory",2.96,"Low","2022-12-25","2025-06-07","SARS-CoV-2","2026-08-14 12:48"
"Georgia","Dougherty","ID:332",66000,"State_Territory",2.96,"Low","2023-05-17","2025-06-07","SARS-CoV-2","2026-08-14 12:48"
"Georgia","Douglas","ID:333",37256,"State_Territory",4.05,"Low","2023-07-17","2025-06-07","SARS-CoV-2","2026-08-14 12:48"
"Georgia","Floyd","ID:334",38111,"State_Territory",4.68,"Low","2023-02-20","2025-06-07","SARS-CoV-2","2026-08-14 12:48"
"Georgia","Forsyth","ID:335",44000,"State_Territory",2.84,"Low","2022-12-25","2025-06-07","SARS-CoV-2","2026-08-14 12:48"
"Georgia","Fulton","ID:336",84486,"WastewaterSCAN",2.27,"Very Low","2022-08-07","2025-06-07","SARS-CoV-2","2026-08-14 12:48"
"Georgia","Fulton","ID:337",189593,"WastewaterSCAN",3.53,"Low","2022-08-07","2025-06-07","SARS-CoV-2","2026-08-14 12:48"
"Georgia","Fulton","ID:338",190000,"WastewaterSCAN",2.64,"Low","2022-08-07","2025-06-07","SARS-CoV-2","2026-08-14 12:48"
"Georgia","Fulton","ID:339",600000,"WastewaterSCAN",1.79,"Very Low","2022-12-11","2025-06-07","SARS-CoV-2","2026-08-14 12:48"
"Georgia","Fulton","ID:340",105160,"WastewaterSCAN",3.27,"Low","2022-12-11","2025-06-07","SARS-CoV-2","2026-08-14 12:48"
"Georgia","Fulton","ID:341",70887,"WastewaterSCAN",1.72,"Very Low","2022-12-11","2025-06-07","SARS-CoV-2","2026-08-14 12:48"
"Georgia","Gwinnett","ID:342",496000,"State_Territory",3.28,"Low","2022-05-23","2025-06-07","SARS-CoV-2","2026-08-14 12:48"
"Georgia","Houston","ID:343",86000,"State_Territory",1.01,"Very Low","2024-01-11","2025-06-07","SARS-CoV-2","2026-08-14 12:48"
"Georgia","Chattahoochee, Muscogee","ID:346",278000,"WastewaterSCAN",1.74,"Very Low","2022-09-26","2025-06-07","SARS-CoV-2","2026-08-14 12:48"
"Georgia","Newton","ID:347",32000,"State_Territory",1.6,"Very Low","2022-07-27","2025-06-07","SARS-CoV-2","2026-08-14 12:48"
"Georgia","Paulding","ID:348",19000,"State_Territory",4.04,"Low","2022-11-10","2025-06-07","SARS-CoV-2","2026-08-14 12:48"
"Georgia","Paulding","ID:349",14000,"State_Territory",5.41,"Moderate","2022-05-22","2025-06-07","SARS-CoV-2","2026-08-14 12:48"
"Georgia","Richmond","ID:353",200000,"State_Territory",1.37,"Very Low","2022-07-25","2025-06-07","SARS-CoV-2","2026-08-14 12:48"
"Georgia","Peach","ID:2359",8008,"State_Territory",1,"Very Low","2024-10-09","2025-05-31","SARS-CoV-2","2026-08-14 12:48"
"Georgia","Cherokee, Fulton","ID:326",12818,"WastewaterSCAN",1.36,"Very Low","2022-08-08","2025-05-31","SARS-CoV-2","2026-08-14 12:48"
"Georgia","Clarke","ID:327",60000,"State_Territory",2.07,"Very Low","2022-06-26","2025-05-31","SARS-CoV-2","2026-08-14 12:48"
"Georgia","Cobb","ID:329",113079,"State_Territory",1.21,"Very Low","2022-11-13","2025-05-31","SARS-CoV-2","2026-08-14 12:48"
"Georgia","Cobb","ID:330",304020,"State_Territory",2.51,"Very Low","2022-12-25","2025-05-31","SARS-CoV-2","2026-08-14 12:48"
"Georgia","Dougherty","ID:332",66000,"State_Territory",1.86,"Very Low","2023-05-17","2025-05-31","SARS-CoV-2","2026-08-14 12:48"
"Georgia","Douglas","ID:333",37256,"State_Territory",5.38,"Moderate","2023-07-17","2025-05-31","SARS-CoV-2","2026-08-14 12:48"
"Georgia","Fulton","ID:336",84486,"WastewaterSCAN",3.81,"Low","2022-08-07","2025-05-31","SARS-CoV-2","2026-08-14 12:48"
"Georgia","Fulton","ID:337",189593,"WastewaterSCAN",2.6,"Low","2022-08-07","2025-05-31","SARS-CoV-2","2026-08-14 12:48"
"Georgia","Fulton","ID:338",190000,"WastewaterSCAN",3.46,"Low","2022-08-07","2025-05-31","SARS-CoV-2","2026-08-14 12:48"
"Georgia","Fulton","ID:339",600000,"WastewaterSCAN",2.5,"Very Low","2022-12-11","2025-05-31","SARS-CoV-2","2026-08-14 12:48"
"Georgia","Fulton","ID:340",105160,"WastewaterSCAN",1.96,"Very Low","2022-12-11","2025-05-31","SARS-CoV-2","2026-08-14 12:48"
"Georgia","Fulton","ID:341",70887,"WastewaterSCAN",2.02,"Very Low","2022-12-11","2025-05-31","SARS-CoV-2","2026-08-14 12:48"
"Georgia","Gwinnett","ID:342",496000,"State_Territory",2.52,"Very Low","2022-05-23","2025-05-31","SARS-CoV-2","2026-08-14 12:48"
"Georgia","Chattahoochee, Muscogee","ID:346",278000,"WastewaterSCAN",2.46,"Very Low","2022-09-26","2025-05-31","SARS-CoV-2","2026-08-14 12:48"
"Georgia","Newton","ID:347",32000,"State_Territory",0.65,"Very Low","2022-07-27","2025-05-31","SARS-CoV-2","2026-08-14 12:48"
"Georgia","Paulding","ID:348",19000,"State_Territory",0.68,"Very Low","2022-11-10","2025-05-31","SARS-CoV-2","2026-08-14 12:48"
"Georgia","Paulding","ID:349",14000,"State_Territory",1.77,"Very Low","2022-05-22","2025-05-31","SARS-CoV-2","2026-08-14 12:48"
"Georgia","Richmond","ID:353",200000,"State_Territory",1.91,"Very Low","2022-07-25","2025-05-31","SARS-CoV-2","2026-08-14 12:48"
"Georgia","Bulloch","ID:325",35000,"State_Territory",1.83,"Very Low","2023-06-23","2025-05-24","SARS-CoV-2","2026-08-14 12:48"
"Georgia","Cherokee, Fulton","ID:326",12818,"WastewaterSCAN",1.43,"Very Low","2022-08-08","2025-05-24","SARS-CoV-2","2026-08-14 12:48"
"Georgia","Clarke","ID:327",60000,"State_Territory",6.31,"Moderate","2022-06-26","2025-05-24","SARS-CoV-2","2026-08-14 12:48"
"Georgia","Cobb","ID:329",113079,"State_Territory",17.44,"Very High","2022-11-13","2025-05-24","SARS-CoV-2","2026-08-14 12:48"
"Georgia","Cobb","ID:330",304020,"State_Territory",3.11,"Low","2022-12-25","2025-05-24","SARS-CoV-2","2026-08-14 12:48"
"Georgia","Douglas","ID:333",37256,"State_Territory",2.16,"Very Low","2023-07-17","2025-05-24","SARS-CoV-2","2026-08-14 12:48"
"Georgia","Floyd","ID:334",38111,"State_Territory",6.79,"Moderate","2023-02-20","2025-05-24","SARS-CoV-2","2026-08-14 12:48"
"Georgia","Forsyth","ID:335",44000,"State_Territory",4.08,"Low","2022-12-25","2025-05-24","SARS-CoV-2","2026-08-14 12:48"
"Georgia","Fulton","ID:336",84486,"WastewaterSCAN",3.64,"Low","2022-08-07","2025-05-24","SARS-CoV-2","2026-08-14 12:48"
"Georgia","Fulton","ID:337",189593,"WastewaterSCAN",2.63,"Low","2022-08-07","2025-05-24","SARS-CoV-2","2026-08-14 12:48"
"Georgia","Fulton","ID:338",190000,"WastewaterSCAN",1.12,"Very Low","2022-08-07","2025-05-24","SARS-CoV-2","2026-08-14 12:48"
"Georgia","Fulton","ID:339",600000,"WastewaterSCAN",2.45,"Very Low","2022-12-11","2025-05-24","SARS-CoV-2","2026-08-14 12:48"
"Georgia","Fulton","ID:340",105160,"WastewaterSCAN",2.53,"Very Low","2022-12-11","2025-05-24","SARS-CoV-2","2026-08-14 12:48"
"Georgia","Fulton","ID:341",70887,"WastewaterSCAN",2.04,"Very Low","2022-12-11","2025-05-24","SARS-CoV-2","2026-08-14 12:48"
"Georgia","Gwinnett","ID:342",496000,"State_Territory",3.66,"Low","2022-05-23","2025-05-24","SARS-CoV-2","2026-08-14 12:48"
"Georgia","Houston","ID:343",86000,"State_Territory",1.08,"Very Low","2024-01-11","2025-05-24","SARS-CoV-2","2026-08-14 12:48"
"Georgia","Chattahoochee, Muscogee","ID:346",278000,"WastewaterSCAN",4.7,"Low","2022-09-26","2025-05-24","SARS-CoV-2","2026-08-14 12:48"
"Georgia","Newton","ID:347",32000,"State_Territory",2.1,"Very Low","2022-07-27","2025-05-24","SARS-CoV-2","2026-08-14 12:48"
"Georgia","Paulding","ID:348",19000,"State_Territory",5.3,"Moderate","2022-11-10","2025-05-24","SARS-CoV-2","2026-08-14 12:48"
"Georgia","Paulding","ID:349",14000,"State_Territory",9.17,"High","2022-05-22","2025-05-24","SARS-CoV-2","2026-08-14 12:48"
"Georgia","Richmond","ID:353",200000,"State_Territory",2.95,"Low","2022-07-25","2025-05-24","SARS-CoV-2","2026-08-14 12:48"
"Georgia","Peach","ID:2359",8008,"State_Territory",1,"Very Low","2024-10-09","2025-05-17","SARS-CoV-2","2026-08-14 12:48"
"Georgia","Cherokee, Fulton","ID:326",12818,"WastewaterSCAN",4.34,"Low","2022-08-08","2025-05-17","SARS-CoV-2","2026-08-14 12:48"
"Georgia","Clarke","ID:327",60000,"State_Territory",9.81,"High","2022-06-26","2025-05-17","SARS-CoV-2","2026-08-14 12:48"
"Georgia","Clayton","ID:328",124000,"State_Territory",3.87,"Low","2023-05-18","2025-05-17","SARS-CoV-2","2026-08-14 12:48"
"Georgia","Cobb","ID:329",113079,"State_Territory",2.3,"Very Low","2022-11-13","2025-05-17","SARS-CoV-2","2026-08-14 12:48"
"Georgia","Cobb","ID:330",304020,"State_Territory",4.58,"Low","2022-12-25","2025-05-17","SARS-CoV-2","2026-08-14 12:48"
"Georgia","Dougherty","ID:332",66000,"State_Territory",2.5,"Very Low","2023-05-17","2025-05-17","SARS-CoV-2","2026-08-14 12:48"
"Georgia","Douglas","ID:333",37256,"State_Territory",4.65,"Low","2023-07-17","2025-05-17","SARS-CoV-2","2026-08-14 12:48"
"Georgia","Floyd","ID:334",38111,"State_Territory",2.33,"Very Low","2023-02-20","2025-05-17","SARS-CoV-2","2026-08-14 12:48"
"Georgia","Forsyth","ID:335",44000,"State_Territory",1.52,"Very Low","2022-12-25","2025-05-17","SARS-CoV-2","2026-08-14 12:48"
"Georgia","Fulton","ID:336",84486,"WastewaterSCAN",10.56,"High","2022-08-07","2025-05-17","SARS-CoV-2","2026-08-14 12:48"
"Georgia","Fulton","ID:337",189593,"WastewaterSCAN",3.36,"Low","2022-08-07","2025-05-17","SARS-CoV-2","2026-08-14 12:48"
"Georgia","Fulton","ID:338",190000,"WastewaterSCAN",2.85,"Low","2022-08-07","2025-05-17","SARS-CoV-2","2026-08-14 12:48"
"Georgia","Fulton","ID:339",600000,"WastewaterSCAN",5.25,"Moderate","2022-12-11","2025-05-17","SARS-CoV-2","2026-08-14 12:48"
"Georgia","Fulton","ID:340",105160,"WastewaterSCAN",2.69,"Low","2022-12-11","2025-05-17","SARS-CoV-2","2026-08-14 12:48"
"Georgia","Fulton","ID:341",70887,"WastewaterSCAN",2.5,"Very Low","2022-12-11","2025-05-17","SARS-CoV-2","2026-08-14 12:48"
"Georgia","Gwinnett","ID:342",496000,"State_Territory",4.37,"Low","2022-05-23","2025-05-17","SARS-CoV-2","2026-08-14 12:48"
"Georgia","Houston","ID:343",86000,"State_Territory",0.48,"Very Low","2024-01-11","2025-05-17","SARS-CoV-2","2026-08-14 12:48"
"Georgia","Chattahoochee, Muscogee","ID:346",278000,"WastewaterSCAN",3.28,"Low","2022-09-26","2025-05-17","SARS-CoV-2","2026-08-14 12:48"
"Georgia","Newton","ID:347",32000,"State_Territory",0.81,"Very Low","2022-07-27","2025-05-17","SARS-CoV-2","2026-08-14 12:48"
"Georgia","Paulding","ID:348",19000,"State_Territory",1.26,"Very Low","2022-11-10","2025-05-17","SARS-CoV-2","2026-08-14 12:48"
"Georgia","Paulding","ID:349",14000,"State_Territory",15.66,"Very High","2022-05-22","2025-05-17","SARS-CoV-2","2026-08-14 12:48"
"Georgia","Richmond","ID:353",200000,"State_Territory",0.24,"Very Low","2022-07-25","2025-05-17","SARS-CoV-2","2026-08-14 12:48"
"Georgia","Peach","ID:2359",8008,"State_Territory",1.53,"Very Low","2024-10-09","2025-05-10","SARS-CoV-2","2026-08-14 12:48"
"Georgia","Bulloch","ID:325",35000,"State_Territory",0.5,"Very Low","2023-06-23","2025-05-10","SARS-CoV-2","2026-08-14 12:48"
"Georgia","Cherokee, Fulton","ID:326",12818,"WastewaterSCAN",2.4,"Very Low","2022-08-08","2025-05-10","SARS-CoV-2","2026-08-14 12:48"
"Georgia","Clarke","ID:327",60000,"State_Territory",3.2,"Low","2022-06-26","2025-05-10","SARS-CoV-2","2026-08-14 12:48"
"Georgia","Cobb","ID:329",113079,"State_Territory",2.54,"Very Low","2022-11-13","2025-05-10","SARS-CoV-2","2026-08-14 12:48"
"Georgia","Cobb","ID:330",304020,"State_Territory",5.07,"Moderate","2022-12-25","2025-05-10","SARS-CoV-2","2026-08-14 12:48"
"Georgia","Dougherty","ID:332",66000,"State_Territory",0.33,"Very Low","2023-05-17","2025-05-10","SARS-CoV-2","2026-08-14 12:48"
"Georgia","Douglas","ID:333",37256,"State_Territory",6.84,"Moderate","2023-07-17","2025-05-10","SARS-CoV-2","2026-08-14 12:48"
"Georgia","Floyd","ID:334",38111,"State_Territory",2.47,"Very Low","2023-02-20","2025-05-10","SARS-CoV-2","2026-08-14 12:48"
"Georgia","Forsyth","ID:335",44000,"State_Territory",0.94,"Very Low","2022-12-25","2025-05-10","SARS-CoV-2","2026-08-14 12:48"
"Georgia","Fulton","ID:336",84486,"WastewaterSCAN",2.13,"Very Low","2022-08-07","2025-05-10","SARS-CoV-2","2026-08-14 12:48"
"Georgia","Fulton","ID:337",189593,"WastewaterSCAN",2.47,"Very Low","2022-08-07","2025-05-10","SARS-CoV-2","2026-08-14 12:48"
"Georgia","Fulton","ID:338",190000,"WastewaterSCAN",4.91,"Moderate","2022-08-07","2025-05-10","SARS-CoV-2","2026-08-14 12:48"
"Georgia","Fulton","ID:339",600000,"WastewaterSCAN",1.6,"Very Low","2022-12-11","2025-05-10","SARS-CoV-2","2026-08-14 12:48"
"Georgia","Fulton","ID:340",105160,"WastewaterSCAN",1.39,"Very Low","2022-12-11","2025-05-10","SARS-CoV-2","2026-08-14 12:48"
"Georgia","Fulton","ID:341",70887,"WastewaterSCAN",3.06,"Low","2022-12-11","2025-05-10","SARS-CoV-2","2026-08-14 12:48"
"Georgia","Gwinnett","ID:342",496000,"State_Territory",5.63,"Moderate","2022-05-23","2025-05-10","SARS-CoV-2","2026-08-14 12:48"
"Georgia","Houston","ID:343",86000,"State_Territory",0.93,"Very Low","2024-01-11","2025-05-10","SARS-CoV-2","2026-08-14 12:48"
"Georgia","Chattahoochee, Muscogee","ID:346",278000,"WastewaterSCAN",1.03,"Very Low","2022-09-26","2025-05-10","SARS-CoV-2","2026-08-14 12:48"
"Georgia","Newton","ID:347",32000,"State_Territory",1.01,"Very Low","2022-07-27","2025-05-10","SARS-CoV-2","2026-08-14 12:48"
"Georgia","Paulding","ID:348",19000,"State_Territory",4.08,"Low","2022-11-10","2025-05-10","SARS-CoV-2","2026-08-14 12:48"
"Georgia","Paulding","ID:349",14000,"State_Territory",6.34,"Moderate","2022-05-22","2025-05-10","SARS-CoV-2","2026-08-14 12:48"
"Georgia","Richmond","ID:353",200000,"State_Territory",1.66,"Very Low","2022-07-25","2025-05-10","SARS-CoV-2","2026-08-14 12:48"
"Georgia","Peach","ID:2359",8008,"State_Territory",1.25,"Very Low","2024-10-09","2025-05-03","SARS-CoV-2","2026-08-14 12:48"
"Georgia","Cherokee, Fulton","ID:326",12818,"WastewaterSCAN",1.05,"Very Low","2022-08-08","2025-05-03","SARS-CoV-2","2026-08-14 12:48"
"Georgia","Clarke","ID:327",60000,"State_Territory",4.68,"Low","2022-06-26","2025-05-03","SARS-CoV-2","2026-08-14 12:48"
"Georgia","Clayton","ID:328",124000,"State_Territory",1.15,"Very Low","2023-05-18","2025-05-03","SARS-CoV-2","2026-08-14 12:48"
"Georgia","Cobb","ID:330",304020,"State_Territory",1.83,"Very Low","2022-12-25","2025-05-03","SARS-CoV-2","2026-08-14 12:48"
"Georgia","Dougherty","ID:332",66000,"State_Territory",1.89,"Very Low","2023-05-17","2025-05-03","SARS-CoV-2","2026-08-14 12:48"
"Georgia","Douglas","ID:333",37256,"State_Territory",8.64,"High","2023-07-17","2025-05-03","SARS-CoV-2","2026-08-14 12:48"
"Georgia","Floyd","ID:334",38111,"State_Territory",6.89,"Moderate","2023-02-20","2025-05-03","SARS-CoV-2","2026-08-14 12:48"
"Georgia","Forsyth","ID:335",44000,"State_Territory",1.06,"Very Low","2022-12-25","2025-05-03","SARS-CoV-2","2026-08-14 12:48"
"Georgia","Fulton","ID:336",84486,"WastewaterSCAN",2.88,"Low","2022-08-07","2025-05-03","SARS-CoV-2","2026-08-14 12:48"
"Georgia","Fulton","ID:337",189593,"WastewaterSCAN",4.64,"Low","2022-08-07","2025-05-03","SARS-CoV-2","2026-08-14 12:48"
"Georgia","Fulton","ID:338",190000,"WastewaterSCAN",1.37,"Very Low","2022-08-07","2025-05-03","SARS-CoV-2","2026-08-14 12:48"
"Georgia","Fulton","ID:339",600000,"WastewaterSCAN",3.67,"Low","2022-12-11","2025-05-03","SARS-CoV-2","2026-08-14 12:48"
"Georgia","Fulton","ID:340",105160,"WastewaterSCAN",1.67,"Very Low","2022-12-11","2025-05-03","SARS-CoV-2","2026-08-14 12:48"
"Georgia","Fulton","ID:341",70887,"WastewaterSCAN",2.36,"Very Low","2022-12-11","2025-05-03","SARS-CoV-2","2026-08-14 12:48"
"Georgia","Gwinnett","ID:342",496000,"State_Territory",1.52,"Very Low","2022-05-23","2025-05-03","SARS-CoV-2","2026-08-14 12:48"
"Georgia","Houston","ID:343",86000,"State_Territory",0.72,"Very Low","2024-01-11","2025-05-03","SARS-CoV-2","2026-08-14 12:48"
"Georgia","Chattahoochee, Muscogee","ID:346",278000,"WastewaterSCAN",2.36,"Very Low","2022-09-26","2025-05-03","SARS-CoV-2","2026-08-14 12:48"
"Georgia","Newton","ID:347",32000,"State_Territory",3.66,"Low","2022-07-27","2025-05-03","SARS-CoV-2","2026-08-14 12:48"
"Georgia","Paulding","ID:348",19000,"State_Territory",3.18,"Low","2022-11-10","2025-05-03","SARS-CoV-2","2026-08-14 12:48"
"Georgia","Paulding","ID:349",14000,"State_Territory",1.35,"Very Low","2022-05-22","2025-05-03","SARS-CoV-2","2026-08-14 12:48"
"Georgia","Richmond","ID:353",200000,"State_Territory",4.25,"Low","2022-07-25","2025-05-03","SARS-CoV-2","2026-08-14 12:48"
"Georgia","Cherokee, Fulton","ID:326",12818,"WastewaterSCAN",5.84,"Moderate","2022-08-08","2025-04-26","SARS-CoV-2","2026-08-14 12:48"
"Georgia","Clarke","ID:327",60000,"State_Territory",3.49,"Low","2022-06-26","2025-04-26","SARS-CoV-2","2026-08-14 12:48"
"Georgia","Cobb","ID:329",113079,"State_Territory",4.85,"Low","2022-11-13","2025-04-26","SARS-CoV-2","2026-08-14 12:48"
"Georgia","Cobb","ID:330",304020,"State_Territory",3.86,"Low","2022-12-25","2025-04-26","SARS-CoV-2","2026-08-14 12:48"
"Georgia","Dougherty","ID:332",66000,"State_Territory",4.49,"Low","2023-05-17","2025-04-26","SARS-CoV-2","2026-08-14 12:48"
"Georgia","Douglas","ID:333",37256,"State_Territory",3.17,"Low","2023-07-17","2025-04-26","SARS-CoV-2","2026-08-14 12:48"
"Georgia","Floyd","ID:334",38111,"State_Territory",16.49,"Very High","2023-02-20","2025-04-26","SARS-CoV-2","2026-08-14 12:48"
"Georgia","Forsyth","ID:335",44000,"State_Territory",2.3,"Very Low","2022-12-25","2025-04-26","SARS-CoV-2","2026-08-14 12:48"
"Georgia","Fulton","ID:336",84486,"WastewaterSCAN",4.75,"Low","2022-08-07","2025-04-26","SARS-CoV-2","2026-08-14 12:48"
"Georgia","Fulton","ID:337",189593,"WastewaterSCAN",2.24,"Very Low","2022-08-07","2025-04-26","SARS-CoV-2","2026-08-14 12:48"
"Georgia","Fulton","ID:338",190000,"WastewaterSCAN",3.08,"Low","2022-08-07","2025-04-26","SARS-CoV-2","2026-08-14 12:48"
"Georgia","Fulton","ID:339",600000,"WastewaterSCAN",1.35,"Very Low","2022-12-11","2025-04-26","SARS-CoV-2","2026-08-14 12:48"
"Georgia","Fulton","ID:340",105160,"WastewaterSCAN",2.49,"Very Low","2022-12-11","2025-04-26","SARS-CoV-2","2026-08-14 12:48"
"Georgia","Fulton","ID:341",70887,"WastewaterSCAN",3.4,"Low","2022-12-11","2025-04-26","SARS-CoV-2","2026-08-14 12:48"
"Georgia","Gwinnett","ID:342",496000,"State_Territory",3.41,"Low","2022-05-23","2025-04-26","SARS-CoV-2","2026-08-14 12:48"
"Georgia","Houston","ID:343",86000,"State_Territory",1.6,"Very Low","2024-01-11","2025-04-26","SARS-CoV-2","2026-08-14 12:48"
"Georgia","Chattahoochee, Muscogee","ID:346",278000,"WastewaterSCAN",5.62,"Moderate","2022-09-26","2025-04-26","SARS-CoV-2","2026-08-14 12:48"
"Georgia","Newton","ID:347",32000,"State_Territory",12.83,"Very High","2022-07-27","2025-04-26","SARS-CoV-2","2026-08-14 12:48"
"Georgia","Paulding","ID:348",19000,"State_Territory",1.59,"Very Low","2022-11-10","2025-04-26","SARS-CoV-2","2026-08-14 12:48"
"Georgia","Paulding","ID:349",14000,"State_Territory",15.06,"Very High","2022-05-22","2025-04-26","SARS-CoV-2","2026-08-14 12:48"
"Georgia","Richmond","ID:353",200000,"State_Territory",4.14,"Low","2022-07-25","2025-04-26","SARS-CoV-2","2026-08-14 12:48"
"Georgia","Peach","ID:2359",8008,"State_Territory",3.26,"Low","2024-10-09","2025-04-19","SARS-CoV-2","2026-08-14 12:48"
"Georgia","Cherokee, Fulton","ID:326",12818,"WastewaterSCAN",2.16,"Very Low","2022-08-08","2025-04-19","SARS-CoV-2","2026-08-14 12:48"
"Georgia","Clarke","ID:327",60000,"State_Territory",6.38,"Moderate","2022-06-26","2025-04-19","SARS-CoV-2","2026-08-14 12:48"
"Georgia","Clayton","ID:328",124000,"State_Territory",6.23,"Moderate","2023-05-18","2025-04-19","SARS-CoV-2","2026-08-14 12:48"
"Georgia","Cobb","ID:329",113079,"State_Territory",3.84,"Low","2022-11-13","2025-04-19","SARS-CoV-2","2026-08-14 12:48"
"Georgia","Cobb","ID:330",304020,"State_Territory",6.4,"Moderate","2022-12-25","2025-04-19","SARS-CoV-2","2026-08-14 12:48"
"Georgia","Dougherty","ID:332",66000,"State_Territory",5.56,"Moderate","2023-05-17","2025-04-19","SARS-CoV-2","2026-08-14 12:48"
"Georgia","Douglas","ID:333",37256,"State_Territory",5.11,"Moderate","2023-07-17","2025-04-19","SARS-CoV-2","2026-08-14 12:48"
"Georgia","Forsyth","ID:335",44000,"State_Territory",2.25,"Very Low","2022-12-25","2025-04-19","SARS-CoV-2","2026-08-14 12:48"
"Georgia","Fulton","ID:336",84486,"WastewaterSCAN",3.54,"Low","2022-08-07","2025-04-19","SARS-CoV-2","2026-08-14 12:48"
"Georgia","Fulton","ID:337",189593,"WastewaterSCAN",4.9,"Moderate","2022-08-07","2025-04-19","SARS-CoV-2","2026-08-14 12:48"
"Georgia","Fulton","ID:338",190000,"WastewaterSCAN",8.03,"High","2022-08-07","2025-04-19","SARS-CoV-2","2026-08-14 12:48"
"Georgia","Fulton","ID:339",600000,"WastewaterSCAN",6.67,"Moderate","2022-12-11","2025-04-19","SARS-CoV-2","2026-08-14 12:48"
"Georgia","Fulton","ID:340",105160,"WastewaterSCAN",2.71,"Low","2022-12-11","2025-04-19","SARS-CoV-2","2026-08-14 12:48"
"Georgia","Fulton","ID:341",70887,"WastewaterSCAN",3.38,"Low","2022-12-11","2025-04-19","SARS-CoV-2","2026-08-14 12:48"
"Georgia","Gwinnett","ID:342",496000,"State_Territory",5.61,"Moderate","2022-05-23","2025-04-19","SARS-CoV-2","2026-08-14 12:48"
"Georgia","Houston","ID:343",86000,"State_Territory",0.7,"Very Low","2024-01-11","2025-04-19","SARS-CoV-2","2026-08-14 12:48"
"Georgia","Chattahoochee, Muscogee","ID:346",278000,"WastewaterSCAN",4.45,"Low","2022-09-26","2025-04-19","SARS-CoV-2","2026-08-14 12:48"
"Georgia","Newton","ID:347",32000,"State_Territory",3.82,"Low","2022-07-27","2025-04-19","SARS-CoV-2","2026-08-14 12:48"
"Georgia","Paulding","ID:348",19000,"State_Territory",4.97,"Moderate","2022-11-10","2025-04-19","SARS-CoV-2","2026-08-14 12:48"
"Georgia","Paulding","ID:349",14000,"State_Territory",1,"Very Low","2022-05-22","2025-04-19","SARS-CoV-2","2026-08-14 12:48"
"Georgia","Richmond","ID:353",200000,"State_Territory",1.19,"Very Low","2022-07-25","2025-04-19","SARS-CoV-2","2026-08-14 12:48"
"Georgia","Peach","ID:2359",8008,"State_Territory",1,"Very Low","2024-10-09","2025-04-12","SARS-CoV-2","2026-08-14 12:48"
"Georgia","Cherokee, Fulton","ID:326",12818,"WastewaterSCAN",1.64,"Very Low","2022-08-08","2025-04-12","SARS-CoV-2","2026-08-14 12:48"
"Georgia","Clarke","ID:327",60000,"State_Territory",7.65,"Moderate","2022-06-26","2025-04-12","SARS-CoV-2","2026-08-14 12:48"
"Georgia","Cobb","ID:329",113079,"State_Territory",2.38,"Very Low","2022-11-13","2025-04-12","SARS-CoV-2","2026-08-14 12:48"
"Georgia","Cobb","ID:330",304020,"State_Territory",2.47,"Very Low","2022-12-25","2025-04-12","SARS-CoV-2","2026-08-14 12:48"
"Georgia","Dougherty","ID:332",66000,"State_Territory",3.89,"Low","2023-05-17","2025-04-12","SARS-CoV-2","2026-08-14 12:48"
"Georgia","Douglas","ID:333",37256,"State_Territory",10.72,"High","2023-07-17","2025-04-12","SARS-CoV-2","2026-08-14 12:48"
"Georgia","Floyd","ID:334",38111,"State_Territory",3.69,"Low","2023-02-20","2025-04-12","SARS-CoV-2","2026-08-14 12:48"
"Georgia","Forsyth","ID:335",44000,"State_Territory",1.91,"Very Low","2022-12-25","2025-04-12","SARS-CoV-2","2026-08-14 12:48"
"Georgia","Fulton","ID:336",84486,"WastewaterSCAN",2.3,"Very Low","2022-08-07","2025-04-12","SARS-CoV-2","2026-08-14 12:48"
"Georgia","Fulton","ID:337",189593,"WastewaterSCAN",11.22,"High","2022-08-07","2025-04-12","SARS-CoV-2","2026-08-14 12:48"
"Georgia","Fulton","ID:338",190000,"WastewaterSCAN",3.41,"Low","2022-08-07","2025-04-12","SARS-CoV-2","2026-08-14 12:48"
"Georgia","Fulton","ID:339",600000,"WastewaterSCAN",4.83,"Low","2022-12-11","2025-04-12","SARS-CoV-2","2026-08-14 12:48"
"Georgia","Fulton","ID:340",105160,"WastewaterSCAN",4.53,"Low","2022-12-11","2025-04-12","SARS-CoV-2","2026-08-14 12:48"
"Georgia","Fulton","ID:341",70887,"WastewaterSCAN",3.82,"Low","2022-12-11","2025-04-12","SARS-CoV-2","2026-08-14 12:48"
"Georgia","Gwinnett","ID:342",496000,"State_Territory",4.89,"Low","2022-05-23","2025-04-12","SARS-CoV-2","2026-08-14 12:48"
"Georgia","Houston","ID:343",86000,"State_Territory",1.06,"Very Low","2024-01-11","2025-04-12","SARS-CoV-2","2026-08-14 12:48"
"Georgia","Chattahoochee, Muscogee","ID:346",278000,"WastewaterSCAN",5.77,"Moderate","2022-09-26","2025-04-12","SARS-CoV-2","2026-08-14 12:48"
"Georgia","Newton","ID:347",32000,"State_Territory",6.3,"Moderate","2022-07-27","2025-04-12","SARS-CoV-2","2026-08-14 12:48"
"Georgia","Paulding","ID:348",19000,"State_Territory",4.34,"Low","2022-11-10","2025-04-12","SARS-CoV-2","2026-08-14 12:48"
"Georgia","Paulding","ID:349",14000,"State_Territory",9.29,"High","2022-05-22","2025-04-12","SARS-CoV-2","2026-08-14 12:48"
"Georgia","Richmond","ID:353",200000,"State_Territory",1,"Very Low","2022-07-25","2025-04-12","SARS-CoV-2","2026-08-14 12:48"
"Georgia","Peach","ID:2359",8008,"State_Territory",2.94,"Low","2024-10-09","2025-04-05","SARS-CoV-2","2026-08-14 12:48"
"Georgia","Cherokee, Fulton","ID:326",12818,"WastewaterSCAN",2.16,"Very Low","2022-08-08","2025-04-05","SARS-CoV-2","2026-08-14 12:48"
"Georgia","Clarke","ID:327",60000,"State_Territory",3.61,"Low","2022-06-26","2025-04-05","SARS-CoV-2","2026-08-14 12:48"
"Georgia","Cobb","ID:329",113079,"State_Territory",20.67,"Very High","2022-11-13","2025-04-05","SARS-CoV-2","2026-08-14 12:48"
"Georgia","Cobb","ID:330",304020,"State_Territory",9.61,"High","2022-12-25","2025-04-05","SARS-CoV-2","2026-08-14 12:48"
"Georgia","Dougherty","ID:332",66000,"State_Territory",3.07,"Low","2023-05-17","2025-04-05","SARS-CoV-2","2026-08-14 12:48"
"Georgia","Douglas","ID:333",37256,"State_Territory",18.95,"Very High","2023-07-17","2025-04-05","SARS-CoV-2","2026-08-14 12:48"
"Georgia","Floyd","ID:334",38111,"State_Territory",8.02,"High","2023-02-20","2025-04-05","SARS-CoV-2","2026-08-14 12:48"
"Georgia","Forsyth","ID:335",44000,"State_Territory",3.17,"Low","2022-12-25","2025-04-05","SARS-CoV-2","2026-08-14 12:48"
"Georgia","Fulton","ID:336",84486,"WastewaterSCAN",15.46,"Very High","2022-08-07","2025-04-05","SARS-CoV-2","2026-08-14 12:48"
"Georgia","Fulton","ID:337",189593,"WastewaterSCAN",9.76,"High","2022-08-07","2025-04-05","SARS-CoV-2","2026-08-14 12:48"
"Georgia","Fulton","ID:338",190000,"WastewaterSCAN",7.62,"Moderate","2022-08-07","2025-04-05","SARS-CoV-2","2026-08-14 12:48"
"Georgia","Fulton","ID:339",600000,"WastewaterSCAN",11.82,"Very High","2022-12-11","2025-04-05","SARS-CoV-2","2026-08-14 12:48"
"Georgia","Fulton","ID:340",105160,"WastewaterSCAN",3.77,"Low","2022-12-11","2025-04-05","SARS-CoV-2","2026-08-14 12:48"
"Georgia","Fulton","ID:341",70887,"WastewaterSCAN",3.86,"Low","2022-12-11","2025-04-05","SARS-CoV-2","2026-08-14 12:48"
"Georgia","Gwinnett","ID:342",496000,"State_Territory",4.28,"Low","2022-05-23","2025-04-05","SARS-CoV-2","2026-08-14 12:48"
"Georgia","Houston","ID:343",86000,"State_Territory",5.14,"Moderate","2024-01-11","2025-04-05","SARS-CoV-2","2026-08-14 12:48"
"Georgia","Chattahoochee, Muscogee","ID:346",278000,"WastewaterSCAN",16.9,"Very High","2022-09-26","2025-04-05","SARS-CoV-2","2026-08-14 12:48"
"Georgia","Newton","ID:347",32000,"State_Territory",11.78,"Very High","2022-07-27","2025-04-05","SARS-CoV-2","2026-08-14 12:48"
"Georgia","Paulding","ID:348",19000,"State_Territory",6.29,"Moderate","2022-11-10","2025-04-05","SARS-CoV-2","2026-08-14 12:48"
"Georgia","Paulding","ID:349",14000,"State_Territory",10.14,"High","2022-05-22","2025-04-05","SARS-CoV-2","2026-08-14 12:48"
"Georgia","Richmond","ID:353",200000,"State_Territory",0.75,"Very Low","2022-07-25","2025-04-05","SARS-CoV-2","2026-08-14 12:48"
"Georgia","Peach","ID:2359",8008,"State_Territory",17.82,"Very High","2024-10-09","2025-03-29","SARS-CoV-2","2026-08-14 12:48"
"Georgia","Cherokee, Fulton","ID:326",12818,"WastewaterSCAN",4.79,"Low","2022-08-08","2025-03-29","SARS-CoV-2","2026-08-14 12:48"
"Georgia","Clarke","ID:327",60000,"State_Territory",8.78,"High","2022-06-26","2025-03-29","SARS-CoV-2","2026-08-14 12:48"
"Georgia","Cobb","ID:330",304020,"State_Territory",2.95,"Low","2022-12-25","2025-03-29","SARS-CoV-2","2026-08-14 12:48"
"Georgia","Dougherty","ID:332",66000,"State_Territory",5.29,"Moderate","2023-05-17","2025-03-29","SARS-CoV-2","2026-08-14 12:48"
"Georgia","Douglas","ID:333",37256,"State_Territory",13.14,"Very High","2023-07-17","2025-03-29","SARS-CoV-2","2026-08-14 12:48"
"Georgia","Floyd","ID:334",38111,"State_Territory",14.25,"Very High","2023-02-20","2025-03-29","SARS-CoV-2","2026-08-14 12:48"
"Georgia","Forsyth","ID:335",44000,"State_Territory",5.92,"Moderate","2022-12-25","2025-03-29","SARS-CoV-2","2026-08-14 12:48"
"Georgia","Fulton","ID:336",84486,"WastewaterSCAN",6.56,"Moderate","2022-08-07","2025-03-29","SARS-CoV-2","2026-08-14 12:48"
"Georgia","Fulton","ID:337",189593,"WastewaterSCAN",8.03,"High","2022-08-07","2025-03-29","SARS-CoV-2","2026-08-14 12:48"
"Georgia","Fulton","ID:338",190000,"WastewaterSCAN",8.89,"High","2022-08-07","2025-03-29","SARS-CoV-2","2026-08-14 12:48"
"Georgia","Fulton","ID:339",600000,"WastewaterSCAN",20.25,"Very High","2022-12-11","2025-03-29","SARS-CoV-2","2026-08-14 12:48"
"Georgia","Fulton","ID:340",105160,"WastewaterSCAN",7.24,"Moderate","2022-12-11","2025-03-29","SARS-CoV-2","2026-08-14 12:48"
"Georgia","Fulton","ID:341",70887,"WastewaterSCAN",8.7,"High","2022-12-11","2025-03-29","SARS-CoV-2","2026-08-14 12:48"
"Georgia","Gwinnett","ID:342",496000,"State_Territory",4.33,"Low","2022-05-23","2025-03-29","SARS-CoV-2","2026-08-14 12:48"
"Georgia","Houston","ID:343",86000,"State_Territory",1.23,"Very Low","2024-01-11","2025-03-29","SARS-CoV-2","2026-08-14 12:48"
"Georgia","Chattahoochee, Muscogee","ID:346",278000,"WastewaterSCAN",10.99,"High","2022-09-26","2025-03-29","SARS-CoV-2","2026-08-14 12:48"
"Georgia","Newton","ID:347",32000,"State_Territory",9.47,"High","2022-07-27","2025-03-29","SARS-CoV-2","2026-08-14 12:48"
"Georgia","Paulding","ID:348",19000,"State_Territory",3.95,"Low","2022-11-10","2025-03-29","SARS-CoV-2","2026-08-14 12:48"
"Georgia","Paulding","ID:349",14000,"State_Territory",22.05,"Very High","2022-05-22","2025-03-29","SARS-CoV-2","2026-08-14 12:48"
"Georgia","Richmond","ID:353",200000,"State_Territory",10.07,"High","2022-07-25","2025-03-29","SARS-CoV-2","2026-08-14 12:48"
"Georgia","Peach","ID:2359",8008,"State_Territory",5.45,"Moderate","2024-10-09","2025-03-22","SARS-CoV-2","2026-08-14 12:48"
"Georgia","Cherokee, Fulton","ID:326",12818,"WastewaterSCAN",6.48,"Moderate","2022-08-08","2025-03-22","SARS-CoV-2","2026-08-14 12:48"
"Georgia","Clarke","ID:327",60000,"State_Territory",8.85,"High","2022-06-26","2025-03-22","SARS-CoV-2","2026-08-14 12:48"
"Georgia","Clayton","ID:328",124000,"State_Territory",2.93,"Low","2023-05-18","2025-03-22","SARS-CoV-2","2026-08-14 12:48"
"Georgia","Cobb","ID:329",113079,"State_Territory",6.31,"Moderate","2022-11-13","2025-03-22","SARS-CoV-2","2026-08-14 12:48"
"Georgia","Cobb","ID:330",304020,"State_Territory",9.45,"High","2022-12-25","2025-03-22","SARS-CoV-2","2026-08-14 12:48"
"Georgia","Dougherty","ID:332",66000,"State_Territory",13.4,"Very High","2023-05-17","2025-03-22","SARS-CoV-2","2026-08-14 12:48"
"Georgia","Douglas","ID:333",37256,"State_Territory",11.95,"Very High","2023-07-17","2025-03-22","SARS-CoV-2","2026-08-14 12:48"
"Georgia","Floyd","ID:334",38111,"State_Territory",13.13,"Very High","2023-02-20","2025-03-22","SARS-CoV-2","2026-08-14 12:48"
"Georgia","Forsyth","ID:335",44000,"State_Territory",1.2,"Very Low","2022-12-25","2025-03-22","SARS-CoV-2","2026-08-14 12:48"
"Georgia","Fulton","ID:336",84486,"WastewaterSCAN",8.95,"High","2022-08-07","2025-03-22","SARS-CoV-2","2026-08-14 12:48"
"Georgia","Fulton","ID:337",189593,"WastewaterSCAN",15.56,"Very High","2022-08-07","2025-03-22","SARS-CoV-2","2026-08-14 12:48"
"Georgia","Fulton","ID:338",190000,"WastewaterSCAN",5.56,"Moderate","2022-08-07","2025-03-22","SARS-CoV-2","2026-08-14 12:48"
"Georgia","Fulton","ID:339",600000,"WastewaterSCAN",6.77,"Moderate","2022-12-11","2025-03-22","SARS-CoV-2","2026-08-14 12:48"
"Georgia","Fulton","ID:340",105160,"WastewaterSCAN",6.1,"Moderate","2022-12-11","2025-03-22","SARS-CoV-2","2026-08-14 12:48"
"Georgia","Fulton","ID:341",70887,"WastewaterSCAN",10.69,"High","2022-12-11","2025-03-22","SARS-CoV-2","2026-08-14 12:48"
"Georgia","Gwinnett","ID:342",496000,"State_Territory",8.13,"High","2022-05-23","2025-03-22","SARS-CoV-2","2026-08-14 12:48"
"Georgia","Houston","ID:343",86000,"State_Territory",0.85,"Very Low","2024-01-11","2025-03-22","SARS-CoV-2","2026-08-14 12:48"
"Georgia","Chattahoochee, Muscogee","ID:346",278000,"WastewaterSCAN",19.25,"Very High","2022-09-26","2025-03-22","SARS-CoV-2","2026-08-14 12:48"
"Georgia","Newton","ID:347",32000,"State_Territory",6.75,"Moderate","2022-07-27","2025-03-22","SARS-CoV-2","2026-08-14 12:48"
"Georgia","Paulding","ID:348",19000,"State_Territory",3.85,"Low","2022-11-10","2025-03-22","SARS-CoV-2","2026-08-14 12:48"
"Georgia","Paulding","ID:349",14000,"State_Territory",12.62,"Very High","2022-05-22","2025-03-22","SARS-CoV-2","2026-08-14 12:48"
"Georgia","Richmond","ID:353",200000,"State_Territory",12.1,"Very High","2022-07-25","2025-03-22","SARS-CoV-2","2026-08-14 12:48"
"Georgia","Peach","ID:2359",8008,"State_Territory",7.11,"Moderate","2024-10-09","2025-03-15","SARS-CoV-2","2026-08-14 12:48"
"Georgia","Cherokee, Fulton","ID:326",12818,"WastewaterSCAN",11.45,"High","2022-08-08","2025-03-15","SARS-CoV-2","2026-08-14 12:48"
"Georgia","Clarke","ID:327",60000,"State_Territory",9.27,"High","2022-06-26","2025-03-15","SARS-CoV-2","2026-08-14 12:48"
"Georgia","Cobb","ID:329",113079,"State_Territory",7.42,"Moderate","2022-11-13","2025-03-15","SARS-CoV-2","2026-08-14 12:48"
"Georgia","Cobb","ID:330",304020,"State_Territory",7.86,"Moderate","2022-12-25","2025-03-15","SARS-CoV-2","2026-08-14 12:48"
"Georgia","Dougherty","ID:332",66000,"State_Territory",10.22,"High","2023-05-17","2025-03-15","SARS-CoV-2","2026-08-14 12:48"
"Georgia","Douglas","ID:333",37256,"State_Territory",8.88,"High","2023-07-17","2025-03-15","SARS-CoV-2","2026-08-14 12:48"
"Georgia","Floyd","ID:334",38111,"State_Territory",13.55,"Very High","2023-02-20","2025-03-15","SARS-CoV-2","2026-08-14 12:48"
"Georgia","Fulton","ID:336",84486,"WastewaterSCAN",10.17,"High","2022-08-07","2025-03-15","SARS-CoV-2","2026-08-14 12:48"
"Georgia","Fulton","ID:337",189593,"WastewaterSCAN",6.4,"Moderate","2022-08-07","2025-03-15","SARS-CoV-2","2026-08-14 12:48"
"Georgia","Fulton","ID:338",190000,"WastewaterSCAN",9.77,"High","2022-08-07","2025-03-15","SARS-CoV-2","2026-08-14 12:48"
"Georgia","Fulton","ID:339",600000,"WastewaterSCAN",19.4,"Very High","2022-12-11","2025-03-15","SARS-CoV-2","2026-08-14 12:48"
"Georgia","Fulton","ID:340",105160,"WastewaterSCAN",7.56,"Moderate","2022-12-11","2025-03-15","SARS-CoV-2","2026-08-14 12:48"
"Georgia","Fulton","ID:341",70887,"WastewaterSCAN",7.4,"Moderate","2022-12-11","2025-03-15","SARS-CoV-2","2026-08-14 12:48"
"Georgia","Gwinnett","ID:342",496000,"State_Territory",8.8,"High","2022-05-23","2025-03-15","SARS-CoV-2","2026-08-14 12:48"
"Georgia","Houston","ID:343",86000,"State_Territory",1.11,"Very Low","2024-01-11","2025-03-15","SARS-CoV-2","2026-08-14 12:48"
"Georgia","Chattahoochee, Muscogee","ID:346",278000,"WastewaterSCAN",8.71,"High","2022-09-26","2025-03-15","SARS-CoV-2","2026-08-14 12:48"
"Georgia","Newton","ID:347",32000,"State_Territory",13.54,"Very High","2022-07-27","2025-03-15","SARS-CoV-2","2026-08-14 12:48"
"Georgia","Paulding","ID:348",19000,"State_Territory",4.66,"Low","2022-11-10","2025-03-15","SARS-CoV-2","2026-08-14 12:48"
"Georgia","Paulding","ID:349",14000,"State_Territory",4.96,"Moderate","2022-05-22","2025-03-15","SARS-CoV-2","2026-08-14 12:48"
"Georgia","Richmond","ID:353",200000,"State_Territory",11.45,"High","2022-07-25","2025-03-15","SARS-CoV-2","2026-08-14 12:48"
"Georgia","Peach","ID:2359",8008,"State_Territory",4.53,"Low","2024-10-09","2025-03-08","SARS-CoV-2","2026-08-14 12:48"
"Georgia","Cherokee, Fulton","ID:326",12818,"WastewaterSCAN",5.24,"Moderate","2022-08-08","2025-03-08","SARS-CoV-2","2026-08-14 12:48"
"Georgia","Clarke","ID:327",60000,"State_Territory",13.87,"Very High","2022-06-26","2025-03-08","SARS-CoV-2","2026-08-14 12:48"
"Georgia","Clayton","ID:328",124000,"State_Territory",23.07,"Very High","2023-05-18","2025-03-08","SARS-CoV-2","2026-08-14 12:48"
"Georgia","Cobb","ID:330",304020,"State_Territory",14.16,"Very High","2022-12-25","2025-03-08","SARS-CoV-2","2026-08-14 12:48"
"Georgia","Dougherty","ID:332",66000,"State_Territory",5.69,"Moderate","2023-05-17","2025-03-08","SARS-CoV-2","2026-08-14 12:48"
"Georgia","Douglas","ID:333",37256,"State_Territory",6.73,"Moderate","2023-07-17","2025-03-08","SARS-CoV-2","2026-08-14 12:48"
"Georgia","Floyd","ID:334",38111,"State_Territory",11.55,"High","2023-02-20","2025-03-08","SARS-CoV-2","2026-08-14 12:48"
"Georgia","Forsyth","ID:335",44000,"State_Territory",6.3,"Moderate","2022-12-25","2025-03-08","SARS-CoV-2","2026-08-14 12:48"
"Georgia","Fulton","ID:336",84486,"WastewaterSCAN",8.57,"High","2022-08-07","2025-03-08","SARS-CoV-2","2026-08-14 12:48"
"Georgia","Fulton","ID:337",189593,"WastewaterSCAN",7.53,"Moderate","2022-08-07","2025-03-08","SARS-CoV-2","2026-08-14 12:48"
"Georgia","Fulton","ID:338",190000,"WastewaterSCAN",12.16,"Very High","2022-08-07","2025-03-08","SARS-CoV-2","2026-08-14 12:48"
"Georgia","Fulton","ID:339",600000,"WastewaterSCAN",9.34,"High","2022-12-11","2025-03-08","SARS-CoV-2","2026-08-14 12:48"
"Georgia","Fulton","ID:340",105160,"WastewaterSCAN",2.89,"Low","2022-12-11","2025-03-08","SARS-CoV-2","2026-08-14 12:48"
"Georgia","Fulton","ID:341",70887,"WastewaterSCAN",6.9,"Moderate","2022-12-11","2025-03-08","SARS-CoV-2","2026-08-14 12:48"
"Georgia","Gwinnett","ID:342",496000,"State_Territory",17.16,"Very High","2022-05-23","2025-03-08","SARS-CoV-2","2026-08-14 12:48"
"Georgia","Houston","ID:343",86000,"State_Territory",2.09,"Very Low","2024-01-11","2025-03-08","SARS-CoV-2","2026-08-14 12:48"
"Georgia","Chattahoochee, Muscogee","ID:346",278000,"WastewaterSCAN",11.24,"High","2022-09-26","2025-03-08","SARS-CoV-2","2026-08-14 12:48"
"Georgia","Newton","ID:347",32000,"State_Territory",8.64,"High","2022-07-27","2025-03-08","SARS-CoV-2","2026-08-14 12:48"
"Georgia","Paulding","ID:348",19000,"State_Territory",5.56,"Moderate","2022-11-10","2025-03-08","SARS-CoV-2","2026-08-14 12:48"
"Georgia","Paulding","ID:349",14000,"State_Territory",6.37,"Moderate","2022-05-22","2025-03-08","SARS-CoV-2","2026-08-14 12:48"
"Georgia","Richmond","ID:353",200000,"State_Territory",6.79,"Moderate","2022-07-25","2025-03-08","SARS-CoV-2","2026-08-14 12:48"
"Georgia","Peach","ID:2359",8008,"State_Territory",2.14,"Very Low","2024-10-09","2025-03-01","SARS-CoV-2","2026-08-14 12:48"
"Georgia","Cherokee, Fulton","ID:326",12818,"WastewaterSCAN",4.98,"Moderate","2022-08-08","2025-03-01","SARS-CoV-2","2026-08-14 12:48"
"Georgia","Clarke","ID:327",60000,"State_Territory",15.82,"Very High","2022-06-26","2025-03-01","SARS-CoV-2","2026-08-14 12:48"
"Georgia","Cobb","ID:329",113079,"State_Territory",4.93,"Moderate","2022-11-13","2025-03-01","SARS-CoV-2","2026-08-14 12:48"
"Georgia","Cobb","ID:330",304020,"State_Territory",8.24,"High","2022-12-25","2025-03-01","SARS-CoV-2","2026-08-14 12:48"
"Georgia","Dougherty","ID:332",66000,"State_Territory",2.07,"Very Low","2023-05-17","2025-03-01","SARS-CoV-2","2026-08-14 12:48"
"Georgia","Douglas","ID:333",37256,"State_Territory",22.19,"Very High","2023-07-17","2025-03-01","SARS-CoV-2","2026-08-14 12:48"
"Georgia","Floyd","ID:334",38111,"State_Territory",27.43,"Very High","2023-02-20","2025-03-01","SARS-CoV-2","2026-08-14 12:48"
"Georgia","Forsyth","ID:335",44000,"State_Territory",7.38,"Moderate","2022-12-25","2025-03-01","SARS-CoV-2","2026-08-14 12:48"
"Georgia","Fulton","ID:336",84486,"WastewaterSCAN",10.96,"High","2022-08-07","2025-03-01","SARS-CoV-2","2026-08-14 12:48"
"Georgia","Fulton","ID:337",189593,"WastewaterSCAN",5.95,"Moderate","2022-08-07","2025-03-01","SARS-CoV-2","2026-08-14 12:48"
"Georgia","Fulton","ID:338",190000,"WastewaterSCAN",7.99,"High","2022-08-07","2025-03-01","SARS-CoV-2","2026-08-14 12:48"
"Georgia","Fulton","ID:339",600000,"WastewaterSCAN",4.08,"Low","2022-12-11","2025-03-01","SARS-CoV-2","2026-08-14 12:48"
"Georgia","Fulton","ID:340",105160,"WastewaterSCAN",6.24,"Moderate","2022-12-11","2025-03-01","SARS-CoV-2","2026-08-14 12:48"
"Georgia","Fulton","ID:341",70887,"WastewaterSCAN",9.01,"High","2022-12-11","2025-03-01","SARS-CoV-2","2026-08-14 12:48"
"Georgia","Gwinnett","ID:342",496000,"State_Territory",13.67,"Very High","2022-05-23","2025-03-01","SARS-CoV-2","2026-08-14 12:48"
"Georgia","Chattahoochee, Muscogee","ID:346",278000,"WastewaterSCAN",10.39,"High","2022-09-26","2025-03-01","SARS-CoV-2","2026-08-14 12:48"
"Georgia","Newton","ID:347",32000,"State_Territory",10.6,"High","2022-07-27","2025-03-01","SARS-CoV-2","2026-08-14 12:48"
"Georgia","Paulding","ID:348",19000,"State_Territory",5.05,"Moderate","2022-11-10","2025-03-01","SARS-CoV-2","2026-08-14 12:48"
"Georgia","Paulding","ID:349",14000,"State_Territory",19.82,"Very High","2022-05-22","2025-03-01","SARS-CoV-2","2026-08-14 12:48"
"Georgia","Richmond","ID:353",200000,"State_Territory",23.23,"Very High","2022-07-25","2025-03-01","SARS-CoV-2","2026-08-14 12:48"
"Georgia","Peach","ID:2359",8008,"State_Territory",9.35,"High","2024-10-09","2025-02-22","SARS-CoV-2","2026-08-14 12:48"
"Georgia","Cherokee, Fulton","ID:326",12818,"WastewaterSCAN",4.78,"Low","2022-08-08","2025-02-22","SARS-CoV-2","2026-08-14 12:48"
"Georgia","Clarke","ID:327",60000,"State_Territory",9.69,"High","2022-06-26","2025-02-22","SARS-CoV-2","2026-08-14 12:48"
"Georgia","Clayton","ID:328",124000,"State_Territory",6.3,"Moderate","2023-05-18","2025-02-22","SARS-CoV-2","2026-08-14 12:48"
"Georgia","Cobb","ID:329",113079,"State_Territory",12.41,"Very High","2022-11-13","2025-02-22","SARS-CoV-2","2026-08-14 12:48"
"Georgia","Cobb","ID:330",304020,"State_Territory",24.66,"Very High","2022-12-25","2025-02-22","SARS-CoV-2","2026-08-14 12:48"
"Georgia","Dougherty","ID:332",66000,"State_Territory",4.58,"Low","2023-05-17","2025-02-22","SARS-CoV-2","2026-08-14 12:48"
"Georgia","Douglas","ID:333",37256,"State_Territory",9.08,"High","2023-07-17","2025-02-22","SARS-CoV-2","2026-08-14 12:48"
"Georgia","Floyd","ID:334",38111,"State_Territory",11.12,"High","2023-02-20","2025-02-22","SARS-CoV-2","2026-08-14 12:48"
"Georgia","Forsyth","ID:335",44000,"State_Territory",13.06,"Very High","2022-12-25","2025-02-22","SARS-CoV-2","2026-08-14 12:48"
"Georgia","Fulton","ID:336",84486,"WastewaterSCAN",9.75,"High","2022-08-07","2025-02-22","SARS-CoV-2","2026-08-14 12:48"
"Georgia","Fulton","ID:337",189593,"WastewaterSCAN",7.27,"Moderate","2022-08-07","2025-02-22","SARS-CoV-2","2026-08-14 12:48"
"Georgia","Fulton","ID:338",190000,"WastewaterSCAN",6.72,"Moderate","2022-08-07","2025-02-22","SARS-CoV-2","2026-08-14 12:48"
"Georgia","Fulton","ID:339",600000,"WastewaterSCAN",9.44,"High","2022-12-11","2025-02-22","SARS-CoV-2","2026-08-14 12:48"
"Georgia","Fulton","ID:340",105160,"WastewaterSCAN",5.88,"Moderate","2022-12-11","2025-02-22","SARS-CoV-2","2026-08-14 12:48"
"Georgia","Fulton","ID:341",70887,"WastewaterSCAN",8.07,"High","2022-12-11","2025-02-22","SARS-CoV-2","2026-08-14 12:48"
"Georgia","Gwinnett","ID:342",496000,"State_Territory",10.75,"High","2022-05-23","2025-02-22","SARS-CoV-2","2026-08-14 12:48"
"Georgia","Chattahoochee, Muscogee","ID:346",278000,"WastewaterSCAN",5.24,"Moderate","2022-09-26","2025-02-22","SARS-CoV-2","2026-08-14 12:48"
"Georgia","Newton","ID:347",32000,"State_Territory",22.88,"Very High","2022-07-27","2025-02-22","SARS-CoV-2","2026-08-14 12:48"
"Georgia","Paulding","ID:348",19000,"State_Territory",14.08,"Very High","2022-11-10","2025-02-22","SARS-CoV-2","2026-08-14 12:48"
"Georgia","Paulding","ID:349",14000,"State_Territory",12.87,"Very High","2022-05-22","2025-02-22","SARS-CoV-2","2026-08-14 12:48"
"Georgia","Richmond","ID:353",200000,"State_Territory",4.32,"Low","2022-07-25","2025-02-22","SARS-CoV-2","2026-08-14 12:48"
"Georgia","Peach","ID:2359",8008,"State_Territory",4.86,"Low","2024-10-09","2025-02-15","SARS-CoV-2","2026-08-14 12:48"
"Georgia","Cherokee, Fulton","ID:326",12818,"WastewaterSCAN",6.61,"Moderate","2022-08-08","2025-02-15","SARS-CoV-2","2026-08-14 12:48"
"Georgia","Clarke","ID:327",60000,"State_Territory",11.38,"High","2022-06-26","2025-02-15","SARS-CoV-2","2026-08-14 12:48"
"Georgia","Cobb","ID:329",113079,"State_Territory",12.11,"Very High","2022-11-13","2025-02-15","SARS-CoV-2","2026-08-14 12:48"
"Georgia","Cobb","ID:330",304020,"State_Territory",14,"Very High","2022-12-25","2025-02-15","SARS-CoV-2","2026-08-14 12:48"
"Georgia","Dougherty","ID:332",66000,"State_Territory",5.97,"Moderate","2023-05-17","2025-02-15","SARS-CoV-2","2026-08-14 12:48"
"Georgia","Douglas","ID:333",37256,"State_Territory",9.78,"High","2023-07-17","2025-02-15","SARS-CoV-2","2026-08-14 12:48"
"Georgia","Floyd","ID:334",38111,"State_Territory",14.5,"Very High","2023-02-20","2025-02-15","SARS-CoV-2","2026-08-14 12:48"
"Georgia","Forsyth","ID:335",44000,"State_Territory",8.04,"High","2022-12-25","2025-02-15","SARS-CoV-2","2026-08-14 12:48"
"Georgia","Fulton","ID:336",84486,"WastewaterSCAN",10.84,"High","2022-08-07","2025-02-15","SARS-CoV-2","2026-08-14 12:48"
"Georgia","Fulton","ID:337",189593,"WastewaterSCAN",17.8,"Very High","2022-08-07","2025-02-15","SARS-CoV-2","2026-08-14 12:48"
"Georgia","Fulton","ID:338",190000,"WastewaterSCAN",5.23,"Moderate","2022-08-07","2025-02-15","SARS-CoV-2","2026-08-14 12:48"
"Georgia","Fulton","ID:339",600000,"WastewaterSCAN",3.81,"Low","2022-12-11","2025-02-15","SARS-CoV-2","2026-08-14 12:48"
"Georgia","Fulton","ID:340",105160,"WastewaterSCAN",4.83,"Low","2022-12-11","2025-02-15","SARS-CoV-2","2026-08-14 12:48"
"Georgia","Fulton","ID:341",70887,"WastewaterSCAN",7.43,"Moderate","2022-12-11","2025-02-15","SARS-CoV-2","2026-08-14 12:48"
"Georgia","Gwinnett","ID:342",496000,"State_Territory",7.58,"Moderate","2022-05-23","2025-02-15","SARS-CoV-2","2026-08-14 12:48"
"Georgia","Houston","ID:343",86000,"State_Territory",6.98,"Moderate","2024-01-11","2025-02-15","SARS-CoV-2","2026-08-14 12:48"
"Georgia","Chattahoochee, Muscogee","ID:346",278000,"WastewaterSCAN",25.78,"Very High","2022-09-26","2025-02-15","SARS-CoV-2","2026-08-14 12:48"
"Georgia","Newton","ID:347",32000,"State_Territory",8.31,"High","2022-07-27","2025-02-15","SARS-CoV-2","2026-08-14 12:48"
"Georgia","Paulding","ID:348",19000,"State_Territory",9.88,"High","2022-11-10","2025-02-15","SARS-CoV-2","2026-08-14 12:48"
"Georgia","Paulding","ID:349",14000,"State_Territory",19.28,"Very High","2022-05-22","2025-02-15","SARS-CoV-2","2026-08-14 12:48"
"Georgia","Richmond","ID:353",200000,"State_Territory",6.72,"Moderate","2022-07-25","2025-02-15","SARS-CoV-2","2026-08-14 12:48"
"Georgia","Peach","ID:2359",8008,"State_Territory",16.85,"Very High","2024-10-09","2025-02-08","SARS-CoV-2","2026-08-14 12:48"
"Georgia","Cherokee, Fulton","ID:326",12818,"WastewaterSCAN",9.33,"High","2022-08-08","2025-02-08","SARS-CoV-2","2026-08-14 12:48"
"Georgia","Clarke","ID:327",60000,"State_Territory",11.14,"High","2022-06-26","2025-02-08","SARS-CoV-2","2026-08-14 12:48"
"Georgia","Clayton","ID:328",124000,"State_Territory",9.58,"High","2023-05-18","2025-02-08","SARS-CoV-2","2026-08-14 12:48"
"Georgia","Cobb","ID:329",113079,"State_Territory",7.75,"Moderate","2022-11-13","2025-02-08","SARS-CoV-2","2026-08-14 12:48"
"Georgia","Cobb","ID:330",304020,"State_Territory",19.08,"Very High","2022-12-25","2025-02-08","SARS-CoV-2","2026-08-14 12:48"
"Georgia","Dougherty","ID:332",66000,"State_Territory",10.19,"High","2023-05-17","2025-02-08","SARS-CoV-2","2026-08-14 12:48"
"Georgia","Douglas","ID:333",37256,"State_Territory",15.07,"Very High","2023-07-17","2025-02-08","SARS-CoV-2","2026-08-14 12:48"
"Georgia","Floyd","ID:334",38111,"State_Territory",29.68,"Very High","2023-02-20","2025-02-08","SARS-CoV-2","2026-08-14 12:48"
"Georgia","Forsyth","ID:335",44000,"State_Territory",7.2,"Moderate","2022-12-25","2025-02-08","SARS-CoV-2","2026-08-14 12:48"
"Georgia","Fulton","ID:336",84486,"WastewaterSCAN",6.78,"Moderate","2022-08-07","2025-02-08","SARS-CoV-2","2026-08-14 12:48"
"Georgia","Fulton","ID:337",189593,"WastewaterSCAN",11.27,"High","2022-08-07","2025-02-08","SARS-CoV-2","2026-08-14 12:48"
"Georgia","Fulton","ID:338",190000,"WastewaterSCAN",9.67,"High","2022-08-07","2025-02-08","SARS-CoV-2","2026-08-14 12:48"
"Georgia","Fulton","ID:339",600000,"WastewaterSCAN",6.16,"Moderate","2022-12-11","2025-02-08","SARS-CoV-2","2026-08-14 12:48"
"Georgia","Fulton","ID:340",105160,"WastewaterSCAN",9.64,"High","2022-12-11","2025-02-08","SARS-CoV-2","2026-08-14 12:48"
"Georgia","Fulton","ID:341",70887,"WastewaterSCAN",11.95,"Very High","2022-12-11","2025-02-08","SARS-CoV-2","2026-08-14 12:48"
"Georgia","Gwinnett","ID:342",496000,"State_Territory",4.95,"Moderate","2022-05-23","2025-02-08","SARS-CoV-2","2026-08-14 12:48"
"Georgia","Houston","ID:343",86000,"State_Territory",8.21,"High","2024-01-11","2025-02-08","SARS-CoV-2","2026-08-14 12:48"
"Georgia","Chattahoochee, Muscogee","ID:346",278000,"WastewaterSCAN",11.54,"High","2022-09-26","2025-02-08","SARS-CoV-2","2026-08-14 12:48"
"Georgia","Newton","ID:347",32000,"State_Territory",11.07,"High","2022-07-27","2025-02-08","SARS-CoV-2","2026-08-14 12:48"
"Georgia","Paulding","ID:348",19000,"State_Territory",5.67,"Moderate","2022-11-10","2025-02-08","SARS-CoV-2","2026-08-14 12:48"
"Georgia","Paulding","ID:349",14000,"State_Territory",5.05,"Moderate","2022-05-22","2025-02-08","SARS-CoV-2","2026-08-14 12:48"
"Georgia","Richmond","ID:353",200000,"State_Territory",17.2,"Very High","2022-07-25","2025-02-08","SARS-CoV-2","2026-08-14 12:48"
"Georgia","Peach","ID:2359",8008,"State_Territory",2.92,"Low","2024-10-09","2025-02-01","SARS-CoV-2","2026-08-14 12:48"
"Georgia","Cherokee, Fulton","ID:326",12818,"WastewaterSCAN",9.87,"High","2022-08-08","2025-02-01","SARS-CoV-2","2026-08-14 12:48"
"Georgia","Clarke","ID:327",60000,"State_Territory",6.78,"Moderate","2022-06-26","2025-02-01","SARS-CoV-2","2026-08-14 12:48"
"Georgia","Cobb","ID:329",113079,"State_Territory",9.24,"High","2022-11-13","2025-02-01","SARS-CoV-2","2026-08-14 12:48"
"Georgia","Cobb","ID:330",304020,"State_Territory",4.48,"Low","2022-12-25","2025-02-01","SARS-CoV-2","2026-08-14 12:48"
"Georgia","Dougherty","ID:332",66000,"State_Territory",10.22,"High","2023-05-17","2025-02-01","SARS-CoV-2","2026-08-14 12:48"
"Georgia","Douglas","ID:333",37256,"State_Territory",10.18,"High","2023-07-17","2025-02-01","SARS-CoV-2","2026-08-14 12:48"
"Georgia","Floyd","ID:334",38111,"State_Territory",28.73,"Very High","2023-02-20","2025-02-01","SARS-CoV-2","2026-08-14 12:48"
"Georgia","Forsyth","ID:335",44000,"State_Territory",7.43,"Moderate","2022-12-25","2025-02-01","SARS-CoV-2","2026-08-14 12:48"
"Georgia","Fulton","ID:336",84486,"WastewaterSCAN",5.96,"Moderate","2022-08-07","2025-02-01","SARS-CoV-2","2026-08-14 12:48"
"Georgia","Fulton","ID:337",189593,"WastewaterSCAN",7.33,"Moderate","2022-08-07","2025-02-01","SARS-CoV-2","2026-08-14 12:48"
"Georgia","Fulton","ID:338",190000,"WastewaterSCAN",9.01,"High","2022-08-07","2025-02-01","SARS-CoV-2","2026-08-14 12:48"
"Georgia","Fulton","ID:339",600000,"WastewaterSCAN",6.52,"Moderate","2022-12-11","2025-02-01","SARS-CoV-2","2026-08-14 12:48"
"Georgia","Fulton","ID:340",105160,"WastewaterSCAN",12.9,"Very High","2022-12-11","2025-02-01","SARS-CoV-2","2026-08-14 12:48"
"Georgia","Fulton","ID:341",70887,"WastewaterSCAN",5.92,"Moderate","2022-12-11","2025-02-01","SARS-CoV-2","2026-08-14 12:48"
"Georgia","Gwinnett","ID:342",496000,"State_Territory",8,"High","2022-05-23","2025-02-01","SARS-CoV-2","2026-08-14 12:48"
"Georgia","Chattahoochee, Muscogee","ID:346",278000,"WastewaterSCAN",17.88,"Very High","2022-09-26","2025-02-01","SARS-CoV-2","2026-08-14 12:48"
"Georgia","Newton","ID:347",32000,"State_Territory",9.23,"High","2022-07-27","2025-02-01","SARS-CoV-2","2026-08-14 12:48"
"Georgia","Paulding","ID:348",19000,"State_Territory",6.47,"Moderate","2022-11-10","2025-02-01","SARS-CoV-2","2026-08-14 12:48"
"Georgia","Paulding","ID:349",14000,"State_Territory",1.34,"Very Low","2022-05-22","2025-02-01","SARS-CoV-2","2026-08-14 12:48"
"Georgia","Richmond","ID:353",200000,"State_Territory",8.2,"High","2022-07-25","2025-02-01","SARS-CoV-2","2026-08-14 12:48"
"Georgia","Peach","ID:2359",8008,"State_Territory",14.2,"Very High","2024-10-09","2025-01-25","SARS-CoV-2","2026-08-14 12:48"
"Georgia","Cherokee, Fulton","ID:326",12818,"WastewaterSCAN",2.75,"Low","2022-08-08","2025-01-25","SARS-CoV-2","2026-08-14 12:48"
"Georgia","Clarke","ID:327",60000,"State_Territory",10.33,"High","2022-06-26","2025-01-25","SARS-CoV-2","2026-08-14 12:48"
"Georgia","Dougherty","ID:332",66000,"State_Territory",5.4,"Moderate","2023-05-17","2025-01-25","SARS-CoV-2","2026-08-14 12:48"
"Georgia","Douglas","ID:333",37256,"State_Territory",4.79,"Low","2023-07-17","2025-01-25","SARS-CoV-2","2026-08-14 12:48"
"Georgia","Floyd","ID:334",38111,"State_Territory",11.22,"High","2023-02-20","2025-01-25","SARS-CoV-2","2026-08-14 12:48"
"Georgia","Fulton","ID:336",84486,"WastewaterSCAN",14.86,"Very High","2022-08-07","2025-01-25","SARS-CoV-2","2026-08-14 12:48"
"Georgia","Fulton","ID:337",189593,"WastewaterSCAN",4.96,"Moderate","2022-08-07","2025-01-25","SARS-CoV-2","2026-08-14 12:48"
"Georgia","Fulton","ID:338",190000,"WastewaterSCAN",7.38,"Moderate","2022-08-07","2025-01-25","SARS-CoV-2","2026-08-14 12:48"
"Georgia","Fulton","ID:339",600000,"WastewaterSCAN",34.29,"Very High","2022-12-11","2025-01-25","SARS-CoV-2","2026-08-14 12:48"
"Georgia","Fulton","ID:340",105160,"WastewaterSCAN",9.11,"High","2022-12-11","2025-01-25","SARS-CoV-2","2026-08-14 12:48"
"Georgia","Fulton","ID:341",70887,"WastewaterSCAN",5.47,"Moderate","2022-12-11","2025-01-25","SARS-CoV-2","2026-08-14 12:48"
"Georgia","Chattahoochee, Muscogee","ID:346",278000,"WastewaterSCAN",20.2,"Very High","2022-09-26","2025-01-25","SARS-CoV-2","2026-08-14 12:48"
"Georgia","Newton","ID:347",32000,"State_Territory",19.94,"Very High","2022-07-27","2025-01-25","SARS-CoV-2","2026-08-14 12:48"
"Georgia","Paulding","ID:348",19000,"State_Territory",2.52,"Very Low","2022-11-10","2025-01-25","SARS-CoV-2","2026-08-14 12:48"
"Georgia","Paulding","ID:349",14000,"State_Territory",1.73,"Very Low","2022-05-22","2025-01-25","SARS-CoV-2","2026-08-14 12:48"
"Georgia","Richmond","ID:353",200000,"State_Territory",2.88,"Low","2022-07-25","2025-01-25","SARS-CoV-2","2026-08-14 12:48"
"Georgia","Peach","ID:2359",8008,"State_Territory",4.13,"Low","2024-10-09","2025-01-18","SARS-CoV-2","2026-08-14 12:48"
"Georgia","Bulloch","ID:325",35000,"State_Territory",1,"Very Low","2023-06-23","2025-01-18","SARS-CoV-2","2026-08-14 12:48"
"Georgia","Cherokee, Fulton","ID:326",12818,"WastewaterSCAN",8.46,"High","2022-08-08","2025-01-18","SARS-CoV-2","2026-08-14 12:48"
"Georgia","Clarke","ID:327",60000,"State_Territory",7.09,"Moderate","2022-06-26","2025-01-18","SARS-CoV-2","2026-08-14 12:48"
"Georgia","Cobb","ID:329",113079,"State_Territory",5.28,"Moderate","2022-11-13","2025-01-18","SARS-CoV-2","2026-08-14 12:48"
"Georgia","Cobb","ID:330",304020,"State_Territory",7.23,"Moderate","2022-12-25","2025-01-18","SARS-CoV-2","2026-08-14 12:48"
"Georgia","Floyd","ID:334",38111,"State_Territory",21.88,"Very High","2023-02-20","2025-01-18","SARS-CoV-2","2026-08-14 12:48"
"Georgia","Forsyth","ID:335",44000,"State_Territory",5.15,"Moderate","2022-12-25","2025-01-18","SARS-CoV-2","2026-08-14 12:48"
"Georgia","Fulton","ID:336",84486,"WastewaterSCAN",6.69,"Moderate","2022-08-07","2025-01-18","SARS-CoV-2","2026-08-14 12:48"
"Georgia","Fulton","ID:337",189593,"WastewaterSCAN",12.94,"Very High","2022-08-07","2025-01-18","SARS-CoV-2","2026-08-14 12:48"
"Georgia","Fulton","ID:338",190000,"WastewaterSCAN",8.32,"High","2022-08-07","2025-01-18","SARS-CoV-2","2026-08-14 12:48"
"Georgia","Fulton","ID:339",600000,"WastewaterSCAN",8.11,"High","2022-12-11","2025-01-18","SARS-CoV-2","2026-08-14 12:48"
"Georgia","Fulton","ID:340",105160,"WastewaterSCAN",12.85,"Very High","2022-12-11","2025-01-18","SARS-CoV-2","2026-08-14 12:48"
"Georgia","Fulton","ID:341",70887,"WastewaterSCAN",3.7,"Low","2022-12-11","2025-01-18","SARS-CoV-2","2026-08-14 12:48"
"Georgia","Gwinnett","ID:342",496000,"State_Territory",7.51,"Moderate","2022-05-23","2025-01-18","SARS-CoV-2","2026-08-14 12:48"
"Georgia","Chattahoochee, Muscogee","ID:346",278000,"WastewaterSCAN",9.66,"High","2022-09-26","2025-01-18","SARS-CoV-2","2026-08-14 12:48"
"Georgia","Newton","ID:347",32000,"State_Territory",5.22,"Moderate","2022-07-27","2025-01-18","SARS-CoV-2","2026-08-14 12:48"
"Georgia","Paulding","ID:348",19000,"State_Territory",5.5,"Moderate","2022-11-10","2025-01-18","SARS-CoV-2","2026-08-14 12:48"
"Georgia","Peach","ID:2359",8008,"State_Territory",13,"Very High","2024-10-09","2025-01-11","SARS-CoV-2","2026-08-14 12:48"
"Georgia","Bulloch","ID:325",35000,"State_Territory",1.61,"Very Low","2023-06-23","2025-01-11","SARS-CoV-2","2026-08-14 12:48"
"Georgia","Cherokee, Fulton","ID:326",12818,"WastewaterSCAN",3.83,"Low","2022-08-08","2025-01-11","SARS-CoV-2","2026-08-14 12:48"
"Georgia","Clarke","ID:327",60000,"State_Territory",8.08,"High","2022-06-26","2025-01-11","SARS-CoV-2","2026-08-14 12:48"
"Georgia","Clayton","ID:328",124000,"State_Territory",5.03,"Moderate","2023-05-18","2025-01-11","SARS-CoV-2","2026-08-14 12:48"
"Georgia","Cobb","ID:329",113079,"State_Territory",11.68,"Very High","2022-11-13","2025-01-11","SARS-CoV-2","2026-08-14 12:48"
"Georgia","Cobb","ID:330",304020,"State_Territory",7.11,"Moderate","2022-12-25","2025-01-11","SARS-CoV-2","2026-08-14 12:48"
"Georgia","Dougherty","ID:332",66000,"State_Territory",7.83,"Moderate","2023-05-17","2025-01-11","SARS-CoV-2","2026-08-14 12:48"
"Georgia","Douglas","ID:333",37256,"State_Territory",4.62,"Low","2023-07-17","2025-01-11","SARS-CoV-2","2026-08-14 12:48"
"Georgia","Floyd","ID:334",38111,"State_Territory",2.81,"Low","2023-02-20","2025-01-11","SARS-CoV-2","2026-08-14 12:48"
"Georgia","Forsyth","ID:335",44000,"State_Territory",7.52,"Moderate","2022-12-25","2025-01-11","SARS-CoV-2","2026-08-14 12:48"
"Georgia","Fulton","ID:336",84486,"WastewaterSCAN",5.95,"Moderate","2022-08-07","2025-01-11","SARS-CoV-2","2026-08-14 12:48"
"Georgia","Fulton","ID:337",189593,"WastewaterSCAN",10.49,"High","2022-08-07","2025-01-11","SARS-CoV-2","2026-08-14 12:48"
"Georgia","Fulton","ID:338",190000,"WastewaterSCAN",4.65,"Low","2022-08-07","2025-01-11","SARS-CoV-2","2026-08-14 12:48"
"Georgia","Fulton","ID:339",600000,"WastewaterSCAN",9.07,"High","2022-12-11","2025-01-11","SARS-CoV-2","2026-08-14 12:48"
"Georgia","Fulton","ID:340",105160,"WastewaterSCAN",6.13,"Moderate","2022-12-11","2025-01-11","SARS-CoV-2","2026-08-14 12:48"
"Georgia","Fulton","ID:341",70887,"WastewaterSCAN",14.46,"Very High","2022-12-11","2025-01-11","SARS-CoV-2","2026-08-14 12:48"
"Georgia","Gwinnett","ID:342",496000,"State_Territory",4.39,"Low","2022-05-23","2025-01-11","SARS-CoV-2","2026-08-14 12:48"
"Georgia","Houston","ID:343",86000,"State_Territory",4.21,"Low","2024-01-11","2025-01-11","SARS-CoV-2","2026-08-14 12:48"
"Georgia","Chattahoochee, Muscogee","ID:346",278000,"WastewaterSCAN",10.16,"High","2022-09-26","2025-01-11","SARS-CoV-2","2026-08-14 12:48"
"Georgia","Newton","ID:347",32000,"State_Territory",7.29,"Moderate","2022-07-27","2025-01-11","SARS-CoV-2","2026-08-14 12:48"
"Georgia","Paulding","ID:348",19000,"State_Territory",8.35,"High","2022-11-10","2025-01-11","SARS-CoV-2","2026-08-14 12:48"
"Georgia","Paulding","ID:349",14000,"State_Territory",2.86,"Low","2022-05-22","2025-01-11","SARS-CoV-2","2026-08-14 12:48"
"Georgia","Cherokee, Fulton","ID:326",12818,"WastewaterSCAN",8.82,"High","2022-08-08","2025-01-04","SARS-CoV-2","2026-08-14 12:48"
"Georgia","Clarke","ID:327",60000,"State_Territory",5.65,"Moderate","2022-06-26","2025-01-04","SARS-CoV-2","2026-08-14 12:48"
"Georgia","Cobb","ID:329",113079,"State_Territory",7.28,"Moderate","2022-11-13","2025-01-04","SARS-CoV-2","2026-08-14 12:48"
"Georgia","Cobb","ID:330",304020,"State_Territory",10.16,"High","2022-12-25","2025-01-04","SARS-CoV-2","2026-08-14 12:48"
"Georgia","Dougherty","ID:332",66000,"State_Territory",5.06,"Moderate","2023-05-17","2025-01-04","SARS-CoV-2","2026-08-14 12:48"
"Georgia","Douglas","ID:333",37256,"State_Territory",4.19,"Low","2023-07-17","2025-01-04","SARS-CoV-2","2026-08-14 12:48"
"Georgia","Floyd","ID:334",38111,"State_Territory",12.26,"Very High","2023-02-20","2025-01-04","SARS-CoV-2","2026-08-14 12:48"
"Georgia","Fulton","ID:336",84486,"WastewaterSCAN",6.82,"Moderate","2022-08-07","2025-01-04","SARS-CoV-2","2026-08-14 12:48"
"Georgia","Fulton","ID:337",189593,"WastewaterSCAN",9.91,"High","2022-08-07","2025-01-04","SARS-CoV-2","2026-08-14 12:48"
"Georgia","Fulton","ID:338",190000,"WastewaterSCAN",9.87,"High","2022-08-07","2025-01-04","SARS-CoV-2","2026-08-14 12:48"
"Georgia","Fulton","ID:339",600000,"WastewaterSCAN",4.5,"Low","2022-12-11","2025-01-04","SARS-CoV-2","2026-08-14 12:48"
"Georgia","Fulton","ID:340",105160,"WastewaterSCAN",3.59,"Low","2022-12-11","2025-01-04","SARS-CoV-2","2026-08-14 12:48"
"Georgia","Fulton","ID:341",70887,"WastewaterSCAN",4.6,"Low","2022-12-11","2025-01-04","SARS-CoV-2","2026-08-14 12:48"
"Georgia","Gwinnett","ID:342",496000,"State_Territory",7.8,"Moderate","2022-05-23","2025-01-04","SARS-CoV-2","2026-08-14 12:48"
"Georgia","Chattahoochee, Muscogee","ID:346",278000,"WastewaterSCAN",12.22,"Very High","2022-09-26","2025-01-04","SARS-CoV-2","2026-08-14 12:48"
"Georgia","Newton","ID:347",32000,"State_Territory",4.26,"Low","2022-07-27","2025-01-04","SARS-CoV-2","2026-08-14 12:48"
"Georgia","Paulding","ID:348",19000,"State_Territory",12,"Very High","2022-11-10","2025-01-04","SARS-CoV-2","2026-08-14 12:48"
"Georgia","Paulding","ID:349",14000,"State_Territory",1.91,"Very Low","2022-05-22","2025-01-04","SARS-CoV-2","2026-08-14 12:48"
"Georgia","Richmond","ID:353",200000,"State_Territory",8.56,"High","2022-07-25","2025-01-04","SARS-CoV-2","2026-08-14 12:48"
"Georgia","Cherokee, Fulton","ID:326",12818,"WastewaterSCAN",11.65,"Very High","2022-08-08","2024-12-28","SARS-CoV-2","2026-08-14 12:48"
"Georgia","Clarke","ID:327",60000,"State_Territory",2.85,"Low","2022-06-26","2024-12-28","SARS-CoV-2","2026-08-14 12:48"
"Georgia","Cobb","ID:329",113079,"State_Territory",6.17,"Moderate","2022-11-13","2024-12-28","SARS-CoV-2","2026-08-14 12:48"
"Georgia","Cobb","ID:330",304020,"State_Territory",3.98,"Low","2022-12-25","2024-12-28","SARS-CoV-2","2026-08-14 12:48"
"Georgia","Dougherty","ID:332",66000,"State_Territory",3.87,"Low","2023-05-17","2024-12-28","SARS-CoV-2","2026-08-14 12:48"
"Georgia","Floyd","ID:334",38111,"State_Territory",1,"Very Low","2023-02-20","2024-12-28","SARS-CoV-2","2026-08-14 12:48"
"Georgia","Forsyth","ID:335",44000,"State_Territory",2.61,"Low","2022-12-25","2024-12-28","SARS-CoV-2","2026-08-14 12:48"
"Georgia","Fulton","ID:336",84486,"WastewaterSCAN",6.95,"Moderate","2022-08-07","2024-12-28","SARS-CoV-2","2026-08-14 12:48"
"Georgia","Fulton","ID:337",189593,"WastewaterSCAN",3.77,"Low","2022-08-07","2024-12-28","SARS-CoV-2","2026-08-14 12:48"
"Georgia","Fulton","ID:338",190000,"WastewaterSCAN",4.64,"Low","2022-08-07","2024-12-28","SARS-CoV-2","2026-08-14 12:48"
"Georgia","Fulton","ID:339",600000,"WastewaterSCAN",7.26,"Moderate","2022-12-11","2024-12-28","SARS-CoV-2","2026-08-14 12:48"
"Georgia","Fulton","ID:340",105160,"WastewaterSCAN",4.77,"Low","2022-12-11","2024-12-28","SARS-CoV-2","2026-08-14 12:48"
"Georgia","Fulton","ID:341",70887,"WastewaterSCAN",9.48,"High","2022-12-11","2024-12-28","SARS-CoV-2","2026-08-14 12:48"
"Georgia","Gwinnett","ID:342",496000,"State_Territory",10.6,"High","2022-05-23","2024-12-28","SARS-CoV-2","2026-08-14 12:48"
"Georgia","Chattahoochee, Muscogee","ID:346",278000,"WastewaterSCAN",6.28,"Moderate","2022-09-26","2024-12-28","SARS-CoV-2","2026-08-14 12:48"
"Georgia","Newton","ID:347",32000,"State_Territory",3.3,"Low","2022-07-27","2024-12-28","SARS-CoV-2","2026-08-14 12:48"
"Georgia","Paulding","ID:348",19000,"State_Territory",11.23,"High","2022-11-10","2024-12-28","SARS-CoV-2","2026-08-14 12:48"
"Georgia","Paulding","ID:349",14000,"State_Territory",2.73,"Low","2022-05-22","2024-12-28","SARS-CoV-2","2026-08-14 12:48"
"Georgia","Richmond","ID:353",200000,"State_Territory",4.62,"Low","2022-07-25","2024-12-28","SARS-CoV-2","2026-08-14 12:48"
"Georgia","Bulloch","ID:325",35000,"State_Territory",1.59,"Very Low","2023-06-23","2024-12-21","SARS-CoV-2","2026-08-14 12:48"
"Georgia","Cherokee, Fulton","ID:326",12818,"WastewaterSCAN",6.16,"Moderate","2022-08-08","2024-12-21","SARS-CoV-2","2026-08-14 12:48"
"Georgia","Clarke","ID:327",60000,"State_Territory",1.36,"Very Low","2022-06-26","2024-12-21","SARS-CoV-2","2026-08-14 12:48"
"Georgia","Cobb","ID:329",113079,"State_Territory",4.04,"Low","2022-11-13","2024-12-21","SARS-CoV-2","2026-08-14 12:48"
"Georgia","Cobb","ID:330",304020,"State_Territory",4.13,"Low","2022-12-25","2024-12-21","SARS-CoV-2","2026-08-14 12:48"
"Georgia","Dougherty","ID:332",66000,"State_Territory",1.74,"Very Low","2023-05-17","2024-12-21","SARS-CoV-2","2026-08-14 12:48"
"Georgia","Douglas","ID:333",37256,"State_Territory",6.95,"Moderate","2023-07-17","2024-12-21","SARS-CoV-2","2026-08-14 12:48"
"Georgia","Forsyth","ID:335",44000,"State_Territory",5.55,"Moderate","2022-12-25","2024-12-21","SARS-CoV-2","2026-08-14 12:48"
"Georgia","Fulton","ID:336",84486,"WastewaterSCAN",3.26,"Low","2022-08-07","2024-12-21","SARS-CoV-2","2026-08-14 12:48"
"Georgia","Fulton","ID:337",189593,"WastewaterSCAN",4.29,"Low","2022-08-07","2024-12-21","SARS-CoV-2","2026-08-14 12:48"
"Georgia","Fulton","ID:338",190000,"WastewaterSCAN",1.73,"Very Low","2022-08-07","2024-12-21","SARS-CoV-2","2026-08-14 12:48"
"Georgia","Fulton","ID:339",600000,"WastewaterSCAN",14.7,"Very High","2022-12-11","2024-12-21","SARS-CoV-2","2026-08-14 12:48"
"Georgia","Fulton","ID:340",105160,"WastewaterSCAN",4.19,"Low","2022-12-11","2024-12-21","SARS-CoV-2","2026-08-14 12:48"
"Georgia","Fulton","ID:341",70887,"WastewaterSCAN",6.23,"Moderate","2022-12-11","2024-12-21","SARS-CoV-2","2026-08-14 12:48"
"Georgia","Gwinnett","ID:342",496000,"State_Territory",6.69,"Moderate","2022-05-23","2024-12-21","SARS-CoV-2","2026-08-14 12:48"
"Georgia","Chattahoochee, Muscogee","ID:346",278000,"WastewaterSCAN",7.51,"Moderate","2022-09-26","2024-12-21","SARS-CoV-2","2026-08-14 12:48"
"Georgia","Newton","ID:347",32000,"State_Territory",8.21,"High","2022-07-27","2024-12-21","SARS-CoV-2","2026-08-14 12:48"
"Georgia","Paulding","ID:348",19000,"State_Territory",7.26,"Moderate","2022-11-10","2024-12-21","SARS-CoV-2","2026-08-14 12:48"
"Georgia","Paulding","ID:349",14000,"State_Territory",1,"Very Low","2022-05-22","2024-12-21","SARS-CoV-2","2026-08-14 12:48"
"Georgia","Richmond","ID:353",200000,"State_Territory",5.65,"Moderate","2022-07-25","2024-12-21","SARS-CoV-2","2026-08-14 12:48"
"Georgia","Peach","ID:2359",8008,"State_Territory",5.94,"Moderate","2024-10-09","2024-12-14","SARS-CoV-2","2026-08-14 12:48"
"Georgia","Bulloch","ID:325",35000,"State_Territory",1.64,"Very Low","2023-06-23","2024-12-14","SARS-CoV-2","2026-08-14 12:48"
"Georgia","Cherokee, Fulton","ID:326",12818,"WastewaterSCAN",3.33,"Low","2022-08-08","2024-12-14","SARS-CoV-2","2026-08-14 12:48"
"Georgia","Clarke","ID:327",60000,"State_Territory",2.83,"Low","2022-06-26","2024-12-14","SARS-CoV-2","2026-08-14 12:48"
"Georgia","Clayton","ID:328",124000,"State_Territory",3.84,"Low","2023-05-18","2024-12-14","SARS-CoV-2","2026-08-14 12:48"
"Georgia","Cobb","ID:329",113079,"State_Territory",5.6,"Moderate","2022-11-13","2024-12-14","SARS-CoV-2","2026-08-14 12:48"
"Georgia","Cobb","ID:330",304020,"State_Territory",2.36,"Very Low","2022-12-25","2024-12-14","SARS-CoV-2","2026-08-14 12:48"
"Georgia","Dougherty","ID:332",66000,"State_Territory",0.39,"Very Low","2023-05-17","2024-12-14","SARS-CoV-2","2026-08-14 12:48"
"Georgia","Floyd","ID:334",38111,"State_Territory",1.73,"Very Low","2023-02-20","2024-12-14","SARS-CoV-2","2026-08-14 12:48"
"Georgia","Forsyth","ID:335",44000,"State_Territory",2.02,"Very Low","2022-12-25","2024-12-14","SARS-CoV-2","2026-08-14 12:48"
"Georgia","Fulton","ID:336",84486,"WastewaterSCAN",12.9,"Very High","2022-08-07","2024-12-14","SARS-CoV-2","2026-08-14 12:48"
"Georgia","Fulton","ID:337",189593,"WastewaterSCAN",4.29,"Low","2022-08-07","2024-12-14","SARS-CoV-2","2026-08-14 12:48"
"Georgia","Fulton","ID:338",190000,"WastewaterSCAN",1.38,"Very Low","2022-08-07","2024-12-14","SARS-CoV-2","2026-08-14 12:48"
"Georgia","Fulton","ID:339",600000,"WastewaterSCAN",3.51,"Low","2022-12-11","2024-12-14","SARS-CoV-2","2026-08-14 12:48"
"Georgia","Fulton","ID:340",105160,"WastewaterSCAN",3.23,"Low","2022-12-11","2024-12-14","SARS-CoV-2","2026-08-14 12:48"
"Georgia","Fulton","ID:341",70887,"WastewaterSCAN",3.89,"Low","2022-12-11","2024-12-14","SARS-CoV-2","2026-08-14 12:48"
"Georgia","Gwinnett","ID:342",496000,"State_Territory",1.81,"Very Low","2022-05-23","2024-12-14","SARS-CoV-2","2026-08-14 12:48"
"Georgia","Houston","ID:343",86000,"State_Territory",3.85,"Low","2024-01-11","2024-12-14","SARS-CoV-2","2026-08-14 12:48"
"Georgia","Chattahoochee, Muscogee","ID:346",278000,"WastewaterSCAN",4.82,"Low","2022-09-26","2024-12-14","SARS-CoV-2","2026-08-14 12:48"
"Georgia","Newton","ID:347",32000,"State_Territory",1.61,"Very Low","2022-07-27","2024-12-14","SARS-CoV-2","2026-08-14 12:48"
"Georgia","Paulding","ID:348",19000,"State_Territory",2.04,"Very Low","2022-11-10","2024-12-14","SARS-CoV-2","2026-08-14 12:48"
"Georgia","Paulding","ID:349",14000,"State_Territory",3.53,"Low","2022-05-22","2024-12-14","SARS-CoV-2","2026-08-14 12:48"
"Georgia","Richmond","ID:353",200000,"State_Territory",1.19,"Very Low","2022-07-25","2024-12-14","SARS-CoV-2","2026-08-14 12:48"
"Georgia","Peach","ID:2359",8008,"State_Territory",1,"Very Low","2024-10-09","2024-12-07","SARS-CoV-2","2026-08-14 12:48"
"Georgia","Cherokee, Fulton","ID:326",12818,"WastewaterSCAN",0.55,"Very Low","2022-08-08","2024-12-07","SARS-CoV-2","2026-08-14 12:48"
"Georgia","Clarke","ID:327",60000,"State_Territory",7.98,"High","2022-06-26","2024-12-07","SARS-CoV-2","2026-08-14 12:48"
"Georgia","Cobb","ID:329",113079,"State_Territory",5.28,"Moderate","2022-11-13","2024-12-07","SARS-CoV-2","2026-08-14 12:48"
"Georgia","Cobb","ID:330",304020,"State_Territory",1.62,"Very Low","2022-12-25","2024-12-07","SARS-CoV-2","2026-08-14 12:48"
"Georgia","Dougherty","ID:332",66000,"State_Territory",2.87,"Low","2023-05-17","2024-12-07","SARS-CoV-2","2026-08-14 12:48"
"Georgia","Douglas","ID:333",37256,"State_Territory",3.37,"Low","2023-07-17","2024-12-07","SARS-CoV-2","2026-08-14 12:48"
"Georgia","Floyd","ID:334",38111,"State_Territory",1.91,"Very Low","2023-02-20","2024-12-07","SARS-CoV-2","2026-08-14 12:48"
"Georgia","Forsyth","ID:335",44000,"State_Territory",1.71,"Very Low","2022-12-25","2024-12-07","SARS-CoV-2","2026-08-14 12:48"
"Georgia","Fulton","ID:336",84486,"WastewaterSCAN",0.7,"Very Low","2022-08-07","2024-12-07","SARS-CoV-2","2026-08-14 12:48"
"Georgia","Fulton","ID:337",189593,"WastewaterSCAN",3.12,"Low","2022-08-07","2024-12-07","SARS-CoV-2","2026-08-14 12:48"
"Georgia","Fulton","ID:338",190000,"WastewaterSCAN",1.44,"Very Low","2022-08-07","2024-12-07","SARS-CoV-2","2026-08-14 12:48"
"Georgia","Fulton","ID:339",600000,"WastewaterSCAN",6.86,"Moderate","2022-12-11","2024-12-07","SARS-CoV-2","2026-08-14 12:48"
"Georgia","Fulton","ID:340",105160,"WastewaterSCAN",1.84,"Very Low","2022-12-11","2024-12-07","SARS-CoV-2","2026-08-14 12:48"
"Georgia","Fulton","ID:341",70887,"WastewaterSCAN",2.41,"Very Low","2022-12-11","2024-12-07","SARS-CoV-2","2026-08-14 12:48"
"Georgia","Gwinnett","ID:342",496000,"State_Territory",2.02,"Very Low","2022-05-23","2024-12-07","SARS-CoV-2","2026-08-14 12:48"
"Georgia","Houston","ID:343",86000,"State_Territory",0.98,"Very Low","2024-01-11","2024-12-07","SARS-CoV-2","2026-08-14 12:48"
"Georgia","Chattahoochee, Muscogee","ID:346",278000,"WastewaterSCAN",8.41,"High","2022-09-26","2024-12-07","SARS-CoV-2","2026-08-14 12:48"
"Georgia","Newton","ID:347",32000,"State_Territory",2.67,"Low","2022-07-27","2024-12-07","SARS-CoV-2","2026-08-14 12:48"
"Georgia","Paulding","ID:348",19000,"State_Territory",2.49,"Very Low","2022-11-10","2024-12-07","SARS-CoV-2","2026-08-14 12:48"
"Georgia","Paulding","ID:349",14000,"State_Territory",3.56,"Low","2022-05-22","2024-12-07","SARS-CoV-2","2026-08-14 12:48"
"Georgia","Richmond","ID:353",200000,"State_Territory",4.54,"Low","2022-07-25","2024-12-07","SARS-CoV-2","2026-08-14 12:48"
"Georgia","Peach","ID:2359",8008,"State_Territory",5.97,"Moderate","2024-10-09","2024-11-30","SARS-CoV-2","2026-08-14 12:48"
"Georgia","Cherokee, Fulton","ID:326",12818,"WastewaterSCAN",4.24,"Low","2022-08-08","2024-11-30","SARS-CoV-2","2026-08-14 12:48"
"Georgia","Clarke","ID:327",60000,"State_Territory",2.79,"Low","2022-06-26","2024-11-30","SARS-CoV-2","2026-08-14 12:48"
"Georgia","Clayton","ID:328",124000,"State_Territory",1.63,"Very Low","2023-05-18","2024-11-30","SARS-CoV-2","2026-08-14 12:48"
"Georgia","Cobb","ID:329",113079,"State_Territory",3.42,"Low","2022-11-13","2024-11-30","SARS-CoV-2","2026-08-14 12:48"
"Georgia","Cobb","ID:330",304020,"State_Territory",4.26,"Low","2022-12-25","2024-11-30","SARS-CoV-2","2026-08-14 12:48"
"Georgia","Dougherty","ID:332",66000,"State_Territory",2.36,"Very Low","2023-05-17","2024-11-30","SARS-CoV-2","2026-08-14 12:48"
"Georgia","Douglas","ID:333",37256,"State_Territory",1.76,"Very Low","2023-07-17","2024-11-30","SARS-CoV-2","2026-08-14 12:48"
"Georgia","Floyd","ID:334",38111,"State_Territory",2.41,"Very Low","2023-02-20","2024-11-30","SARS-CoV-2","2026-08-14 12:48"
"Georgia","Forsyth","ID:335",44000,"State_Territory",2.01,"Very Low","2022-12-25","2024-11-30","SARS-CoV-2","2026-08-14 12:48"
"Georgia","Fulton","ID:336",84486,"WastewaterSCAN",0.94,"Very Low","2022-08-07","2024-11-30","SARS-CoV-2","2026-08-14 12:48"
"Georgia","Fulton","ID:337",189593,"WastewaterSCAN",1.72,"Very Low","2022-08-07","2024-11-30","SARS-CoV-2","2026-08-14 12:48"
"Georgia","Fulton","ID:338",190000,"WastewaterSCAN",6.14,"Moderate","2022-08-07","2024-11-30","SARS-CoV-2","2026-08-14 12:48"
"Georgia","Fulton","ID:339",600000,"WastewaterSCAN",2.11,"Very Low","2022-12-11","2024-11-30","SARS-CoV-2","2026-08-14 12:48"
"Georgia","Fulton","ID:340",105160,"WastewaterSCAN",1.42,"Very Low","2022-12-11","2024-11-30","SARS-CoV-2","2026-08-14 12:48"
"Georgia","Fulton","ID:341",70887,"WastewaterSCAN",3.83,"Low","2022-12-11","2024-11-30","SARS-CoV-2","2026-08-14 12:48"
"Georgia","Houston","ID:343",86000,"State_Territory",3.13,"Low","2024-01-11","2024-11-30","SARS-CoV-2","2026-08-14 12:48"
"Georgia","Laurens","ID:344",18000,"State_Territory",0.71,"Very Low","2022-12-25","2024-11-30","SARS-CoV-2","2026-08-14 12:48"
"Georgia","Chattahoochee, Muscogee","ID:346",278000,"WastewaterSCAN",1.28,"Very Low","2022-09-26","2024-11-30","SARS-CoV-2","2026-08-14 12:48"
"Georgia","Newton","ID:347",32000,"State_Territory",3.7,"Low","2022-07-27","2024-11-30","SARS-CoV-2","2026-08-14 12:48"
"Georgia","Paulding","ID:348",19000,"State_Territory",2.08,"Very Low","2022-11-10","2024-11-30","SARS-CoV-2","2026-08-14 12:48"
"Georgia","Paulding","ID:349",14000,"State_Territory",1,"Very Low","2022-05-22","2024-11-30","SARS-CoV-2","2026-08-14 12:48"
"Georgia","Richmond","ID:353",200000,"State_Territory",2.83,"Low","2022-07-25","2024-11-30","SARS-CoV-2","2026-08-14 12:48"
"Georgia","Peach","ID:2359",8008,"State_Territory",1,"Very Low","2024-10-09","2024-11-23","SARS-CoV-2","2026-08-14 12:48"
"Georgia","Cherokee, Fulton","ID:326",12818,"WastewaterSCAN",1.45,"Very Low","2022-08-08","2024-11-23","SARS-CoV-2","2026-08-14 12:48"
"Georgia","Clarke","ID:327",60000,"State_Territory",1.48,"Very Low","2022-06-26","2024-11-23","SARS-CoV-2","2026-08-14 12:48"
"Georgia","Cobb","ID:329",113079,"State_Territory",9.54,"High","2022-11-13","2024-11-23","SARS-CoV-2","2026-08-14 12:48"
"Georgia","Cobb","ID:330",304020,"State_Territory",1.35,"Very Low","2022-12-25","2024-11-23","SARS-CoV-2","2026-08-14 12:48"
"Georgia","Dougherty","ID:332",66000,"State_Territory",1.78,"Very Low","2023-05-17","2024-11-23","SARS-CoV-2","2026-08-14 12:48"
"Georgia","Douglas","ID:333",37256,"State_Territory",2.62,"Low","2023-07-17","2024-11-23","SARS-CoV-2","2026-08-14 12:48"
"Georgia","Floyd","ID:334",38111,"State_Territory",3.19,"Low","2023-02-20","2024-11-23","SARS-CoV-2","2026-08-14 12:48"
"Georgia","Forsyth","ID:335",44000,"State_Territory",2.08,"Very Low","2022-12-25","2024-11-23","SARS-CoV-2","2026-08-14 12:48"
"Georgia","Fulton","ID:336",84486,"WastewaterSCAN",1.68,"Very Low","2022-08-07","2024-11-23","SARS-CoV-2","2026-08-14 12:48"
"Georgia","Fulton","ID:337",189593,"WastewaterSCAN",8.14,"High","2022-08-07","2024-11-23","SARS-CoV-2","2026-08-14 12:48"
"Georgia","Fulton","ID:338",190000,"WastewaterSCAN",2.57,"Very Low","2022-08-07","2024-11-23","SARS-CoV-2","2026-08-14 12:48"
"Georgia","Fulton","ID:339",600000,"WastewaterSCAN",2.78,"Low","2022-12-11","2024-11-23","SARS-CoV-2","2026-08-14 12:48"
"Georgia","Fulton","ID:340",105160,"WastewaterSCAN",1.44,"Very Low","2022-12-11","2024-11-23","SARS-CoV-2","2026-08-14 12:48"
"Georgia","Fulton","ID:341",70887,"WastewaterSCAN",1.26,"Very Low","2022-12-11","2024-11-23","SARS-CoV-2","2026-08-14 12:48"
"Georgia","Gwinnett","ID:342",496000,"State_Territory",4.63,"Low","2022-05-23","2024-11-23","SARS-CoV-2","2026-08-14 12:48"
"Georgia","Houston","ID:343",86000,"State_Territory",1.77,"Very Low","2024-01-11","2024-11-23","SARS-CoV-2","2026-08-14 12:48"
"Georgia","Laurens","ID:344",18000,"State_Territory",2.82,"Low","2022-12-25","2024-11-23","SARS-CoV-2","2026-08-14 12:48"
"Georgia","Chattahoochee, Muscogee","ID:346",278000,"WastewaterSCAN",1.35,"Very Low","2022-09-26","2024-11-23","SARS-CoV-2","2026-08-14 12:48"
"Georgia","Newton","ID:347",32000,"State_Territory",3.77,"Low","2022-07-27","2024-11-23","SARS-CoV-2","2026-08-14 12:48"
"Georgia","Paulding","ID:348",19000,"State_Territory",2.17,"Very Low","2022-11-10","2024-11-23","SARS-CoV-2","2026-08-14 12:48"
"Georgia","Richmond","ID:353",200000,"State_Territory",2.33,"Very Low","2022-07-25","2024-11-23","SARS-CoV-2","2026-08-14 12:48"
"Georgia","Peach","ID:2359",8008,"State_Territory",3.95,"Low","2024-10-09","2024-11-16","SARS-CoV-2","2026-08-14 12:48"
"Georgia","Cherokee, Fulton","ID:326",12818,"WastewaterSCAN",3.05,"Low","2022-08-08","2024-11-16","SARS-CoV-2","2026-08-14 12:48"
"Georgia","Clarke","ID:327",60000,"State_Territory",0.77,"Very Low","2022-06-26","2024-11-16","SARS-CoV-2","2026-08-14 12:48"
"Georgia","Clayton","ID:328",124000,"State_Territory",1.83,"Very Low","2023-05-18","2024-11-16","SARS-CoV-2","2026-08-14 12:48"
"Georgia","Cobb","ID:329",113079,"State_Territory",4.37,"Low","2022-11-13","2024-11-16","SARS-CoV-2","2026-08-14 12:48"
"Georgia","Cobb","ID:330",304020,"State_Territory",1.34,"Very Low","2022-12-25","2024-11-16","SARS-CoV-2","2026-08-14 12:48"
"Georgia","Dougherty","ID:332",66000,"State_Territory",2.66,"Low","2023-05-17","2024-11-16","SARS-CoV-2","2026-08-14 12:48"
"Georgia","Douglas","ID:333",37256,"State_Territory",0.6,"Very Low","2023-07-17","2024-11-16","SARS-CoV-2","2026-08-14 12:48"
"Georgia","Floyd","ID:334",38111,"State_Territory",1.89,"Very Low","2023-02-20","2024-11-16","SARS-CoV-2","2026-08-14 12:48"
"Georgia","Forsyth","ID:335",44000,"State_Territory",2.01,"Very Low","2022-12-25","2024-11-16","SARS-CoV-2","2026-08-14 12:48"
"Georgia","Fulton","ID:336",84486,"WastewaterSCAN",1,"Very Low","2022-08-07","2024-11-16","SARS-CoV-2","2026-08-14 12:48"
"Georgia","Fulton","ID:337",189593,"WastewaterSCAN",1.68,"Very Low","2022-08-07","2024-11-16","SARS-CoV-2","2026-08-14 12:48"
"Georgia","Fulton","ID:338",190000,"WastewaterSCAN",1.81,"Very Low","2022-08-07","2024-11-16","SARS-CoV-2","2026-08-14 12:48"
"Georgia","Fulton","ID:339",600000,"WastewaterSCAN",1.26,"Very Low","2022-12-11","2024-11-16","SARS-CoV-2","2026-08-14 12:48"
"Georgia","Fulton","ID:340",105160,"WastewaterSCAN",1.53,"Very Low","2022-12-11","2024-11-16","SARS-CoV-2","2026-08-14 12:48"
"Georgia","Fulton","ID:341",70887,"WastewaterSCAN",2.33,"Very Low","2022-12-11","2024-11-16","SARS-CoV-2","2026-08-14 12:48"
"Georgia","Gwinnett","ID:342",496000,"State_Territory",3.8,"Low","2022-05-23","2024-11-16","SARS-CoV-2","2026-08-14 12:48"
"Georgia","Chattahoochee, Muscogee","ID:346",278000,"WastewaterSCAN",1.31,"Very Low","2022-09-26","2024-11-16","SARS-CoV-2","2026-08-14 12:48"
"Georgia","Newton","ID:347",32000,"State_Territory",5.55,"Moderate","2022-07-27","2024-11-16","SARS-CoV-2","2026-08-14 12:48"
"Georgia","Paulding","ID:348",19000,"State_Territory",0.75,"Very Low","2022-11-10","2024-11-16","SARS-CoV-2","2026-08-14 12:48"
"Georgia","Richmond","ID:353",200000,"State_Territory",2.17,"Very Low","2022-07-25","2024-11-16","SARS-CoV-2","2026-08-14 12:48"
"Georgia","Peach","ID:2359",8008,"State_Territory",1.25,"Very Low","2024-10-09","2024-11-09","SARS-CoV-2","2026-08-14 12:48"
"Georgia","Cherokee, Fulton","ID:326",12818,"WastewaterSCAN",2.65,"Low","2022-08-08","2024-11-09","SARS-CoV-2","2026-08-14 12:48"
"Georgia","Clarke","ID:327",60000,"State_Territory",2.12,"Very Low","2022-06-26","2024-11-09","SARS-CoV-2","2026-08-14 12:48"
"Georgia","Cobb","ID:329",113079,"State_Territory",2.06,"Very Low","2022-11-13","2024-11-09","SARS-CoV-2","2026-08-14 12:48"
"Georgia","Cobb","ID:330",304020,"State_Territory",2.97,"Low","2022-12-25","2024-11-09","SARS-CoV-2","2026-08-14 12:48"
"Georgia","Dougherty","ID:332",66000,"State_Territory",1.31,"Very Low","2023-05-17","2024-11-09","SARS-CoV-2","2026-08-14 12:48"
"Georgia","Douglas","ID:333",37256,"State_Territory",2.06,"Very Low","2023-07-17","2024-11-09","SARS-CoV-2","2026-08-14 12:48"
"Georgia","Floyd","ID:334",38111,"State_Territory",5.24,"Moderate","2023-02-20","2024-11-09","SARS-CoV-2","2026-08-14 12:48"
"Georgia","Forsyth","ID:335",44000,"State_Territory",3.68,"Low","2022-12-25","2024-11-09","SARS-CoV-2","2026-08-14 12:48"
"Georgia","Fulton","ID:336",84486,"WastewaterSCAN",1.86,"Very Low","2022-08-07","2024-11-09","SARS-CoV-2","2026-08-14 12:48"
"Georgia","Fulton","ID:337",189593,"WastewaterSCAN",1.37,"Very Low","2022-08-07","2024-11-09","SARS-CoV-2","2026-08-14 12:48"
"Georgia","Fulton","ID:338",190000,"WastewaterSCAN",1.65,"Very Low","2022-08-07","2024-11-09","SARS-CoV-2","2026-08-14 12:48"
"Georgia","Fulton","ID:339",600000,"WastewaterSCAN",1.01,"Very Low","2022-12-11","2024-11-09","SARS-CoV-2","2026-08-14 12:48"
"Georgia","Fulton","ID:340",105160,"WastewaterSCAN",1.46,"Very Low","2022-12-11","2024-11-09","SARS-CoV-2","2026-08-14 12:48"
"Georgia","Fulton","ID:341",70887,"WastewaterSCAN",2.17,"Very Low","2022-12-11","2024-11-09","SARS-CoV-2","2026-08-14 12:48"
"Georgia","Gwinnett","ID:342",496000,"State_Territory",3.15,"Low","2022-05-23","2024-11-09","SARS-CoV-2","2026-08-14 12:48"
"Georgia","Houston","ID:343",86000,"State_Territory",1.99,"Very Low","2024-01-11","2024-11-09","SARS-CoV-2","2026-08-14 12:48"
"Georgia","Chattahoochee, Muscogee","ID:346",278000,"WastewaterSCAN",1.67,"Very Low","2022-09-26","2024-11-09","SARS-CoV-2","2026-08-14 12:48"
"Georgia","Newton","ID:347",32000,"State_Territory",2.43,"Very Low","2022-07-27","2024-11-09","SARS-CoV-2","2026-08-14 12:48"
"Georgia","Paulding","ID:348",19000,"State_Territory",2.74,"Low","2022-11-10","2024-11-09","SARS-CoV-2","2026-08-14 12:48"
"Georgia","Paulding","ID:349",14000,"State_Territory",4.61,"Low","2022-05-22","2024-11-09","SARS-CoV-2","2026-08-14 12:48"
"Georgia","Richmond","ID:353",200000,"State_Territory",2.4,"Very Low","2022-07-25","2024-11-09","SARS-CoV-2","2026-08-14 12:48"
"Georgia","Peach","ID:2359",8008,"State_Territory",1,"Very Low","2024-10-09","2024-11-02","SARS-CoV-2","2026-08-14 12:48"
"Georgia","Cherokee, Fulton","ID:326",12818,"WastewaterSCAN",3.08,"Low","2022-08-08","2024-11-02","SARS-CoV-2","2026-08-14 12:48"
"Georgia","Clarke","ID:327",60000,"State_Territory",3.98,"Low","2022-06-26","2024-11-02","SARS-CoV-2","2026-08-14 12:48"
"Georgia","Clayton","ID:328",124000,"State_Territory",3.9,"Low","2023-05-18","2024-11-02","SARS-CoV-2","2026-08-14 12:48"
"Georgia","Cobb","ID:329",113079,"State_Territory",10.12,"High","2022-11-13","2024-11-02","SARS-CoV-2","2026-08-14 12:48"
"Georgia","Cobb","ID:330",304020,"State_Territory",4.17,"Low","2022-12-25","2024-11-02","SARS-CoV-2","2026-08-14 12:48"
"Georgia","Dougherty","ID:332",66000,"State_Territory",1.34,"Very Low","2023-05-17","2024-11-02","SARS-CoV-2","2026-08-14 12:48"
"Georgia","Douglas","ID:333",37256,"State_Territory",6.57,"Moderate","2023-07-17","2024-11-02","SARS-CoV-2","2026-08-14 12:48"
"Georgia","Floyd","ID:334",38111,"State_Territory",5.19,"Moderate","2023-02-20","2024-11-02","SARS-CoV-2","2026-08-14 12:48"
"Georgia","Forsyth","ID:335",44000,"State_Territory",4.14,"Low","2022-12-25","2024-11-02","SARS-CoV-2","2026-08-14 12:48"
"Georgia","Fulton","ID:336",84486,"WastewaterSCAN",2.55,"Very Low","2022-08-07","2024-11-02","SARS-CoV-2","2026-08-14 12:48"
"Georgia","Fulton","ID:337",189593,"WastewaterSCAN",2.41,"Very Low","2022-08-07","2024-11-02","SARS-CoV-2","2026-08-14 12:48"
"Georgia","Fulton","ID:338",190000,"WastewaterSCAN",2.9,"Low","2022-08-07","2024-11-02","SARS-CoV-2","2026-08-14 12:48"
"Georgia","Fulton","ID:339",600000,"WastewaterSCAN",3.09,"Low","2022-12-11","2024-11-02","SARS-CoV-2","2026-08-14 12:48"
"Georgia","Fulton","ID:340",105160,"WastewaterSCAN",1.3,"Very Low","2022-12-11","2024-11-02","SARS-CoV-2","2026-08-14 12:48"
"Georgia","Fulton","ID:341",70887,"WastewaterSCAN",2.72,"Low","2022-12-11","2024-11-02","SARS-CoV-2","2026-08-14 12:48"
"Georgia","Gwinnett","ID:342",496000,"State_Territory",9.45,"High","2022-05-23","2024-11-02","SARS-CoV-2","2026-08-14 12:48"
"Georgia","Houston","ID:343",86000,"State_Territory",1.97,"Very Low","2024-01-11","2024-11-02","SARS-CoV-2","2026-08-14 12:48"
"Georgia","Laurens","ID:344",18000,"State_Territory",3.12,"Low","2022-12-25","2024-11-02","SARS-CoV-2","2026-08-14 12:48"
"Georgia","Chattahoochee, Muscogee","ID:346",278000,"WastewaterSCAN",0.75,"Very Low","2022-09-26","2024-11-02","SARS-CoV-2","2026-08-14 12:48"
"Georgia","Newton","ID:347",32000,"State_Territory",2.7,"Low","2022-07-27","2024-11-02","SARS-CoV-2","2026-08-14 12:48"
"Georgia","Paulding","ID:348",19000,"State_Territory",3.4,"Low","2022-11-10","2024-11-02","SARS-CoV-2","2026-08-14 12:48"
"Georgia","Paulding","ID:349",14000,"State_Territory",1.69,"Very Low","2022-05-22","2024-11-02","SARS-CoV-2","2026-08-14 12:48"
"Georgia","Richmond","ID:353",200000,"State_Territory",2.17,"Very Low","2022-07-25","2024-11-02","SARS-CoV-2","2026-08-14 12:48"
"Georgia","Peach","ID:2359",8008,"State_Territory",3.3,"Low","2024-10-09","2024-10-26","SARS-CoV-2","2026-08-14 12:48"
"Georgia","Cherokee, Fulton","ID:326",12818,"WastewaterSCAN",2.14,"Very Low","2022-08-08","2024-10-26","SARS-CoV-2","2026-08-14 12:48"
"Georgia","Clarke","ID:327",60000,"State_Territory",4.06,"Low","2022-06-26","2024-10-26","SARS-CoV-2","2026-08-14 12:48"
"Georgia","Cobb","ID:329",113079,"State_Territory",7.52,"Moderate","2022-11-13","2024-10-26","SARS-CoV-2","2026-08-14 12:48"
"Georgia","Cobb","ID:330",304020,"State_Territory",6.72,"Moderate","2022-12-25","2024-10-26","SARS-CoV-2","2026-08-14 12:48"
"Georgia","Dougherty","ID:332",66000,"State_Territory",3.46,"Low","2023-05-17","2024-10-26","SARS-CoV-2","2026-08-14 12:48"
"Georgia","Douglas","ID:333",37256,"State_Territory",4.16,"Low","2023-07-17","2024-10-26","SARS-CoV-2","2026-08-14 12:48"
"Georgia","Floyd","ID:334",38111,"State_Territory",3.28,"Low","2023-02-20","2024-10-26","SARS-CoV-2","2026-08-14 12:48"
"Georgia","Fulton","ID:336",84486,"WastewaterSCAN",2.52,"Very Low","2022-08-07","2024-10-26","SARS-CoV-2","2026-08-14 12:48"
"Georgia","Fulton","ID:337",189593,"WastewaterSCAN",3,"Low","2022-08-07","2024-10-26","SARS-CoV-2","2026-08-14 12:48"
"Georgia","Fulton","ID:338",190000,"WastewaterSCAN",2,"Very Low","2022-08-07","2024-10-26","SARS-CoV-2","2026-08-14 12:48"
"Georgia","Fulton","ID:339",600000,"WastewaterSCAN",3.76,"Low","2022-12-11","2024-10-26","SARS-CoV-2","2026-08-14 12:48"
"Georgia","Fulton","ID:340",105160,"WastewaterSCAN",1.99,"Very Low","2022-12-11","2024-10-26","SARS-CoV-2","2026-08-14 12:48"
"Georgia","Fulton","ID:341",70887,"WastewaterSCAN",2.02,"Very Low","2022-12-11","2024-10-26","SARS-CoV-2","2026-08-14 12:48"
"Georgia","Gwinnett","ID:342",496000,"State_Territory",3.33,"Low","2022-05-23","2024-10-26","SARS-CoV-2","2026-08-14 12:48"
"Georgia","Chattahoochee, Muscogee","ID:346",278000,"WastewaterSCAN",1.69,"Very Low","2022-09-26","2024-10-26","SARS-CoV-2","2026-08-14 12:48"
"Georgia","Newton","ID:347",32000,"State_Territory",4.72,"Low","2022-07-27","2024-10-26","SARS-CoV-2","2026-08-14 12:48"
"Georgia","Paulding","ID:348",19000,"State_Territory",4.95,"Moderate","2022-11-10","2024-10-26","SARS-CoV-2","2026-08-14 12:48"
"Georgia","Paulding","ID:349",14000,"State_Territory",11.44,"High","2022-05-22","2024-10-26","SARS-CoV-2","2026-08-14 12:48"
"Georgia","Richmond","ID:353",200000,"State_Territory",4.3,"Low","2022-07-25","2024-10-26","SARS-CoV-2","2026-08-14 12:48"
"Georgia","Peach","ID:2359",8008,"State_Territory",5.81,"Moderate","2024-10-09","2024-10-19","SARS-CoV-2","2026-08-14 12:48"
"Georgia","Cherokee, Fulton","ID:326",12818,"WastewaterSCAN",10.72,"High","2022-08-08","2024-10-19","SARS-CoV-2","2026-08-14 12:48"
"Georgia","Clarke","ID:327",60000,"State_Territory",6.08,"Moderate","2022-06-26","2024-10-19","SARS-CoV-2","2026-08-14 12:48"
"Georgia","Clayton","ID:328",124000,"State_Territory",4.2,"Low","2023-05-18","2024-10-19","SARS-CoV-2","2026-08-14 12:48"
"Georgia","Cobb","ID:329",113079,"State_Territory",8.23,"High","2022-11-13","2024-10-19","SARS-CoV-2","2026-08-14 12:48"
"Georgia","Cobb","ID:330",304020,"State_Territory",3.7,"Low","2022-12-25","2024-10-19","SARS-CoV-2","2026-08-14 12:48"
"Georgia","Dougherty","ID:332",66000,"State_Territory",3.08,"Low","2023-05-17","2024-10-19","SARS-CoV-2","2026-08-14 12:48"
"Georgia","Douglas","ID:333",37256,"State_Territory",4.13,"Low","2023-07-17","2024-10-19","SARS-CoV-2","2026-08-14 12:48"
"Georgia","Floyd","ID:334",38111,"State_Territory",2.72,"Low","2023-02-20","2024-10-19","SARS-CoV-2","2026-08-14 12:48"
"Georgia","Forsyth","ID:335",44000,"State_Territory",5.78,"Moderate","2022-12-25","2024-10-19","SARS-CoV-2","2026-08-14 12:48"
"Georgia","Fulton","ID:336",84486,"WastewaterSCAN",1.78,"Very Low","2022-08-07","2024-10-19","SARS-CoV-2","2026-08-14 12:48"
"Georgia","Fulton","ID:337",189593,"WastewaterSCAN",2.35,"Very Low","2022-08-07","2024-10-19","SARS-CoV-2","2026-08-14 12:48"
"Georgia","Fulton","ID:338",190000,"WastewaterSCAN",2.05,"Very Low","2022-08-07","2024-10-19","SARS-CoV-2","2026-08-14 12:48"
"Georgia","Fulton","ID:339",600000,"WastewaterSCAN",5.22,"Moderate","2022-12-11","2024-10-19","SARS-CoV-2","2026-08-14 12:48"
"Georgia","Fulton","ID:340",105160,"WastewaterSCAN",0.87,"Very Low","2022-12-11","2024-10-19","SARS-CoV-2","2026-08-14 12:48"
"Georgia","Fulton","ID:341",70887,"WastewaterSCAN",1.3,"Very Low","2022-12-11","2024-10-19","SARS-CoV-2","2026-08-14 12:48"
"Georgia","Gwinnett","ID:342",496000,"State_Territory",6.33,"Moderate","2022-05-23","2024-10-19","SARS-CoV-2","2026-08-14 12:48"
"Georgia","Chattahoochee, Muscogee","ID:346",278000,"WastewaterSCAN",1.3,"Very Low","2022-09-26","2024-10-19","SARS-CoV-2","2026-08-14 12:48"
"Georgia","Newton","ID:347",32000,"State_Territory",1.44,"Very Low","2022-07-27","2024-10-19","SARS-CoV-2","2026-08-14 12:48"
"Georgia","Paulding","ID:348",19000,"State_Territory",4.25,"Low","2022-11-10","2024-10-19","SARS-CoV-2","2026-08-14 12:48"
"Georgia","Paulding","ID:349",14000,"State_Territory",10.05,"High","2022-05-22","2024-10-19","SARS-CoV-2","2026-08-14 12:48"
"Georgia","Richmond","ID:353",200000,"State_Territory",3.08,"Low","2022-07-25","2024-10-19","SARS-CoV-2","2026-08-14 12:48"
"Georgia","Peach","ID:2359",8008,"State_Territory",3.6,"Low","2024-10-09","2024-10-12","SARS-CoV-2","2026-08-14 12:48"
"Georgia","Cherokee, Fulton","ID:326",12818,"WastewaterSCAN",4.15,"Low","2022-08-08","2024-10-12","SARS-CoV-2","2026-08-14 12:48"
"Georgia","Clarke","ID:327",60000,"State_Territory",5.78,"Moderate","2022-06-26","2024-10-12","SARS-CoV-2","2026-08-14 12:48"
"Georgia","Cobb","ID:329",113079,"State_Territory",4.75,"Low","2022-11-13","2024-10-12","SARS-CoV-2","2026-08-14 12:48"
"Georgia","Cobb","ID:330",304020,"State_Territory",4.12,"Low","2022-12-25","2024-10-12","SARS-CoV-2","2026-08-14 12:48"
"Georgia","Dougherty","ID:332",66000,"State_Territory",1.3,"Very Low","2023-05-17","2024-10-12","SARS-CoV-2","2026-08-14 12:48"
"Georgia","Douglas","ID:333",37256,"State_Territory",5.68,"Moderate","2023-07-17","2024-10-12","SARS-CoV-2","2026-08-14 12:48"
"Georgia","Floyd","ID:334",38111,"State_Territory",4.43,"Low","2023-02-20","2024-10-12","SARS-CoV-2","2026-08-14 12:48"
"Georgia","Forsyth","ID:335",44000,"State_Territory",5,"Moderate","2022-12-25","2024-10-12","SARS-CoV-2","2026-08-14 12:48"
"Georgia","Fulton","ID:336",84486,"WastewaterSCAN",2.07,"Very Low","2022-08-07","2024-10-12","SARS-CoV-2","2026-08-14 12:48"
"Georgia","Fulton","ID:337",189593,"WastewaterSCAN",8.72,"High","2022-08-07","2024-10-12","SARS-CoV-2","2026-08-14 12:48"
"Georgia","Fulton","ID:338",190000,"WastewaterSCAN",2.15,"Very Low","2022-08-07","2024-10-12","SARS-CoV-2","2026-08-14 12:48"
"Georgia","Fulton","ID:339",600000,"WastewaterSCAN",3.25,"Low","2022-12-11","2024-10-12","SARS-CoV-2","2026-08-14 12:48"
"Georgia","Fulton","ID:340",105160,"WastewaterSCAN",2.27,"Very Low","2022-12-11","2024-10-12","SARS-CoV-2","2026-08-14 12:48"
"Georgia","Fulton","ID:341",70887,"WastewaterSCAN",1.25,"Very Low","2022-12-11","2024-10-12","SARS-CoV-2","2026-08-14 12:48"
"Georgia","Gwinnett","ID:342",496000,"State_Territory",5.5,"Moderate","2022-05-23","2024-10-12","SARS-CoV-2","2026-08-14 12:48"
"Georgia","Houston","ID:343",86000,"State_Territory",3.16,"Low","2024-01-11","2024-10-12","SARS-CoV-2","2026-08-14 12:48"
"Georgia","Laurens","ID:344",18000,"State_Territory",1.23,"Very Low","2022-12-25","2024-10-12","SARS-CoV-2","2026-08-14 12:48"
"Georgia","Newton","ID:347",32000,"State_Territory",4.23,"Low","2022-07-27","2024-10-12","SARS-CoV-2","2026-08-14 12:48"
"Georgia","Paulding","ID:348",19000,"State_Territory",3.82,"Low","2022-11-10","2024-10-12","SARS-CoV-2","2026-08-14 12:48"
"Georgia","Paulding","ID:349",14000,"State_Territory",8.32,"High","2022-05-22","2024-10-12","SARS-CoV-2","2026-08-14 12:48"
"Georgia","Richmond","ID:353",200000,"State_Territory",3.84,"Low","2022-07-25","2024-10-12","SARS-CoV-2","2026-08-14 12:48"
"Georgia","Peach","ID:2359",8008,"State_Territory",7.82,"Moderate","2024-10-09","2024-10-05","SARS-CoV-2","2026-08-14 12:48"
"Georgia","Cherokee, Fulton","ID:326",12818,"WastewaterSCAN",2.29,"Very Low","2022-08-08","2024-10-05","SARS-CoV-2","2026-08-14 12:48"
"Georgia","Clarke","ID:327",60000,"State_Territory",3.94,"Low","2022-06-26","2024-10-05","SARS-CoV-2","2026-08-14 12:48"
"Georgia","Clayton","ID:328",124000,"State_Territory",3.31,"Low","2023-05-18","2024-10-05","SARS-CoV-2","2026-08-14 12:48"
"Georgia","Cobb","ID:329",113079,"State_Territory",3.58,"Low","2022-11-13","2024-10-05","SARS-CoV-2","2026-08-14 12:48"
"Georgia","Cobb","ID:330",304020,"State_Territory",3.17,"Low","2022-12-25","2024-10-05","SARS-CoV-2","2026-08-14 12:48"
"Georgia","Douglas","ID:333",37256,"State_Territory",1.98,"Very Low","2023-07-17","2024-10-05","SARS-CoV-2","2026-08-14 12:48"
"Georgia","Floyd","ID:334",38111,"State_Territory",1,"Very Low","2023-02-20","2024-10-05","SARS-CoV-2","2026-08-14 12:48"
"Georgia","Forsyth","ID:335",44000,"State_Territory",7.61,"Moderate","2022-12-25","2024-10-05","SARS-CoV-2","2026-08-14 12:48"
"Georgia","Fulton","ID:336",84486,"WastewaterSCAN",4.63,"Low","2022-08-07","2024-10-05","SARS-CoV-2","2026-08-14 12:48"
"Georgia","Fulton","ID:337",189593,"WastewaterSCAN",4.1,"Low","2022-08-07","2024-10-05","SARS-CoV-2","2026-08-14 12:48"
"Georgia","Fulton","ID:338",190000,"WastewaterSCAN",2.17,"Very Low","2022-08-07","2024-10-05","SARS-CoV-2","2026-08-14 12:48"
"Georgia","Fulton","ID:339",600000,"WastewaterSCAN",1.89,"Very Low","2022-12-11","2024-10-05","SARS-CoV-2","2026-08-14 12:48"
"Georgia","Fulton","ID:340",105160,"WastewaterSCAN",3.27,"Low","2022-12-11","2024-10-05","SARS-CoV-2","2026-08-14 12:48"
"Georgia","Fulton","ID:341",70887,"WastewaterSCAN",1.51,"Very Low","2022-12-11","2024-10-05","SARS-CoV-2","2026-08-14 12:48"
"Georgia","Gwinnett","ID:342",496000,"State_Territory",8.78,"High","2022-05-23","2024-10-05","SARS-CoV-2","2026-08-14 12:48"
"Georgia","Houston","ID:343",86000,"State_Territory",3.29,"Low","2024-01-11","2024-10-05","SARS-CoV-2","2026-08-14 12:48"
"Georgia","Laurens","ID:344",18000,"State_Territory",0.38,"Very Low","2022-12-25","2024-10-05","SARS-CoV-2","2026-08-14 12:48"
"Georgia","Chattahoochee, Muscogee","ID:346",278000,"WastewaterSCAN",2.39,"Very Low","2022-09-26","2024-10-05","SARS-CoV-2","2026-08-14 12:48"
"Georgia","Newton","ID:347",32000,"State_Territory",2.87,"Low","2022-07-27","2024-10-05","SARS-CoV-2","2026-08-14 12:48"
"Georgia","Paulding","ID:348",19000,"State_Territory",5.7,"Moderate","2022-11-10","2024-10-05","SARS-CoV-2","2026-08-14 12:48"
"Georgia","Paulding","ID:349",14000,"State_Territory",9.87,"High","2022-05-22","2024-10-05","SARS-CoV-2","2026-08-14 12:48"
"Georgia","Peach","ID:2359",8008,"State_Territory",1.59,"Very Low","2024-10-09","2024-09-28","SARS-CoV-2","2026-08-14 12:48"
"Georgia","Cherokee, Fulton","ID:326",12818,"WastewaterSCAN",2.89,"Low","2022-08-08","2024-09-28","SARS-CoV-2","2026-08-14 12:48"
"Georgia","Clarke","ID:327",60000,"State_Territory",4.32,"Low","2022-06-26","2024-09-28","SARS-CoV-2","2026-08-14 12:48"
"Georgia","Cobb","ID:329",113079,"State_Territory",6.88,"Moderate","2022-11-13","2024-09-28","SARS-CoV-2","2026-08-14 12:48"
"Georgia","Cobb","ID:330",304020,"State_Territory",8.22,"High","2022-12-25","2024-09-28","SARS-CoV-2","2026-08-14 12:48"
"Georgia","Dougherty","ID:332",66000,"State_Territory",0.75,"Very Low","2023-05-17","2024-09-28","SARS-CoV-2","2026-08-14 12:48"
"Georgia","Douglas","ID:333",37256,"State_Territory",3.47,"Low","2023-07-17","2024-09-28","SARS-CoV-2","2026-08-14 12:48"
"Georgia","Floyd","ID:334",38111,"State_Territory",7.13,"Moderate","2023-02-20","2024-09-28","SARS-CoV-2","2026-08-14 12:48"
"Georgia","Forsyth","ID:335",44000,"State_Territory",7.24,"Moderate","2022-12-25","2024-09-28","SARS-CoV-2","2026-08-14 12:48"
"Georgia","Fulton","ID:336",84486,"WastewaterSCAN",2.99,"Low","2022-08-07","2024-09-28","SARS-CoV-2","2026-08-14 12:48"
"Georgia","Fulton","ID:337",189593,"WastewaterSCAN",3.47,"Low","2022-08-07","2024-09-28","SARS-CoV-2","2026-08-14 12:48"
"Georgia","Fulton","ID:338",190000,"WastewaterSCAN",1.12,"Very Low","2022-08-07","2024-09-28","SARS-CoV-2","2026-08-14 12:48"
"Georgia","Fulton","ID:339",600000,"WastewaterSCAN",2.62,"Low","2022-12-11","2024-09-28","SARS-CoV-2","2026-08-14 12:48"
"Georgia","Fulton","ID:340",105160,"WastewaterSCAN",2.48,"Very Low","2022-12-11","2024-09-28","SARS-CoV-2","2026-08-14 12:48"
"Georgia","Fulton","ID:341",70887,"WastewaterSCAN",1.5,"Very Low","2022-12-11","2024-09-28","SARS-CoV-2","2026-08-14 12:48"
"Georgia","Gwinnett","ID:342",496000,"State_Territory",7.43,"Moderate","2022-05-23","2024-09-28","SARS-CoV-2","2026-08-14 12:48"
"Georgia","Houston","ID:343",86000,"State_Territory",3.58,"Low","2024-01-11","2024-09-28","SARS-CoV-2","2026-08-14 12:48"
"Georgia","Laurens","ID:344",18000,"State_Territory",3.15,"Low","2022-12-25","2024-09-28","SARS-CoV-2","2026-08-14 12:48"
"Georgia","Chattahoochee, Muscogee","ID:346",278000,"WastewaterSCAN",8.39,"High","2022-09-26","2024-09-28","SARS-CoV-2","2026-08-14 12:48"
"Georgia","Newton","ID:347",32000,"State_Territory",2.89,"Low","2022-07-27","2024-09-28","SARS-CoV-2","2026-08-14 12:48"
"Georgia","Paulding","ID:348",19000,"State_Territory",3.98,"Low","2022-11-10","2024-09-28","SARS-CoV-2","2026-08-14 12:48"
"Georgia","Paulding","ID:349",14000,"State_Territory",9.95,"High","2022-05-22","2024-09-28","SARS-CoV-2","2026-08-14 12:48"
"Georgia","Richmond","ID:353",200000,"State_Territory",4.33,"Low","2022-07-25","2024-09-28","SARS-CoV-2","2026-08-14 12:48"
"Georgia","Peach","ID:2359",8008,"State_Territory",3.19,"Low","2024-10-09","2024-09-21","SARS-CoV-2","2026-08-14 12:48"
"Georgia","Bulloch","ID:325",35000,"State_Territory",2.4,"Very Low","2023-06-23","2024-09-21","SARS-CoV-2","2026-08-14 12:48"
"Georgia","Cherokee, Fulton","ID:326",12818,"WastewaterSCAN",6.06,"Moderate","2022-08-08","2024-09-21","SARS-CoV-2","2026-08-14 12:48"
"Georgia","Clarke","ID:327",60000,"State_Territory",3.67,"Low","2022-06-26","2024-09-21","SARS-CoV-2","2026-08-14 12:48"
"Georgia","Clayton","ID:328",124000,"State_Territory",3.15,"Low","2023-05-18","2024-09-21","SARS-CoV-2","2026-08-14 12:48"
"Georgia","Cobb","ID:329",113079,"State_Territory",6.15,"Moderate","2022-11-13","2024-09-21","SARS-CoV-2","2026-08-14 12:48"
"Georgia","Dougherty","ID:332",66000,"State_Territory",2.72,"Low","2023-05-17","2024-09-21","SARS-CoV-2","2026-08-14 12:48"
"Georgia","Floyd","ID:334",38111,"State_Territory",15.97,"Very High","2023-02-20","2024-09-21","SARS-CoV-2","2026-08-14 12:48"
"Georgia","Forsyth","ID:335",44000,"State_Territory",9.53,"High","2022-12-25","2024-09-21","SARS-CoV-2","2026-08-14 12:48"
"Georgia","Fulton","ID:336",84486,"WastewaterSCAN",1.41,"Very Low","2022-08-07","2024-09-21","SARS-CoV-2","2026-08-14 12:48"
"Georgia","Fulton","ID:337",189593,"WastewaterSCAN",4.92,"Moderate","2022-08-07","2024-09-21","SARS-CoV-2","2026-08-14 12:48"
"Georgia","Fulton","ID:338",190000,"WastewaterSCAN",5.17,"Moderate","2022-08-07","2024-09-21","SARS-CoV-2","2026-08-14 12:48"
"Georgia","Fulton","ID:339",600000,"WastewaterSCAN",7.27,"Moderate","2022-12-11","2024-09-21","SARS-CoV-2","2026-08-14 12:48"
"Georgia","Fulton","ID:340",105160,"WastewaterSCAN",3.95,"Low","2022-12-11","2024-09-21","SARS-CoV-2","2026-08-14 12:48"
"Georgia","Fulton","ID:341",70887,"WastewaterSCAN",2.15,"Very Low","2022-12-11","2024-09-21","SARS-CoV-2","2026-08-14 12:48"
"Georgia","Gwinnett","ID:342",496000,"State_Territory",9.81,"High","2022-05-23","2024-09-21","SARS-CoV-2","2026-08-14 12:48"
"Georgia","Houston","ID:343",86000,"State_Territory",5.36,"Moderate","2024-01-11","2024-09-21","SARS-CoV-2","2026-08-14 12:48"
"Georgia","Laurens","ID:344",18000,"State_Territory",3.49,"Low","2022-12-25","2024-09-21","SARS-CoV-2","2026-08-14 12:48"
"Georgia","Newton","ID:347",32000,"State_Territory",9.28,"High","2022-07-27","2024-09-21","SARS-CoV-2","2026-08-14 12:48"
"Georgia","Paulding","ID:348",19000,"State_Territory",5.57,"Moderate","2022-11-10","2024-09-21","SARS-CoV-2","2026-08-14 12:48"
"Georgia","Paulding","ID:349",14000,"State_Territory",6.05,"Moderate","2022-05-22","2024-09-21","SARS-CoV-2","2026-08-14 12:48"
"Georgia","Richmond","ID:353",200000,"State_Territory",6.48,"Moderate","2022-07-25","2024-09-21","SARS-CoV-2","2026-08-14 12:48"
"Georgia","Treutlen","ID:354",3100,"State_Territory",1.15,"Very Low","2023-11-02","2024-09-21","SARS-CoV-2","2026-08-14 12:48"
"Georgia","Peach","ID:2359",8008,"State_Territory",7.71,"Moderate","2024-10-09","2024-09-14","SARS-CoV-2","2026-08-14 12:48"
"Georgia","Bulloch","ID:325",35000,"State_Territory",4.25,"Low","2023-06-23","2024-09-14","SARS-CoV-2","2026-08-14 12:48"
"Georgia","Cherokee, Fulton","ID:326",12818,"WastewaterSCAN",6.28,"Moderate","2022-08-08","2024-09-14","SARS-CoV-2","2026-08-14 12:48"
"Georgia","Clarke","ID:327",60000,"State_Territory",9.35,"High","2022-06-26","2024-09-14","SARS-CoV-2","2026-08-14 12:48"
"Georgia","Cobb","ID:329",113079,"State_Territory",5.79,"Moderate","2022-11-13","2024-09-14","SARS-CoV-2","2026-08-14 12:48"
"Georgia","Cobb","ID:330",304020,"State_Territory",12.05,"Very High","2022-12-25","2024-09-14","SARS-CoV-2","2026-08-14 12:48"
"Georgia","Dougherty","ID:332",66000,"State_Territory",4.58,"Low","2023-05-17","2024-09-14","SARS-CoV-2","2026-08-14 12:48"
"Georgia","Douglas","ID:333",37256,"State_Territory",7.65,"Moderate","2023-07-17","2024-09-14","SARS-CoV-2","2026-08-14 12:48"
"Georgia","Floyd","ID:334",38111,"State_Territory",10.99,"High","2023-02-20","2024-09-14","SARS-CoV-2","2026-08-14 12:48"
"Georgia","Forsyth","ID:335",44000,"State_Territory",9.47,"High","2022-12-25","2024-09-14","SARS-CoV-2","2026-08-14 12:48"
"Georgia","Fulton","ID:336",84486,"WastewaterSCAN",4.78,"Low","2022-08-07","2024-09-14","SARS-CoV-2","2026-08-14 12:48"
"Georgia","Fulton","ID:337",189593,"WastewaterSCAN",4.59,"Low","2022-08-07","2024-09-14","SARS-CoV-2","2026-08-14 12:48"
"Georgia","Fulton","ID:338",190000,"WastewaterSCAN",7.31,"Moderate","2022-08-07","2024-09-14","SARS-CoV-2","2026-08-14 12:48"
"Georgia","Fulton","ID:339",600000,"WastewaterSCAN",3.91,"Low","2022-12-11","2024-09-14","SARS-CoV-2","2026-08-14 12:48"
"Georgia","Fulton","ID:340",105160,"WastewaterSCAN",4.96,"Moderate","2022-12-11","2024-09-14","SARS-CoV-2","2026-08-14 12:48"
"Georgia","Fulton","ID:341",70887,"WastewaterSCAN",2.92,"Low","2022-12-11","2024-09-14","SARS-CoV-2","2026-08-14 12:48"
"Georgia","Gwinnett","ID:342",496000,"State_Territory",18.9,"Very High","2022-05-23","2024-09-14","SARS-CoV-2","2026-08-14 12:48"
"Georgia","Houston","ID:343",86000,"State_Territory",6.32,"Moderate","2024-01-11","2024-09-14","SARS-CoV-2","2026-08-14 12:48"
"Georgia","Laurens","ID:344",18000,"State_Territory",9.36,"High","2022-12-25","2024-09-14","SARS-CoV-2","2026-08-14 12:48"
"Georgia","Newton","ID:347",32000,"State_Territory",9.72,"High","2022-07-27","2024-09-14","SARS-CoV-2","2026-08-14 12:48"
"Georgia","Paulding","ID:348",19000,"State_Territory",6.86,"Moderate","2022-11-10","2024-09-14","SARS-CoV-2","2026-08-14 12:48"
"Georgia","Paulding","ID:349",14000,"State_Territory",8.72,"High","2022-05-22","2024-09-14","SARS-CoV-2","2026-08-14 12:48"
"Georgia","Richmond","ID:353",200000,"State_Territory",12.34,"Very High","2022-07-25","2024-09-14","SARS-CoV-2","2026-08-14 12:48"
"Georgia","Treutlen","ID:354",3100,"State_Territory",2.25,"Very Low","2023-11-02","2024-09-14","SARS-CoV-2","2026-08-14 12:48"
"Georgia","Peach","ID:2359",8008,"State_Territory",20.7,"Very High","2024-10-09","2024-09-07","SARS-CoV-2","2026-08-14 12:48"
"Georgia","Bulloch","ID:325",35000,"State_Territory",9.61,"High","2023-06-23","2024-09-07","SARS-CoV-2","2026-08-14 12:48"
"Georgia","Cherokee, Fulton","ID:326",12818,"WastewaterSCAN",6.36,"Moderate","2022-08-08","2024-09-07","SARS-CoV-2","2026-08-14 12:48"
"Georgia","Clarke","ID:327",60000,"State_Territory",12.4,"Very High","2022-06-26","2024-09-07","SARS-CoV-2","2026-08-14 12:48"
"Georgia","Clayton","ID:328",124000,"State_Territory",7.65,"Moderate","2023-05-18","2024-09-07","SARS-CoV-2","2026-08-14 12:48"
"Georgia","Cobb","ID:329",113079,"State_Territory",13.7,"Very High","2022-11-13","2024-09-07","SARS-CoV-2","2026-08-14 12:48"
"Georgia","Cobb","ID:330",304020,"State_Territory",10.21,"High","2022-12-25","2024-09-07","SARS-CoV-2","2026-08-14 12:48"
"Georgia","Dougherty","ID:332",66000,"State_Territory",10.11,"High","2023-05-17","2024-09-07","SARS-CoV-2","2026-08-14 12:48"
"Georgia","Douglas","ID:333",37256,"State_Territory",13.05,"Very High","2023-07-17","2024-09-07","SARS-CoV-2","2026-08-14 12:48"
"Georgia","Floyd","ID:334",38111,"State_Territory",17.22,"Very High","2023-02-20","2024-09-07","SARS-CoV-2","2026-08-14 12:48"
"Georgia","Forsyth","ID:335",44000,"State_Territory",13.18,"Very High","2022-12-25","2024-09-07","SARS-CoV-2","2026-08-14 12:48"
"Georgia","Fulton","ID:336",84486,"WastewaterSCAN",4.3,"Low","2022-08-07","2024-09-07","SARS-CoV-2","2026-08-14 12:48"
"Georgia","Fulton","ID:337",189593,"WastewaterSCAN",8.21,"High","2022-08-07","2024-09-07","SARS-CoV-2","2026-08-14 12:48"
"Georgia","Fulton","ID:338",190000,"WastewaterSCAN",6.49,"Moderate","2022-08-07","2024-09-07","SARS-CoV-2","2026-08-14 12:48"
"Georgia","Fulton","ID:339",600000,"WastewaterSCAN",5.05,"Moderate","2022-12-11","2024-09-07","SARS-CoV-2","2026-08-14 12:48"
"Georgia","Fulton","ID:340",105160,"WastewaterSCAN",5.65,"Moderate","2022-12-11","2024-09-07","SARS-CoV-2","2026-08-14 12:48"
"Georgia","Fulton","ID:341",70887,"WastewaterSCAN",3.79,"Low","2022-12-11","2024-09-07","SARS-CoV-2","2026-08-14 12:48"
"Georgia","Laurens","ID:344",18000,"State_Territory",8.77,"High","2022-12-25","2024-09-07","SARS-CoV-2","2026-08-14 12:48"
"Georgia","Chattahoochee, Muscogee","ID:346",278000,"WastewaterSCAN",9.18,"High","2022-09-26","2024-09-07","SARS-CoV-2","2026-08-14 12:48"
"Georgia","Newton","ID:347",32000,"State_Territory",17.93,"Very High","2022-07-27","2024-09-07","SARS-CoV-2","2026-08-14 12:48"
"Georgia","Paulding","ID:348",19000,"State_Territory",11.91,"Very High","2022-11-10","2024-09-07","SARS-CoV-2","2026-08-14 12:48"
"Georgia","Paulding","ID:349",14000,"State_Territory",10.55,"High","2022-05-22","2024-09-07","SARS-CoV-2","2026-08-14 12:48"
"Georgia","Richmond","ID:353",200000,"State_Territory",6.91,"Moderate","2022-07-25","2024-09-07","SARS-CoV-2","2026-08-14 12:48"
"Georgia","Treutlen","ID:354",3100,"State_Territory",5.06,"Moderate","2023-11-02","2024-09-07","SARS-CoV-2","2026-08-14 12:48"
"Georgia","Peach","ID:2359",8008,"State_Territory",19.04,"Very High","2024-10-09","2024-08-31","SARS-CoV-2","2026-08-14 12:48"
"Georgia","Bulloch","ID:325",35000,"State_Territory",8.66,"High","2023-06-23","2024-08-31","SARS-CoV-2","2026-08-14 12:48"
"Georgia","Cherokee, Fulton","ID:326",12818,"WastewaterSCAN",9.51,"High","2022-08-08","2024-08-31","SARS-CoV-2","2026-08-14 12:48"
"Georgia","Clarke","ID:327",60000,"State_Territory",42.18,"Very High","2022-06-26","2024-08-31","SARS-CoV-2","2026-08-14 12:48"
"Georgia","Cobb","ID:330",304020,"State_Territory",17.34,"Very High","2022-12-25","2024-08-31","SARS-CoV-2","2026-08-14 12:48"
"Georgia","Dougherty","ID:332",66000,"State_Territory",14.92,"Very High","2023-05-17","2024-08-31","SARS-CoV-2","2026-08-14 12:48"
"Georgia","Douglas","ID:333",37256,"State_Territory",31.55,"Very High","2023-07-17","2024-08-31","SARS-CoV-2","2026-08-14 12:48"
"Georgia","Floyd","ID:334",38111,"State_Territory",17.73,"Very High","2023-02-20","2024-08-31","SARS-CoV-2","2026-08-14 12:48"
"Georgia","Forsyth","ID:335",44000,"State_Territory",14.48,"Very High","2022-12-25","2024-08-31","SARS-CoV-2","2026-08-14 12:48"
"Georgia","Fulton","ID:336",84486,"WastewaterSCAN",10.17,"High","2022-08-07","2024-08-31","SARS-CoV-2","2026-08-14 12:48"
"Georgia","Fulton","ID:337",189593,"WastewaterSCAN",6.45,"Moderate","2022-08-07","2024-08-31","SARS-CoV-2","2026-08-14 12:48"
"Georgia","Fulton","ID:338",190000,"WastewaterSCAN",7.59,"Moderate","2022-08-07","2024-08-31","SARS-CoV-2","2026-08-14 12:48"
"Georgia","Fulton","ID:339",600000,"WastewaterSCAN",9.34,"High","2022-12-11","2024-08-31","SARS-CoV-2","2026-08-14 12:48"
"Georgia","Fulton","ID:340",105160,"WastewaterSCAN",6.55,"Moderate","2022-12-11","2024-08-31","SARS-CoV-2","2026-08-14 12:48"
"Georgia","Fulton","ID:341",70887,"WastewaterSCAN",7.8,"Moderate","2022-12-11","2024-08-31","SARS-CoV-2","2026-08-14 12:48"
"Georgia","Gwinnett","ID:342",496000,"State_Territory",31.01,"Very High","2022-05-23","2024-08-31","SARS-CoV-2","2026-08-14 12:48"
"Georgia","Houston","ID:343",86000,"State_Territory",12.93,"Very High","2024-01-11","2024-08-31","SARS-CoV-2","2026-08-14 12:48"
"Georgia","Laurens","ID:344",18000,"State_Territory",4.44,"Low","2022-12-25","2024-08-31","SARS-CoV-2","2026-08-14 12:48"
"Georgia","Chattahoochee, Muscogee","ID:346",278000,"WastewaterSCAN",15.27,"Very High","2022-09-26","2024-08-31","SARS-CoV-2","2026-08-14 12:48"
"Georgia","Newton","ID:347",32000,"State_Territory",12.75,"Very High","2022-07-27","2024-08-31","SARS-CoV-2","2026-08-14 12:48"
"Georgia","Paulding","ID:348",19000,"State_Territory",14.08,"Very High","2022-11-10","2024-08-31","SARS-CoV-2","2026-08-14 12:48"
"Georgia","Paulding","ID:349",14000,"State_Territory",23.67,"Very High","2022-05-22","2024-08-31","SARS-CoV-2","2026-08-14 12:48"
"Georgia","Richmond","ID:353",200000,"State_Territory",27.15,"Very High","2022-07-25","2024-08-31","SARS-CoV-2","2026-08-14 12:48"
"Georgia","Treutlen","ID:354",3100,"State_Territory",8.96,"High","2023-11-02","2024-08-31","SARS-CoV-2","2026-08-14 12:48"
"Georgia","Cherokee, Fulton","ID:326",12818,"WastewaterSCAN",11.89,"Very High","2022-08-08","2024-08-24","SARS-CoV-2","2026-08-14 12:48"
"Georgia","Clarke","ID:327",60000,"State_Territory",37.98,"Very High","2022-06-26","2024-08-24","SARS-CoV-2","2026-08-14 12:48"
"Georgia","Clayton","ID:328",124000,"State_Territory",19.69,"Very High","2023-05-18","2024-08-24","SARS-CoV-2","2026-08-14 12:48"
"Georgia","Cobb","ID:330",304020,"State_Territory",24.12,"Very High","2022-12-25","2024-08-24","SARS-CoV-2","2026-08-14 12:48"
"Georgia","Floyd","ID:334",38111,"State_Territory",36.47,"Very High","2023-02-20","2024-08-24","SARS-CoV-2","2026-08-14 12:48"
"Georgia","Forsyth","ID:335",44000,"State_Territory",27.01,"Very High","2022-12-25","2024-08-24","SARS-CoV-2","2026-08-14 12:48"
"Georgia","Fulton","ID:336",84486,"WastewaterSCAN",11.05,"High","2022-08-07","2024-08-24","SARS-CoV-2","2026-08-14 12:48"
"Georgia","Fulton","ID:337",189593,"WastewaterSCAN",10.59,"High","2022-08-07","2024-08-24","SARS-CoV-2","2026-08-14 12:48"
"Georgia","Fulton","ID:338",190000,"WastewaterSCAN",10.65,"High","2022-08-07","2024-08-24","SARS-CoV-2","2026-08-14 12:48"
"Georgia","Fulton","ID:339",600000,"WastewaterSCAN",10.21,"High","2022-12-11","2024-08-24","SARS-CoV-2","2026-08-14 12:48"
"Georgia","Fulton","ID:340",105160,"WastewaterSCAN",6.74,"Moderate","2022-12-11","2024-08-24","SARS-CoV-2","2026-08-14 12:48"
"Georgia","Fulton","ID:341",70887,"WastewaterSCAN",12.97,"Very High","2022-12-11","2024-08-24","SARS-CoV-2","2026-08-14 12:48"
"Georgia","Gwinnett","ID:342",496000,"State_Territory",33.91,"Very High","2022-05-23","2024-08-24","SARS-CoV-2","2026-08-14 12:48"
"Georgia","Houston","ID:343",86000,"State_Territory",16.69,"Very High","2024-01-11","2024-08-24","SARS-CoV-2","2026-08-14 12:48"
"Georgia","Laurens","ID:344",18000,"State_Territory",6.79,"Moderate","2022-12-25","2024-08-24","SARS-CoV-2","2026-08-14 12:48"
"Georgia","Chattahoochee, Muscogee","ID:346",278000,"WastewaterSCAN",7.35,"Moderate","2022-09-26","2024-08-24","SARS-CoV-2","2026-08-14 12:48"
"Georgia","Newton","ID:347",32000,"State_Territory",21.28,"Very High","2022-07-27","2024-08-24","SARS-CoV-2","2026-08-14 12:48"
"Georgia","Paulding","ID:348",19000,"State_Territory",14.79,"Very High","2022-11-10","2024-08-24","SARS-CoV-2","2026-08-14 12:48"
"Georgia","Richmond","ID:353",200000,"State_Territory",23.79,"Very High","2022-07-25","2024-08-24","SARS-CoV-2","2026-08-14 12:48"
"Georgia","Treutlen","ID:354",3100,"State_Territory",8.04,"High","2023-11-02","2024-08-24","SARS-CoV-2","2026-08-14 12:48"
"Georgia","Cherokee, Fulton","ID:326",12818,"WastewaterSCAN",9.19,"High","2022-08-08","2024-08-17","SARS-CoV-2","2026-08-14 12:48"
"Georgia","Clarke","ID:327",60000,"State_Territory",39.91,"Very High","2022-06-26","2024-08-17","SARS-CoV-2","2026-08-14 12:48"
"Georgia","Cobb","ID:329",113079,"State_Territory",16.21,"Very High","2022-11-13","2024-08-17","SARS-CoV-2","2026-08-14 12:48"
"Georgia","Cobb","ID:330",304020,"State_Territory",29.14,"Very High","2022-12-25","2024-08-17","SARS-CoV-2","2026-08-14 12:48"
"Georgia","Douglas","ID:333",37256,"State_Territory",32.63,"Very High","2023-07-17","2024-08-17","SARS-CoV-2","2026-08-14 12:48"
"Georgia","Floyd","ID:334",38111,"State_Territory",47.32,"Very High","2023-02-20","2024-08-17","SARS-CoV-2","2026-08-14 12:48"
"Georgia","Forsyth","ID:335",44000,"State_Territory",39.16,"Very High","2022-12-25","2024-08-17","SARS-CoV-2","2026-08-14 12:48"
"Georgia","Fulton","ID:336",84486,"WastewaterSCAN",13.32,"Very High","2022-08-07","2024-08-17","SARS-CoV-2","2026-08-14 12:48"
"Georgia","Fulton","ID:337",189593,"WastewaterSCAN",7.75,"Moderate","2022-08-07","2024-08-17","SARS-CoV-2","2026-08-14 12:48"
"Georgia","Fulton","ID:338",190000,"WastewaterSCAN",18.56,"Very High","2022-08-07","2024-08-17","SARS-CoV-2","2026-08-14 12:48"
"Georgia","Fulton","ID:339",600000,"WastewaterSCAN",13.4,"Very High","2022-12-11","2024-08-17","SARS-CoV-2","2026-08-14 12:48"
"Georgia","Fulton","ID:340",105160,"WastewaterSCAN",20.07,"Very High","2022-12-11","2024-08-17","SARS-CoV-2","2026-08-14 12:48"
"Georgia","Fulton","ID:341",70887,"WastewaterSCAN",14.34,"Very High","2022-12-11","2024-08-17","SARS-CoV-2","2026-08-14 12:48"
"Georgia","Houston","ID:343",86000,"State_Territory",17.08,"Very High","2024-01-11","2024-08-17","SARS-CoV-2","2026-08-14 12:48"
"Georgia","Laurens","ID:344",18000,"State_Territory",6.65,"Moderate","2022-12-25","2024-08-17","SARS-CoV-2","2026-08-14 12:48"
"Georgia","Chattahoochee, Muscogee","ID:346",278000,"WastewaterSCAN",9.98,"High","2022-09-26","2024-08-17","SARS-CoV-2","2026-08-14 12:48"
"Georgia","Newton","ID:347",32000,"State_Territory",31.52,"Very High","2022-07-27","2024-08-17","SARS-CoV-2","2026-08-14 12:48"
"Georgia","Paulding","ID:348",19000,"State_Territory",17.55,"Very High","2022-11-10","2024-08-17","SARS-CoV-2","2026-08-14 12:48"
"Georgia","Paulding","ID:349",14000,"State_Territory",21.33,"Very High","2022-05-22","2024-08-17","SARS-CoV-2","2026-08-14 12:48"
"Georgia","Richmond","ID:353",200000,"State_Territory",14.85,"Very High","2022-07-25","2024-08-17","SARS-CoV-2","2026-08-14 12:48"
"Georgia","Treutlen","ID:354",3100,"State_Territory",2.49,"Very Low","2023-11-02","2024-08-17","SARS-CoV-2","2026-08-14 12:48"
"Georgia","Cherokee, Fulton","ID:326",12818,"WastewaterSCAN",13.01,"Very High","2022-08-08","2024-08-10","SARS-CoV-2","2026-08-14 12:48"
"Georgia","Clarke","ID:327",60000,"State_Territory",16.68,"Very High","2022-06-26","2024-08-10","SARS-CoV-2","2026-08-14 12:48"
"Georgia","Clayton","ID:328",124000,"State_Territory",16.66,"Very High","2023-05-18","2024-08-10","SARS-CoV-2","2026-08-14 12:48"
"Georgia","Cobb","ID:329",113079,"State_Territory",18.97,"Very High","2022-11-13","2024-08-10","SARS-CoV-2","2026-08-14 12:48"
"Georgia","Cobb","ID:330",304020,"State_Territory",18.76,"Very High","2022-12-25","2024-08-10","SARS-CoV-2","2026-08-14 12:48"
"Georgia","Dougherty","ID:332",66000,"State_Territory",15.95,"Very High","2023-05-17","2024-08-10","SARS-CoV-2","2026-08-14 12:48"
"Georgia","Floyd","ID:334",38111,"State_Territory",10.49,"High","2023-02-20","2024-08-10","SARS-CoV-2","2026-08-14 12:48"
"Georgia","Forsyth","ID:335",44000,"State_Territory",14.38,"Very High","2022-12-25","2024-08-10","SARS-CoV-2","2026-08-14 12:48"
"Georgia","Fulton","ID:336",84486,"WastewaterSCAN",14.28,"Very High","2022-08-07","2024-08-10","SARS-CoV-2","2026-08-14 12:48"
"Georgia","Fulton","ID:337",189593,"WastewaterSCAN",17.04,"Very High","2022-08-07","2024-08-10","SARS-CoV-2","2026-08-14 12:48"
"Georgia","Fulton","ID:338",190000,"WastewaterSCAN",16.92,"Very High","2022-08-07","2024-08-10","SARS-CoV-2","2026-08-14 12:48"
"Georgia","Fulton","ID:339",600000,"WastewaterSCAN",26.36,"Very High","2022-12-11","2024-08-10","SARS-CoV-2","2026-08-14 12:48"
"Georgia","Fulton","ID:340",105160,"WastewaterSCAN",12.61,"Very High","2022-12-11","2024-08-10","SARS-CoV-2","2026-08-14 12:48"
"Georgia","Fulton","ID:341",70887,"WastewaterSCAN",10.41,"High","2022-12-11","2024-08-10","SARS-CoV-2","2026-08-14 12:48"
"Georgia","Gwinnett","ID:342",496000,"State_Territory",28.46,"Very High","2022-05-23","2024-08-10","SARS-CoV-2","2026-08-14 12:48"
"Georgia","Houston","ID:343",86000,"State_Territory",10.29,"High","2024-01-11","2024-08-10","SARS-CoV-2","2026-08-14 12:48"
"Georgia","Laurens","ID:344",18000,"State_Territory",2.37,"Very Low","2022-12-25","2024-08-10","SARS-CoV-2","2026-08-14 12:48"
"Georgia","Chattahoochee, Muscogee","ID:346",278000,"WastewaterSCAN",12.25,"Very High","2022-09-26","2024-08-10","SARS-CoV-2","2026-08-14 12:48"
"Georgia","Newton","ID:347",32000,"State_Territory",22.17,"Very High","2022-07-27","2024-08-10","SARS-CoV-2","2026-08-14 12:48"
"Georgia","Paulding","ID:348",19000,"State_Territory",29.1,"Very High","2022-11-10","2024-08-10","SARS-CoV-2","2026-08-14 12:48"
"Georgia","Paulding","ID:349",14000,"State_Territory",36.56,"Very High","2022-05-22","2024-08-10","SARS-CoV-2","2026-08-14 12:48"
"Georgia","Richmond","ID:353",200000,"State_Territory",10.41,"High","2022-07-25","2024-08-10","SARS-CoV-2","2026-08-14 12:48"
"Georgia","Treutlen","ID:354",3100,"State_Territory",14.24,"Very High","2023-11-02","2024-08-10","SARS-CoV-2","2026-08-14 12:48"
"Georgia","Cherokee, Fulton","ID:326",12818,"WastewaterSCAN",15.95,"Very High","2022-08-08","2024-08-03","SARS-CoV-2","2026-08-14 12:48"
"Georgia","Clarke","ID:327",60000,"State_Territory",15.08,"Very High","2022-06-26","2024-08-03","SARS-CoV-2","2026-08-14 12:48"
"Georgia","Cobb","ID:329",113079,"State_Territory",5.51,"Moderate","2022-11-13","2024-08-03","SARS-CoV-2","2026-08-14 12:48"
"Georgia","Cobb","ID:330",304020,"State_Territory",24.44,"Very High","2022-12-25","2024-08-03","SARS-CoV-2","2026-08-14 12:48"
"Georgia","Dougherty","ID:332",66000,"State_Territory",17.46,"Very High","2023-05-17","2024-08-03","SARS-CoV-2","2026-08-14 12:48"
"Georgia","Douglas","ID:333",37256,"State_Territory",14.84,"Very High","2023-07-17","2024-08-03","SARS-CoV-2","2026-08-14 12:48"
"Georgia","Floyd","ID:334",38111,"State_Territory",18.51,"Very High","2023-02-20","2024-08-03","SARS-CoV-2","2026-08-14 12:48"
"Georgia","Forsyth","ID:335",44000,"State_Territory",13.78,"Very High","2022-12-25","2024-08-03","SARS-CoV-2","2026-08-14 12:48"
"Georgia","Fulton","ID:336",84486,"WastewaterSCAN",19.47,"Very High","2022-08-07","2024-08-03","SARS-CoV-2","2026-08-14 12:48"
"Georgia","Fulton","ID:337",189593,"WastewaterSCAN",17.97,"Very High","2022-08-07","2024-08-03","SARS-CoV-2","2026-08-14 12:48"
"Georgia","Fulton","ID:338",190000,"WastewaterSCAN",17.2,"Very High","2022-08-07","2024-08-03","SARS-CoV-2","2026-08-14 12:48"
"Georgia","Fulton","ID:339",600000,"WastewaterSCAN",25.7,"Very High","2022-12-11","2024-08-03","SARS-CoV-2","2026-08-14 12:48"
"Georgia","Fulton","ID:340",105160,"WastewaterSCAN",10.53,"High","2022-12-11","2024-08-03","SARS-CoV-2","2026-08-14 12:48"
"Georgia","Fulton","ID:341",70887,"WastewaterSCAN",9.79,"High","2022-12-11","2024-08-03","SARS-CoV-2","2026-08-14 12:48"
"Georgia","Gwinnett","ID:342",496000,"State_Territory",20.07,"Very High","2022-05-23","2024-08-03","SARS-CoV-2","2026-08-14 12:48"
"Georgia","Houston","ID:343",86000,"State_Territory",3.02,"Low","2024-01-11","2024-08-03","SARS-CoV-2","2026-08-14 12:48"
"Georgia","Laurens","ID:344",18000,"State_Territory",3.1,"Low","2022-12-25","2024-08-03","SARS-CoV-2","2026-08-14 12:48"
"Georgia","Chattahoochee, Muscogee","ID:346",278000,"WastewaterSCAN",9.29,"High","2022-09-26","2024-08-03","SARS-CoV-2","2026-08-14 12:48"
"Georgia","Newton","ID:347",32000,"State_Territory",12.25,"Very High","2022-07-27","2024-08-03","SARS-CoV-2","2026-08-14 12:48"
"Georgia","Richmond","ID:353",200000,"State_Territory",2.46,"Very Low","2022-07-25","2024-08-03","SARS-CoV-2","2026-08-14 12:48"
"Georgia","Treutlen","ID:354",3100,"State_Territory",18.74,"Very High","2023-11-02","2024-08-03","SARS-CoV-2","2026-08-14 12:48"
"Georgia","Cherokee, Fulton","ID:326",12818,"WastewaterSCAN",7.47,"Moderate","2022-08-08","2024-07-27","SARS-CoV-2","2026-08-14 12:48"
"Georgia","Clarke","ID:327",60000,"State_Territory",8.19,"High","2022-06-26","2024-07-27","SARS-CoV-2","2026-08-14 12:48"
"Georgia","Clayton","ID:328",124000,"State_Territory",12.4,"Very High","2023-05-18","2024-07-27","SARS-CoV-2","2026-08-14 12:48"
"Georgia","Cobb","ID:329",113079,"State_Territory",23.73,"Very High","2022-11-13","2024-07-27","SARS-CoV-2","2026-08-14 12:48"
"Georgia","Cobb","ID:330",304020,"State_Territory",20.34,"Very High","2022-12-25","2024-07-27","SARS-CoV-2","2026-08-14 12:48"
"Georgia","Dougherty","ID:332",66000,"State_Territory",9.78,"High","2023-05-17","2024-07-27","SARS-CoV-2","2026-08-14 12:48"
"Georgia","Douglas","ID:333",37256,"State_Territory",5.94,"Moderate","2023-07-17","2024-07-27","SARS-CoV-2","2026-08-14 12:48"
"Georgia","Floyd","ID:334",38111,"State_Territory",21.29,"Very High","2023-02-20","2024-07-27","SARS-CoV-2","2026-08-14 12:48"
"Georgia","Forsyth","ID:335",44000,"State_Territory",19.8,"Very High","2022-12-25","2024-07-27","SARS-CoV-2","2026-08-14 12:48"
"Georgia","Fulton","ID:336",84486,"WastewaterSCAN",12.35,"Very High","2022-08-07","2024-07-27","SARS-CoV-2","2026-08-14 12:48"
"Georgia","Fulton","ID:337",189593,"WastewaterSCAN",20.96,"Very High","2022-08-07","2024-07-27","SARS-CoV-2","2026-08-14 12:48"
"Georgia","Fulton","ID:338",190000,"WastewaterSCAN",8.6,"High","2022-08-07","2024-07-27","SARS-CoV-2","2026-08-14 12:48"
"Georgia","Fulton","ID:339",600000,"WastewaterSCAN",14.33,"Very High","2022-12-11","2024-07-27","SARS-CoV-2","2026-08-14 12:48"
"Georgia","Fulton","ID:340",105160,"WastewaterSCAN",10.09,"High","2022-12-11","2024-07-27","SARS-CoV-2","2026-08-14 12:48"
"Georgia","Fulton","ID:341",70887,"WastewaterSCAN",11.56,"High","2022-12-11","2024-07-27","SARS-CoV-2","2026-08-14 12:48"
"Georgia","Gwinnett","ID:342",496000,"State_Territory",16.42,"Very High","2022-05-23","2024-07-27","SARS-CoV-2","2026-08-14 12:48"
"Georgia","Houston","ID:343",86000,"State_Territory",6.83,"Moderate","2024-01-11","2024-07-27","SARS-CoV-2","2026-08-14 12:48"
"Georgia","Laurens","ID:344",18000,"State_Territory",1.02,"Very Low","2022-12-25","2024-07-27","SARS-CoV-2","2026-08-14 12:48"
"Georgia","Chattahoochee, Muscogee","ID:346",278000,"WastewaterSCAN",11.75,"Very High","2022-09-26","2024-07-27","SARS-CoV-2","2026-08-14 12:48"
"Georgia","Newton","ID:347",32000,"State_Territory",12,"Very High","2022-07-27","2024-07-27","SARS-CoV-2","2026-08-14 12:48"
"Georgia","Paulding","ID:348",19000,"State_Territory",17.45,"Very High","2022-11-10","2024-07-27","SARS-CoV-2","2026-08-14 12:48"
"Georgia","Paulding","ID:349",14000,"State_Territory",30.5,"Very High","2022-05-22","2024-07-27","SARS-CoV-2","2026-08-14 12:48"
"Georgia","Richmond","ID:353",200000,"State_Territory",8.09,"High","2022-07-25","2024-07-27","SARS-CoV-2","2026-08-14 12:48"
"Georgia","Treutlen","ID:354",3100,"State_Territory",6.11,"Moderate","2023-11-02","2024-07-27","SARS-CoV-2","2026-08-14 12:48"
"Georgia","Cherokee, Fulton","ID:326",12818,"WastewaterSCAN",9.14,"High","2022-08-08","2024-07-20","SARS-CoV-2","2026-08-14 12:48"
"Georgia","Clarke","ID:327",60000,"State_Territory",9.47,"High","2022-06-26","2024-07-20","SARS-CoV-2","2026-08-14 12:48"
"Georgia","Cobb","ID:329",113079,"State_Territory",10.61,"High","2022-11-13","2024-07-20","SARS-CoV-2","2026-08-14 12:48"
"Georgia","Cobb","ID:330",304020,"State_Territory",10.18,"High","2022-12-25","2024-07-20","SARS-CoV-2","2026-08-14 12:48"
"Georgia","Dougherty","ID:332",66000,"State_Territory",7.9,"High","2023-05-17","2024-07-20","SARS-CoV-2","2026-08-14 12:48"
"Georgia","Douglas","ID:333",37256,"State_Territory",9.02,"High","2023-07-17","2024-07-20","SARS-CoV-2","2026-08-14 12:48"
"Georgia","Floyd","ID:334",38111,"State_Territory",17.74,"Very High","2023-02-20","2024-07-20","SARS-CoV-2","2026-08-14 12:48"
"Georgia","Forsyth","ID:335",44000,"State_Territory",7.95,"High","2022-12-25","2024-07-20","SARS-CoV-2","2026-08-14 12:48"
"Georgia","Fulton","ID:336",84486,"WastewaterSCAN",10.76,"High","2022-08-07","2024-07-20","SARS-CoV-2","2026-08-14 12:48"
"Georgia","Fulton","ID:337",189593,"WastewaterSCAN",16.89,"Very High","2022-08-07","2024-07-20","SARS-CoV-2","2026-08-14 12:48"
"Georgia","Fulton","ID:338",190000,"WastewaterSCAN",15.65,"Very High","2022-08-07","2024-07-20","SARS-CoV-2","2026-08-14 12:48"
"Georgia","Fulton","ID:339",600000,"WastewaterSCAN",5.94,"Moderate","2022-12-11","2024-07-20","SARS-CoV-2","2026-08-14 12:48"
"Georgia","Fulton","ID:340",105160,"WastewaterSCAN",13.69,"Very High","2022-12-11","2024-07-20","SARS-CoV-2","2026-08-14 12:48"
"Georgia","Fulton","ID:341",70887,"WastewaterSCAN",4.17,"Low","2022-12-11","2024-07-20","SARS-CoV-2","2026-08-14 12:48"
"Georgia","Gwinnett","ID:342",496000,"State_Territory",20.17,"Very High","2022-05-23","2024-07-20","SARS-CoV-2","2026-08-14 12:48"
"Georgia","Houston","ID:343",86000,"State_Territory",5.71,"Moderate","2024-01-11","2024-07-20","SARS-CoV-2","2026-08-14 12:48"
"Georgia","Laurens","ID:344",18000,"State_Territory",6.88,"Moderate","2022-12-25","2024-07-20","SARS-CoV-2","2026-08-14 12:48"
"Georgia","Newton","ID:347",32000,"State_Territory",16.96,"Very High","2022-07-27","2024-07-20","SARS-CoV-2","2026-08-14 12:48"
"Georgia","Paulding","ID:348",19000,"State_Territory",4.21,"Low","2022-11-10","2024-07-20","SARS-CoV-2","2026-08-14 12:48"
"Georgia","Paulding","ID:349",14000,"State_Territory",9.97,"High","2022-05-22","2024-07-20","SARS-CoV-2","2026-08-14 12:48"
"Georgia","Richmond","ID:353",200000,"State_Territory",6.57,"Moderate","2022-07-25","2024-07-20","SARS-CoV-2","2026-08-14 12:48"
"Georgia","Treutlen","ID:354",3100,"State_Territory",5.8,"Moderate","2023-11-02","2024-07-20","SARS-CoV-2","2026-08-14 12:48"
"Georgia","Bulloch","ID:325",35000,"State_Territory",1.2,"Very Low","2023-06-23","2024-07-13","SARS-CoV-2","2026-08-14 12:48"
"Georgia","Cherokee, Fulton","ID:326",12818,"WastewaterSCAN",16.5,"Very High","2022-08-08","2024-07-13","SARS-CoV-2","2026-08-14 12:48"
"Georgia","Clarke","ID:327",60000,"State_Territory",5.24,"Moderate","2022-06-26","2024-07-13","SARS-CoV-2","2026-08-14 12:48"
"Georgia","Clayton","ID:328",124000,"State_Territory",6.53,"Moderate","2023-05-18","2024-07-13","SARS-CoV-2","2026-08-14 12:48"
"Georgia","Cobb","ID:329",113079,"State_Territory",27.49,"Very High","2022-11-13","2024-07-13","SARS-CoV-2","2026-08-14 12:48"
"Georgia","Cobb","ID:330",304020,"State_Territory",7.22,"Moderate","2022-12-25","2024-07-13","SARS-CoV-2","2026-08-14 12:48"
"Georgia","Dougherty","ID:332",66000,"State_Territory",12.54,"Very High","2023-05-17","2024-07-13","SARS-CoV-2","2026-08-14 12:48"
"Georgia","Douglas","ID:333",37256,"State_Territory",4.48,"Low","2023-07-17","2024-07-13","SARS-CoV-2","2026-08-14 12:48"
"Georgia","Floyd","ID:334",38111,"State_Territory",16.14,"Very High","2023-02-20","2024-07-13","SARS-CoV-2","2026-08-14 12:48"
"Georgia","Fulton","ID:336",84486,"WastewaterSCAN",8.55,"High","2022-08-07","2024-07-13","SARS-CoV-2","2026-08-14 12:48"
"Georgia","Fulton","ID:337",189593,"WastewaterSCAN",17.27,"Very High","2022-08-07","2024-07-13","SARS-CoV-2","2026-08-14 12:48"
"Georgia","Fulton","ID:338",190000,"WastewaterSCAN",9.97,"High","2022-08-07","2024-07-13","SARS-CoV-2","2026-08-14 12:48"
"Georgia","Fulton","ID:339",600000,"WastewaterSCAN",10.24,"High","2022-12-11","2024-07-13","SARS-CoV-2","2026-08-14 12:48"
"Georgia","Fulton","ID:340",105160,"WastewaterSCAN",8.61,"High","2022-12-11","2024-07-13","SARS-CoV-2","2026-08-14 12:48"
"Georgia","Fulton","ID:341",70887,"WastewaterSCAN",4.45,"Low","2022-12-11","2024-07-13","SARS-CoV-2","2026-08-14 12:48"
"Georgia","Gwinnett","ID:342",496000,"State_Territory",17.28,"Very High","2022-05-23","2024-07-13","SARS-CoV-2","2026-08-14 12:48"
"Georgia","Houston","ID:343",86000,"State_Territory",6.32,"Moderate","2024-01-11","2024-07-13","SARS-CoV-2","2026-08-14 12:48"
"Georgia","Laurens","ID:344",18000,"State_Territory",1.64,"Very Low","2022-12-25","2024-07-13","SARS-CoV-2","2026-08-14 12:48"
"Georgia","Chattahoochee, Muscogee","ID:346",278000,"WastewaterSCAN",6.72,"Moderate","2022-09-26","2024-07-13","SARS-CoV-2","2026-08-14 12:48"
"Georgia","Newton","ID:347",32000,"State_Territory",16.08,"Very High","2022-07-27","2024-07-13","SARS-CoV-2","2026-08-14 12:48"
"Georgia","Paulding","ID:348",19000,"State_Territory",9.22,"High","2022-11-10","2024-07-13","SARS-CoV-2","2026-08-14 12:48"
"Georgia","Richmond","ID:353",200000,"State_Territory",6.92,"Moderate","2022-07-25","2024-07-13","SARS-CoV-2","2026-08-14 12:48"
"Georgia","Treutlen","ID:354",3100,"State_Territory",6.42,"Moderate","2023-11-02","2024-07-13","SARS-CoV-2","2026-08-14 12:48"
"Georgia","Bulloch","ID:325",35000,"State_Territory",2.14,"Very Low","2023-06-23","2024-07-06","SARS-CoV-2","2026-08-14 12:48"
"Georgia","Cherokee, Fulton","ID:326",12818,"WastewaterSCAN",5.81,"Moderate","2022-08-08","2024-07-06","SARS-CoV-2","2026-08-14 12:48"
"Georgia","Cobb","ID:329",113079,"State_Territory",4.83,"Low","2022-11-13","2024-07-06","SARS-CoV-2","2026-08-14 12:48"
"Georgia","Dougherty","ID:332",66000,"State_Territory",4.05,"Low","2023-05-17","2024-07-06","SARS-CoV-2","2026-08-14 12:48"
"Georgia","Douglas","ID:333",37256,"State_Territory",3.89,"Low","2023-07-17","2024-07-06","SARS-CoV-2","2026-08-14 12:48"
"Georgia","Floyd","ID:334",38111,"State_Territory",11.23,"High","2023-02-20","2024-07-06","SARS-CoV-2","2026-08-14 12:48"
"Georgia","Forsyth","ID:335",44000,"State_Territory",10.6,"High","2022-12-25","2024-07-06","SARS-CoV-2","2026-08-14 12:48"
"Georgia","Fulton","ID:336",84486,"WastewaterSCAN",7.54,"Moderate","2022-08-07","2024-07-06","SARS-CoV-2","2026-08-14 12:48"
"Georgia","Fulton","ID:337",189593,"WastewaterSCAN",22.58,"Very High","2022-08-07","2024-07-06","SARS-CoV-2","2026-08-14 12:48"
"Georgia","Fulton","ID:338",190000,"WastewaterSCAN",8.77,"High","2022-08-07","2024-07-06","SARS-CoV-2","2026-08-14 12:48"
"Georgia","Fulton","ID:339",600000,"WastewaterSCAN",15.76,"Very High","2022-12-11","2024-07-06","SARS-CoV-2","2026-08-14 12:48"
"Georgia","Fulton","ID:340",105160,"WastewaterSCAN",8.31,"High","2022-12-11","2024-07-06","SARS-CoV-2","2026-08-14 12:48"
"Georgia","Fulton","ID:341",70887,"WastewaterSCAN",6.38,"Moderate","2022-12-11","2024-07-06","SARS-CoV-2","2026-08-14 12:48"
"Georgia","Gwinnett","ID:342",496000,"State_Territory",6.78,"Moderate","2022-05-23","2024-07-06","SARS-CoV-2","2026-08-14 12:48"
"Georgia","Houston","ID:343",86000,"State_Territory",4.91,"Moderate","2024-01-11","2024-07-06","SARS-CoV-2","2026-08-14 12:48"
"Georgia","Laurens","ID:344",18000,"State_Territory",2.93,"Low","2022-12-25","2024-07-06","SARS-CoV-2","2026-08-14 12:48"
"Georgia","Newton","ID:347",32000,"State_Territory",11.67,"Very High","2022-07-27","2024-07-06","SARS-CoV-2","2026-08-14 12:48"
"Georgia","Paulding","ID:348",19000,"State_Territory",16.2,"Very High","2022-11-10","2024-07-06","SARS-CoV-2","2026-08-14 12:48"
"Georgia","Richmond","ID:353",200000,"State_Territory",8.13,"High","2022-07-25","2024-07-06","SARS-CoV-2","2026-08-14 12:48"
"Georgia","Treutlen","ID:354",3100,"State_Territory",0.96,"Very Low","2023-11-02","2024-07-06","SARS-CoV-2","2026-08-14 12:48"
"Georgia","Cherokee, Fulton","ID:326",12818,"WastewaterSCAN",9.15,"High","2022-08-08","2024-06-29","SARS-CoV-2","2026-08-14 12:48"
"Georgia","Clayton","ID:328",124000,"State_Territory",6.8,"Moderate","2023-05-18","2024-06-29","SARS-CoV-2","2026-08-14 12:48"
"Georgia","Cobb","ID:329",113079,"State_Territory",6.22,"Moderate","2022-11-13","2024-06-29","SARS-CoV-2","2026-08-14 12:48"
"Georgia","Cobb","ID:330",304020,"State_Territory",6.46,"Moderate","2022-12-25","2024-06-29","SARS-CoV-2","2026-08-14 12:48"
"Georgia","Dougherty","ID:332",66000,"State_Territory",5.03,"Moderate","2023-05-17","2024-06-29","SARS-CoV-2","2026-08-14 12:48"
"Georgia","Douglas","ID:333",37256,"State_Territory",10.01,"High","2023-07-17","2024-06-29","SARS-CoV-2","2026-08-14 12:48"
"Georgia","Floyd","ID:334",38111,"State_Territory",9.85,"High","2023-02-20","2024-06-29","SARS-CoV-2","2026-08-14 12:48"
"Georgia","Fulton","ID:336",84486,"WastewaterSCAN",4.84,"Low","2022-08-07","2024-06-29","SARS-CoV-2","2026-08-14 12:48"
"Georgia","Fulton","ID:337",189593,"WastewaterSCAN",16.77,"Very High","2022-08-07","2024-06-29","SARS-CoV-2","2026-08-14 12:48"
"Georgia","Fulton","ID:338",190000,"WastewaterSCAN",7.1,"Moderate","2022-08-07","2024-06-29","SARS-CoV-2","2026-08-14 12:48"
"Georgia","Fulton","ID:339",600000,"WastewaterSCAN",7.52,"Moderate","2022-12-11","2024-06-29","SARS-CoV-2","2026-08-14 12:48"
"Georgia","Fulton","ID:340",105160,"WastewaterSCAN",18.17,"Very High","2022-12-11","2024-06-29","SARS-CoV-2","2026-08-14 12:48"
"Georgia","Fulton","ID:341",70887,"WastewaterSCAN",4.21,"Low","2022-12-11","2024-06-29","SARS-CoV-2","2026-08-14 12:48"
"Georgia","Gwinnett","ID:342",496000,"State_Territory",8.6,"High","2022-05-23","2024-06-29","SARS-CoV-2","2026-08-14 12:48"
"Georgia","Houston","ID:343",86000,"State_Territory",1.75,"Very Low","2024-01-11","2024-06-29","SARS-CoV-2","2026-08-14 12:48"
"Georgia","Laurens","ID:344",18000,"State_Territory",5.64,"Moderate","2022-12-25","2024-06-29","SARS-CoV-2","2026-08-14 12:48"
"Georgia","Newton","ID:347",32000,"State_Territory",11.66,"Very High","2022-07-27","2024-06-29","SARS-CoV-2","2026-08-14 12:48"
"Georgia","Paulding","ID:348",19000,"State_Territory",25.05,"Very High","2022-11-10","2024-06-29","SARS-CoV-2","2026-08-14 12:48"
"Georgia","Paulding","ID:349",14000,"State_Territory",9.42,"High","2022-05-22","2024-06-29","SARS-CoV-2","2026-08-14 12:48"
"Georgia","Richmond","ID:353",200000,"State_Territory",4.07,"Low","2022-07-25","2024-06-29","SARS-CoV-2","2026-08-14 12:48"
"Georgia","Treutlen","ID:354",3100,"State_Territory",1.06,"Very Low","2023-11-02","2024-06-29","SARS-CoV-2","2026-08-14 12:48"
"Georgia","Cherokee, Fulton","ID:326",12818,"WastewaterSCAN",5.23,"Moderate","2022-08-08","2024-06-22","SARS-CoV-2","2026-08-14 12:48"
"Georgia","Cobb","ID:329",113079,"State_Territory",7.87,"Moderate","2022-11-13","2024-06-22","SARS-CoV-2","2026-08-14 12:48"
"Georgia","Cobb","ID:330",304020,"State_Territory",9.83,"High","2022-12-25","2024-06-22","SARS-CoV-2","2026-08-14 12:48"
"Georgia","Dougherty","ID:332",66000,"State_Territory",4.33,"Low","2023-05-17","2024-06-22","SARS-CoV-2","2026-08-14 12:48"
"Georgia","Douglas","ID:333",37256,"State_Territory",4.51,"Low","2023-07-17","2024-06-22","SARS-CoV-2","2026-08-14 12:48"
"Georgia","Floyd","ID:334",38111,"State_Territory",7.04,"Moderate","2023-02-20","2024-06-22","SARS-CoV-2","2026-08-14 12:48"
"Georgia","Forsyth","ID:335",44000,"State_Territory",29.32,"Very High","2022-12-25","2024-06-22","SARS-CoV-2","2026-08-14 12:48"
"Georgia","Fulton","ID:336",84486,"WastewaterSCAN",8.24,"High","2022-08-07","2024-06-22","SARS-CoV-2","2026-08-14 12:48"
"Georgia","Fulton","ID:337",189593,"WastewaterSCAN",5.42,"Moderate","2022-08-07","2024-06-22","SARS-CoV-2","2026-08-14 12:48"
"Georgia","Fulton","ID:339",600000,"WastewaterSCAN",5.23,"Moderate","2022-12-11","2024-06-22","SARS-CoV-2","2026-08-14 12:48"
"Georgia","Fulton","ID:340",105160,"WastewaterSCAN",7.71,"Moderate","2022-12-11","2024-06-22","SARS-CoV-2","2026-08-14 12:48"
"Georgia","Fulton","ID:341",70887,"WastewaterSCAN",3.71,"Low","2022-12-11","2024-06-22","SARS-CoV-2","2026-08-14 12:48"
"Georgia","Gwinnett","ID:342",496000,"State_Territory",7.57,"Moderate","2022-05-23","2024-06-22","SARS-CoV-2","2026-08-14 12:48"
"Georgia","Houston","ID:343",86000,"State_Territory",3.63,"Low","2024-01-11","2024-06-22","SARS-CoV-2","2026-08-14 12:48"
"Georgia","Laurens","ID:344",18000,"State_Territory",4.74,"Low","2022-12-25","2024-06-22","SARS-CoV-2","2026-08-14 12:48"
"Georgia","Newton","ID:347",32000,"State_Territory",5.39,"Moderate","2022-07-27","2024-06-22","SARS-CoV-2","2026-08-14 12:48"
"Georgia","Paulding","ID:348",19000,"State_Territory",4.87,"Low","2022-11-10","2024-06-22","SARS-CoV-2","2026-08-14 12:48"
"Georgia","Paulding","ID:349",14000,"State_Territory",32.4,"Very High","2022-05-22","2024-06-22","SARS-CoV-2","2026-08-14 12:48"
"Georgia","Richmond","ID:353",200000,"State_Territory",4.99,"Moderate","2022-07-25","2024-06-22","SARS-CoV-2","2026-08-14 12:48"
"Georgia","Treutlen","ID:354",3100,"State_Territory",0.29,"Very Low","2023-11-02","2024-06-22","SARS-CoV-2","2026-08-14 12:48"
"Georgia","Cherokee, Fulton","ID:326",12818,"WastewaterSCAN",3.33,"Low","2022-08-08","2024-06-15","SARS-CoV-2","2026-08-14 12:48"
"Georgia","Clayton","ID:328",124000,"State_Territory",3.8,"Low","2023-05-18","2024-06-15","SARS-CoV-2","2026-08-14 12:48"
"Georgia","Cobb","ID:329",113079,"State_Territory",5.02,"Moderate","2022-11-13","2024-06-15","SARS-CoV-2","2026-08-14 12:48"
"Georgia","Dougherty","ID:332",66000,"State_Territory",1.51,"Very Low","2023-05-17","2024-06-15","SARS-CoV-2","2026-08-14 12:48"
"Georgia","Douglas","ID:333",37256,"State_Territory",4.76,"Low","2023-07-17","2024-06-15","SARS-CoV-2","2026-08-14 12:48"
"Georgia","Floyd","ID:334",38111,"State_Territory",8.32,"High","2023-02-20","2024-06-15","SARS-CoV-2","2026-08-14 12:48"
"Georgia","Forsyth","ID:335",44000,"State_Territory",5.04,"Moderate","2022-12-25","2024-06-15","SARS-CoV-2","2026-08-14 12:48"
"Georgia","Fulton","ID:336",84486,"WastewaterSCAN",7.35,"Moderate","2022-08-07","2024-06-15","SARS-CoV-2","2026-08-14 12:48"
"Georgia","Fulton","ID:337",189593,"WastewaterSCAN",5.28,"Moderate","2022-08-07","2024-06-15","SARS-CoV-2","2026-08-14 12:48"
"Georgia","Fulton","ID:339",600000,"WastewaterSCAN",2.72,"Low","2022-12-11","2024-06-15","SARS-CoV-2","2026-08-14 12:48"
"Georgia","Fulton","ID:340",105160,"WastewaterSCAN",4.9,"Low","2022-12-11","2024-06-15","SARS-CoV-2","2026-08-14 12:48"
"Georgia","Fulton","ID:341",70887,"WastewaterSCAN",2.53,"Very Low","2022-12-11","2024-06-15","SARS-CoV-2","2026-08-14 12:48"
"Georgia","Gwinnett","ID:342",496000,"State_Territory",6.97,"Moderate","2022-05-23","2024-06-15","SARS-CoV-2","2026-08-14 12:48"
"Georgia","Houston","ID:343",86000,"State_Territory",1,"Very Low","2024-01-11","2024-06-15","SARS-CoV-2","2026-08-14 12:48"
"Georgia","Laurens","ID:344",18000,"State_Territory",3.38,"Low","2022-12-25","2024-06-15","SARS-CoV-2","2026-08-14 12:48"
"Georgia","Chattahoochee, Muscogee","ID:346",278000,"WastewaterSCAN",9.38,"High","2022-09-26","2024-06-15","SARS-CoV-2","2026-08-14 12:48"
"Georgia","Newton","ID:347",32000,"State_Territory",8.32,"High","2022-07-27","2024-06-15","SARS-CoV-2","2026-08-14 12:48"
"Georgia","Richmond","ID:353",200000,"State_Territory",3.64,"Low","2022-07-25","2024-06-15","SARS-CoV-2","2026-08-14 12:48"
"Georgia","Treutlen","ID:354",3100,"State_Territory",1.46,"Very Low","2023-11-02","2024-06-15","SARS-CoV-2","2026-08-14 12:48"
"Georgia","Bulloch","ID:325",35000,"State_Territory",1.17,"Very Low","2023-06-23","2024-06-08","SARS-CoV-2","2026-08-14 12:48"
"Georgia","Cherokee, Fulton","ID:326",12818,"WastewaterSCAN",6.59,"Moderate","2022-08-08","2024-06-08","SARS-CoV-2","2026-08-14 12:48"
"Georgia","Cobb","ID:329",113079,"State_Territory",5.94,"Moderate","2022-11-13","2024-06-08","SARS-CoV-2","2026-08-14 12:48"
"Georgia","Cobb","ID:330",304020,"State_Territory",4.76,"Low","2022-12-25","2024-06-08","SARS-CoV-2","2026-08-14 12:48"
"Georgia","Dougherty","ID:332",66000,"State_Territory",2.32,"Very Low","2023-05-17","2024-06-08","SARS-CoV-2","2026-08-14 12:48"
"Georgia","Douglas","ID:333",37256,"State_Territory",4.95,"Moderate","2023-07-17","2024-06-08","SARS-CoV-2","2026-08-14 12:48"
"Georgia","Floyd","ID:334",38111,"State_Territory",5.34,"Moderate","2023-02-20","2024-06-08","SARS-CoV-2","2026-08-14 12:48"
"Georgia","Forsyth","ID:335",44000,"State_Territory",9.44,"High","2022-12-25","2024-06-08","SARS-CoV-2","2026-08-14 12:48"
"Georgia","Fulton","ID:336",84486,"WastewaterSCAN",3.67,"Low","2022-08-07","2024-06-08","SARS-CoV-2","2026-08-14 12:48"
"Georgia","Fulton","ID:337",189593,"WastewaterSCAN",8.21,"High","2022-08-07","2024-06-08","SARS-CoV-2","2026-08-14 12:48"
"Georgia","Fulton","ID:339",600000,"WastewaterSCAN",7.85,"Moderate","2022-12-11","2024-06-08","SARS-CoV-2","2026-08-14 12:48"
"Georgia","Fulton","ID:340",105160,"WastewaterSCAN",5.81,"Moderate","2022-12-11","2024-06-08","SARS-CoV-2","2026-08-14 12:48"
"Georgia","Fulton","ID:341",70887,"WastewaterSCAN",5.35,"Moderate","2022-12-11","2024-06-08","SARS-CoV-2","2026-08-14 12:48"
"Georgia","Gwinnett","ID:342",496000,"State_Territory",9.42,"High","2022-05-23","2024-06-08","SARS-CoV-2","2026-08-14 12:48"
"Georgia","Houston","ID:343",86000,"State_Territory",2.06,"Very Low","2024-01-11","2024-06-08","SARS-CoV-2","2026-08-14 12:48"
"Georgia","Laurens","ID:344",18000,"State_Territory",1.05,"Very Low","2022-12-25","2024-06-08","SARS-CoV-2","2026-08-14 12:48"
"Georgia","Chattahoochee, Muscogee","ID:346",278000,"WastewaterSCAN",2.8,"Low","2022-09-26","2024-06-08","SARS-CoV-2","2026-08-14 12:48"
"Georgia","Newton","ID:347",32000,"State_Territory",6.11,"Moderate","2022-07-27","2024-06-08","SARS-CoV-2","2026-08-14 12:48"
"Georgia","Paulding","ID:348",19000,"State_Territory",4.21,"Low","2022-11-10","2024-06-08","SARS-CoV-2","2026-08-14 12:48"
"Georgia","Richmond","ID:353",200000,"State_Territory",4.14,"Low","2022-07-25","2024-06-08","SARS-CoV-2","2026-08-14 12:48"
"Georgia","Treutlen","ID:354",3100,"State_Territory",0.29,"Very Low","2023-11-02","2024-06-08","SARS-CoV-2","2026-08-14 12:48"
"Georgia","Bulloch","ID:325",35000,"State_Territory",0.75,"Very Low","2023-06-23","2024-06-01","SARS-CoV-2","2026-08-14 12:48"
"Georgia","Cherokee, Fulton","ID:326",12818,"WastewaterSCAN",2.91,"Low","2022-08-08","2024-06-01","SARS-CoV-2","2026-08-14 12:48"
"Georgia","Clarke","ID:327",60000,"State_Territory",2.43,"Very Low","2022-06-26","2024-06-01","SARS-CoV-2","2026-08-14 12:48"
"Georgia","Clayton","ID:328",124000,"State_Territory",3.96,"Low","2023-05-18","2024-06-01","SARS-CoV-2","2026-08-14 12:48"
"Georgia","Cobb","ID:329",113079,"State_Territory",6.34,"Moderate","2022-11-13","2024-06-01","SARS-CoV-2","2026-08-14 12:48"
"Georgia","Cobb","ID:330",304020,"State_Territory",2.53,"Very Low","2022-12-25","2024-06-01","SARS-CoV-2","2026-08-14 12:48"
"Georgia","Dougherty","ID:332",66000,"State_Territory",0.52,"Very Low","2023-05-17","2024-06-01","SARS-CoV-2","2026-08-14 12:48"
"Georgia","Douglas","ID:333",37256,"State_Territory",1.12,"Very Low","2023-07-17","2024-06-01","SARS-CoV-2","2026-08-14 12:48"
"Georgia","Floyd","ID:334",38111,"State_Territory",4.47,"Low","2023-02-20","2024-06-01","SARS-CoV-2","2026-08-14 12:48"
"Georgia","Fulton","ID:336",84486,"WastewaterSCAN",4.09,"Low","2022-08-07","2024-06-01","SARS-CoV-2","2026-08-14 12:48"
"Georgia","Fulton","ID:337",189593,"WastewaterSCAN",5.92,"Moderate","2022-08-07","2024-06-01","SARS-CoV-2","2026-08-14 12:48"
"Georgia","Gwinnett","ID:342",496000,"State_Territory",9.17,"High","2022-05-23","2024-06-01","SARS-CoV-2","2026-08-14 12:48"
"Georgia","Chattahoochee, Muscogee","ID:346",278000,"WastewaterSCAN",2.48,"Very Low","2022-09-26","2024-06-01","SARS-CoV-2","2026-08-14 12:48"
"Georgia","Newton","ID:347",32000,"State_Territory",8,"High","2022-07-27","2024-06-01","SARS-CoV-2","2026-08-14 12:48"
"Georgia","Paulding","ID:348",19000,"State_Territory",10.11,"High","2022-11-10","2024-06-01","SARS-CoV-2","2026-08-14 12:48"
"Georgia","Richmond","ID:353",200000,"State_Territory",3.73,"Low","2022-07-25","2024-06-01","SARS-CoV-2","2026-08-14 12:48"
"Georgia","Treutlen","ID:354",3100,"State_Territory",0.86,"Very Low","2023-11-02","2024-06-01","SARS-CoV-2","2026-08-14 12:48"
"Georgia","Cherokee, Fulton","ID:326",12818,"WastewaterSCAN",3.55,"Low","2022-08-08","2024-05-25","SARS-CoV-2","2026-08-14 12:48"
"Georgia","Clarke","ID:327",60000,"State_Territory",3.71,"Low","2022-06-26","2024-05-25","SARS-CoV-2","2026-08-14 12:48"
"Georgia","Cobb","ID:329",113079,"State_Territory",4.52,"Low","2022-11-13","2024-05-25","SARS-CoV-2","2026-08-14 12:48"
"Georgia","Cobb","ID:330",304020,"State_Territory",9.63,"High","2022-12-25","2024-05-25","SARS-CoV-2","2026-08-14 12:48"
"Georgia","Dougherty","ID:332",66000,"State_Territory",0.78,"Very Low","2023-05-17","2024-05-25","SARS-CoV-2","2026-08-14 12:48"
"Georgia","Douglas","ID:333",37256,"State_Territory",1.35,"Very Low","2023-07-17","2024-05-25","SARS-CoV-2","2026-08-14 12:48"
"Georgia","Floyd","ID:334",38111,"State_Territory",4.44,"Low","2023-02-20","2024-05-25","SARS-CoV-2","2026-08-14 12:48"
"Georgia","Forsyth","ID:335",44000,"State_Territory",8.67,"High","2022-12-25","2024-05-25","SARS-CoV-2","2026-08-14 12:48"
"Georgia","Fulton","ID:336",84486,"WastewaterSCAN",2.13,"Very Low","2022-08-07","2024-05-25","SARS-CoV-2","2026-08-14 12:48"
"Georgia","Fulton","ID:337",189593,"WastewaterSCAN",2.95,"Low","2022-08-07","2024-05-25","SARS-CoV-2","2026-08-14 12:48"
"Georgia","Gwinnett","ID:342",496000,"State_Territory",7.2,"Moderate","2022-05-23","2024-05-25","SARS-CoV-2","2026-08-14 12:48"
"Georgia","Houston","ID:343",86000,"State_Territory",1.42,"Very Low","2024-01-11","2024-05-25","SARS-CoV-2","2026-08-14 12:48"
"Georgia","Laurens","ID:344",18000,"State_Territory",0.51,"Very Low","2022-12-25","2024-05-25","SARS-CoV-2","2026-08-14 12:48"
"Georgia","Chattahoochee, Muscogee","ID:346",278000,"WastewaterSCAN",1.23,"Very Low","2022-09-26","2024-05-25","SARS-CoV-2","2026-08-14 12:48"
"Georgia","Newton","ID:347",32000,"State_Territory",9.61,"High","2022-07-27","2024-05-25","SARS-CoV-2","2026-08-14 12:48"
"Georgia","Paulding","ID:348",19000,"State_Territory",1.07,"Very Low","2022-11-10","2024-05-25","SARS-CoV-2","2026-08-14 12:48"
"Georgia","Paulding","ID:349",14000,"State_Territory",2.35,"Very Low","2022-05-22","2024-05-25","SARS-CoV-2","2026-08-14 12:48"
"Georgia","Richmond","ID:353",200000,"State_Territory",2.96,"Low","2022-07-25","2024-05-25","SARS-CoV-2","2026-08-14 12:48"
"Georgia","Treutlen","ID:354",3100,"State_Territory",0.99,"Very Low","2023-11-02","2024-05-25","SARS-CoV-2","2026-08-14 12:48"
"Georgia","Bulloch","ID:325",35000,"State_Territory",2.05,"Very Low","2023-06-23","2024-05-18","SARS-CoV-2","2026-08-14 12:48"
"Georgia","Cherokee, Fulton","ID:326",12818,"WastewaterSCAN",1.4,"Very Low","2022-08-08","2024-05-18","SARS-CoV-2","2026-08-14 12:48"
"Georgia","Clarke","ID:327",60000,"State_Territory",2.5,"Very Low","2022-06-26","2024-05-18","SARS-CoV-2","2026-08-14 12:48"
"Georgia","Clayton","ID:328",124000,"State_Territory",2.43,"Very Low","2023-05-18","2024-05-18","SARS-CoV-2","2026-08-14 12:48"
"Georgia","Cobb","ID:329",113079,"State_Territory",2.75,"Low","2022-11-13","2024-05-18","SARS-CoV-2","2026-08-14 12:48"
"Georgia","Dougherty","ID:332",66000,"State_Territory",0.45,"Very Low","2023-05-17","2024-05-18","SARS-CoV-2","2026-08-14 12:48"
"Georgia","Douglas","ID:333",37256,"State_Territory",0.79,"Very Low","2023-07-17","2024-05-18","SARS-CoV-2","2026-08-14 12:48"
"Georgia","Floyd","ID:334",38111,"State_Territory",5.92,"Moderate","2023-02-20","2024-05-18","SARS-CoV-2","2026-08-14 12:48"
"Georgia","Forsyth","ID:335",44000,"State_Territory",8.4,"High","2022-12-25","2024-05-18","SARS-CoV-2","2026-08-14 12:48"
"Georgia","Fulton","ID:336",84486,"WastewaterSCAN",4.01,"Low","2022-08-07","2024-05-18","SARS-CoV-2","2026-08-14 12:48"
"Georgia","Fulton","ID:337",189593,"WastewaterSCAN",3.3,"Low","2022-08-07","2024-05-18","SARS-CoV-2","2026-08-14 12:48"
"Georgia","Gwinnett","ID:342",496000,"State_Territory",5.25,"Moderate","2022-05-23","2024-05-18","SARS-CoV-2","2026-08-14 12:48"
"Georgia","Houston","ID:343",86000,"State_Territory",1.01,"Very Low","2024-01-11","2024-05-18","SARS-CoV-2","2026-08-14 12:48"
"Georgia","Laurens","ID:344",18000,"State_Territory",1.51,"Very Low","2022-12-25","2024-05-18","SARS-CoV-2","2026-08-14 12:48"
"Georgia","Chattahoochee, Muscogee","ID:346",278000,"WastewaterSCAN",1.18,"Very Low","2022-09-26","2024-05-18","SARS-CoV-2","2026-08-14 12:48"
"Georgia","Newton","ID:347",32000,"State_Territory",3.17,"Low","2022-07-27","2024-05-18","SARS-CoV-2","2026-08-14 12:48"
"Georgia","Paulding","ID:348",19000,"State_Territory",3.65,"Low","2022-11-10","2024-05-18","SARS-CoV-2","2026-08-14 12:48"
"Georgia","Paulding","ID:349",14000,"State_Territory",2.16,"Very Low","2022-05-22","2024-05-18","SARS-CoV-2","2026-08-14 12:48"
"Georgia","Richmond","ID:353",200000,"State_Territory",2.68,"Low","2022-07-25","2024-05-18","SARS-CoV-2","2026-08-14 12:48"
"Georgia","Treutlen","ID:354",3100,"State_Territory",0.29,"Very Low","2023-11-02","2024-05-18","SARS-CoV-2","2026-08-14 12:48"
"Georgia","Bulloch","ID:325",35000,"State_Territory",1.46,"Very Low","2023-06-23","2024-05-11","SARS-CoV-2","2026-08-14 12:48"
"Georgia","Cherokee, Fulton","ID:326",12818,"WastewaterSCAN",4.4,"Low","2022-08-08","2024-05-11","SARS-CoV-2","2026-08-14 12:48"
"Georgia","Clarke","ID:327",60000,"State_Territory",2.8,"Low","2022-06-26","2024-05-11","SARS-CoV-2","2026-08-14 12:48"
"Georgia","Cobb","ID:329",113079,"State_Territory",1.34,"Very Low","2022-11-13","2024-05-11","SARS-CoV-2","2026-08-14 12:48"
"Georgia","Cobb","ID:330",304020,"State_Territory",8.93,"High","2022-12-25","2024-05-11","SARS-CoV-2","2026-08-14 12:48"
"Georgia","Dougherty","ID:332",66000,"State_Territory",0.91,"Very Low","2023-05-17","2024-05-11","SARS-CoV-2","2026-08-14 12:48"
"Georgia","Douglas","ID:333",37256,"State_Territory",1.88,"Very Low","2023-07-17","2024-05-11","SARS-CoV-2","2026-08-14 12:48"
"Georgia","Floyd","ID:334",38111,"State_Territory",8.31,"High","2023-02-20","2024-05-11","SARS-CoV-2","2026-08-14 12:48"
"Georgia","Forsyth","ID:335",44000,"State_Territory",2.52,"Very Low","2022-12-25","2024-05-11","SARS-CoV-2","2026-08-14 12:48"
"Georgia","Fulton","ID:336",84486,"WastewaterSCAN",1.81,"Very Low","2022-08-07","2024-05-11","SARS-CoV-2","2026-08-14 12:48"
"Georgia","Fulton","ID:337",189593,"WastewaterSCAN",2.38,"Very Low","2022-08-07","2024-05-11","SARS-CoV-2","2026-08-14 12:48"
"Georgia","Fulton","ID:338",190000,"WastewaterSCAN",1.75,"Very Low","2022-08-07","2024-05-11","SARS-CoV-2","2026-08-14 12:48"
"Georgia","Gwinnett","ID:342",496000,"State_Territory",9.53,"High","2022-05-23","2024-05-11","SARS-CoV-2","2026-08-14 12:48"
"Georgia","Houston","ID:343",86000,"State_Territory",0.83,"Very Low","2024-01-11","2024-05-11","SARS-CoV-2","2026-08-14 12:48"
"Georgia","Laurens","ID:344",18000,"State_Territory",0.85,"Very Low","2022-12-25","2024-05-11","SARS-CoV-2","2026-08-14 12:48"
"Georgia","Chattahoochee, Muscogee","ID:346",278000,"WastewaterSCAN",1.85,"Very Low","2022-09-26","2024-05-11","SARS-CoV-2","2026-08-14 12:48"
"Georgia","Newton","ID:347",32000,"State_Territory",3.46,"Low","2022-07-27","2024-05-11","SARS-CoV-2","2026-08-14 12:48"
"Georgia","Paulding","ID:348",19000,"State_Territory",5.01,"Moderate","2022-11-10","2024-05-11","SARS-CoV-2","2026-08-14 12:48"
"Georgia","Paulding","ID:349",14000,"State_Territory",5.81,"Moderate","2022-05-22","2024-05-11","SARS-CoV-2","2026-08-14 12:48"
"Georgia","Richmond","ID:353",200000,"State_Territory",0.57,"Very Low","2022-07-25","2024-05-11","SARS-CoV-2","2026-08-14 12:48"
"Georgia","Treutlen","ID:354",3100,"State_Territory",0.33,"Very Low","2023-11-02","2024-05-11","SARS-CoV-2","2026-08-14 12:48"
"Georgia","Bulloch","ID:325",35000,"State_Territory",1.3,"Very Low","2023-06-23","2024-05-04","SARS-CoV-2","2026-08-14 12:48"
"Georgia","Cherokee, Fulton","ID:326",12818,"WastewaterSCAN",1.51,"Very Low","2022-08-08","2024-05-04","SARS-CoV-2","2026-08-14 12:48"
"Georgia","Clarke","ID:327",60000,"State_Territory",2.54,"Very Low","2022-06-26","2024-05-04","SARS-CoV-2","2026-08-14 12:48"
"Georgia","Clayton","ID:328",124000,"State_Territory",1.48,"Very Low","2023-05-18","2024-05-04","SARS-CoV-2","2026-08-14 12:48"
"Georgia","Cobb","ID:329",113079,"State_Territory",2,"Very Low","2022-11-13","2024-05-04","SARS-CoV-2","2026-08-14 12:48"
"Georgia","Cobb","ID:330",304020,"State_Territory",3.35,"Low","2022-12-25","2024-05-04","SARS-CoV-2","2026-08-14 12:48"
"Georgia","Dougherty","ID:332",66000,"State_Territory",4.77,"Low","2023-05-17","2024-05-04","SARS-CoV-2","2026-08-14 12:48"
"Georgia","Douglas","ID:333",37256,"State_Territory",1.8,"Very Low","2023-07-17","2024-05-04","SARS-CoV-2","2026-08-14 12:48"
"Georgia","Floyd","ID:334",38111,"State_Territory",8.08,"High","2023-02-20","2024-05-04","SARS-CoV-2","2026-08-14 12:48"
"Georgia","Forsyth","ID:335",44000,"State_Territory",2.2,"Very Low","2022-12-25","2024-05-04","SARS-CoV-2","2026-08-14 12:48"
"Georgia","Fulton","ID:336",84486,"WastewaterSCAN",5.83,"Moderate","2022-08-07","2024-05-04","SARS-CoV-2","2026-08-14 12:48"
"Georgia","Fulton","ID:337",189593,"WastewaterSCAN",4.39,"Low","2022-08-07","2024-05-04","SARS-CoV-2","2026-08-14 12:48"
"Georgia","Fulton","ID:338",190000,"WastewaterSCAN",6.38,"Moderate","2022-08-07","2024-05-04","SARS-CoV-2","2026-08-14 12:48"
"Georgia","Gwinnett","ID:342",496000,"State_Territory",9.38,"High","2022-05-23","2024-05-04","SARS-CoV-2","2026-08-14 12:48"
"Georgia","Houston","ID:343",86000,"State_Territory",1.88,"Very Low","2024-01-11","2024-05-04","SARS-CoV-2","2026-08-14 12:48"
"Georgia","Laurens","ID:344",18000,"State_Territory",1.21,"Very Low","2022-12-25","2024-05-04","SARS-CoV-2","2026-08-14 12:48"
"Georgia","Chattahoochee, Muscogee","ID:346",278000,"WastewaterSCAN",1.2,"Very Low","2022-09-26","2024-05-04","SARS-CoV-2","2026-08-14 12:48"
"Georgia","Newton","ID:347",32000,"State_Territory",4.56,"Low","2022-07-27","2024-05-04","SARS-CoV-2","2026-08-14 12:48"
"Georgia","Paulding","ID:348",19000,"State_Territory",1.9,"Very Low","2022-11-10","2024-05-04","SARS-CoV-2","2026-08-14 12:48"
"Georgia","Paulding","ID:349",14000,"State_Territory",1.55,"Very Low","2022-05-22","2024-05-04","SARS-CoV-2","2026-08-14 12:48"
"Georgia","Richmond","ID:353",200000,"State_Territory",0.97,"Very Low","2022-07-25","2024-05-04","SARS-CoV-2","2026-08-14 12:48"
"Georgia","Treutlen","ID:354",3100,"State_Territory",0.42,"Very Low","2023-11-02","2024-05-04","SARS-CoV-2","2026-08-14 12:48"
"Georgia","Bulloch","ID:325",35000,"State_Territory",1.04,"Very Low","2023-06-23","2024-04-27","SARS-CoV-2","2026-08-14 12:48"
"Georgia","Cherokee, Fulton","ID:326",12818,"WastewaterSCAN",2.15,"Very Low","2022-08-08","2024-04-27","SARS-CoV-2","2026-08-14 12:48"
"Georgia","Clarke","ID:327",60000,"State_Territory",3.96,"Low","2022-06-26","2024-04-27","SARS-CoV-2","2026-08-14 12:48"
"Georgia","Cobb","ID:329",113079,"State_Territory",2.04,"Very Low","2022-11-13","2024-04-27","SARS-CoV-2","2026-08-14 12:48"
"Georgia","Cobb","ID:330",304020,"State_Territory",3.31,"Low","2022-12-25","2024-04-27","SARS-CoV-2","2026-08-14 12:48"
"Georgia","Dougherty","ID:332",66000,"State_Territory",1.65,"Very Low","2023-05-17","2024-04-27","SARS-CoV-2","2026-08-14 12:48"
"Georgia","Douglas","ID:333",37256,"State_Territory",5.83,"Moderate","2023-07-17","2024-04-27","SARS-CoV-2","2026-08-14 12:48"
"Georgia","Floyd","ID:334",38111,"State_Territory",8.39,"High","2023-02-20","2024-04-27","SARS-CoV-2","2026-08-14 12:48"
"Georgia","Forsyth","ID:335",44000,"State_Territory",8.57,"High","2022-12-25","2024-04-27","SARS-CoV-2","2026-08-14 12:48"
"Georgia","Fulton","ID:336",84486,"WastewaterSCAN",3.33,"Low","2022-08-07","2024-04-27","SARS-CoV-2","2026-08-14 12:48"
"Georgia","Fulton","ID:337",189593,"WastewaterSCAN",5.24,"Moderate","2022-08-07","2024-04-27","SARS-CoV-2","2026-08-14 12:48"
"Georgia","Fulton","ID:338",190000,"WastewaterSCAN",3.94,"Low","2022-08-07","2024-04-27","SARS-CoV-2","2026-08-14 12:48"
"Georgia","Fulton","ID:339",600000,"WastewaterSCAN",1.07,"Very Low","2022-12-11","2024-04-27","SARS-CoV-2","2026-08-14 12:48"
"Georgia","Fulton","ID:340",105160,"WastewaterSCAN",1.55,"Very Low","2022-12-11","2024-04-27","SARS-CoV-2","2026-08-14 12:48"
"Georgia","Fulton","ID:341",70887,"WastewaterSCAN",5.44,"Moderate","2022-12-11","2024-04-27","SARS-CoV-2","2026-08-14 12:48"
"Georgia","Gwinnett","ID:342",496000,"State_Territory",5.01,"Moderate","2022-05-23","2024-04-27","SARS-CoV-2","2026-08-14 12:48"
"Georgia","Houston","ID:343",86000,"State_Territory",1.26,"Very Low","2024-01-11","2024-04-27","SARS-CoV-2","2026-08-14 12:48"
"Georgia","Laurens","ID:344",18000,"State_Territory",3.04,"Low","2022-12-25","2024-04-27","SARS-CoV-2","2026-08-14 12:48"
"Georgia","Chattahoochee, Muscogee","ID:346",278000,"WastewaterSCAN",2.94,"Low","2022-09-26","2024-04-27","SARS-CoV-2","2026-08-14 12:48"
"Georgia","Newton","ID:347",32000,"State_Territory",8.87,"High","2022-07-27","2024-04-27","SARS-CoV-2","2026-08-14 12:48"
"Georgia","Paulding","ID:348",19000,"State_Territory",5.65,"Moderate","2022-11-10","2024-04-27","SARS-CoV-2","2026-08-14 12:48"
"Georgia","Paulding","ID:349",14000,"State_Territory",3.92,"Low","2022-05-22","2024-04-27","SARS-CoV-2","2026-08-14 12:48"
"Georgia","Richmond","ID:353",200000,"State_Territory",0.95,"Very Low","2022-07-25","2024-04-27","SARS-CoV-2","2026-08-14 12:48"
"Georgia","Treutlen","ID:354",3100,"State_Territory",0.88,"Very Low","2023-11-02","2024-04-27","SARS-CoV-2","2026-08-14 12:48"
"Georgia","Cherokee, Fulton","ID:326",12818,"WastewaterSCAN",2.28,"Very Low","2022-08-08","2024-04-20","SARS-CoV-2","2026-08-14 12:48"
"Georgia","Clayton","ID:328",124000,"State_Territory",2.51,"Very Low","2023-05-18","2024-04-20","SARS-CoV-2","2026-08-14 12:48"
"Georgia","Cobb","ID:329",113079,"State_Territory",2.04,"Very Low","2022-11-13","2024-04-20","SARS-CoV-2","2026-08-14 12:48"
"Georgia","Cobb","ID:330",304020,"State_Territory",3.16,"Low","2022-12-25","2024-04-20","SARS-CoV-2","2026-08-14 12:48"
"Georgia","Dougherty","ID:332",66000,"State_Territory",2.56,"Very Low","2023-05-17","2024-04-20","SARS-CoV-2","2026-08-14 12:48"
"Georgia","Douglas","ID:333",37256,"State_Territory",0.63,"Very Low","2023-07-17","2024-04-20","SARS-CoV-2","2026-08-14 12:48"
"Georgia","Floyd","ID:334",38111,"State_Territory",13.15,"Very High","2023-02-20","2024-04-20","SARS-CoV-2","2026-08-14 12:48"
"Georgia","Forsyth","ID:335",44000,"State_Territory",7.11,"Moderate","2022-12-25","2024-04-20","SARS-CoV-2","2026-08-14 12:48"
"Georgia","Fulton","ID:336",84486,"WastewaterSCAN",3.3,"Low","2022-08-07","2024-04-20","SARS-CoV-2","2026-08-14 12:48"
"Georgia","Fulton","ID:337",189593,"WastewaterSCAN",3.37,"Low","2022-08-07","2024-04-20","SARS-CoV-2","2026-08-14 12:48"
"Georgia","Fulton","ID:338",190000,"WastewaterSCAN",2.14,"Very Low","2022-08-07","2024-04-20","SARS-CoV-2","2026-08-14 12:48"
"Georgia","Fulton","ID:339",600000,"WastewaterSCAN",4.34,"Low","2022-12-11","2024-04-20","SARS-CoV-2","2026-08-14 12:48"
"Georgia","Fulton","ID:340",105160,"WastewaterSCAN",2.49,"Very Low","2022-12-11","2024-04-20","SARS-CoV-2","2026-08-14 12:48"
"Georgia","Fulton","ID:341",70887,"WastewaterSCAN",2.56,"Very Low","2022-12-11","2024-04-20","SARS-CoV-2","2026-08-14 12:48"
"Georgia","Houston","ID:343",86000,"State_Territory",1.27,"Very Low","2024-01-11","2024-04-20","SARS-CoV-2","2026-08-14 12:48"
"Georgia","Laurens","ID:344",18000,"State_Territory",1.76,"Very Low","2022-12-25","2024-04-20","SARS-CoV-2","2026-08-14 12:48"
"Georgia","Chattahoochee, Muscogee","ID:346",278000,"WastewaterSCAN",13.12,"Very High","2022-09-26","2024-04-20","SARS-CoV-2","2026-08-14 12:48"
"Georgia","Newton","ID:347",32000,"State_Territory",3.4,"Low","2022-07-27","2024-04-20","SARS-CoV-2","2026-08-14 12:48"
"Georgia","Paulding","ID:348",19000,"State_Territory",2.42,"Very Low","2022-11-10","2024-04-20","SARS-CoV-2","2026-08-14 12:48"
"Georgia","Paulding","ID:349",14000,"State_Territory",2.25,"Very Low","2022-05-22","2024-04-20","SARS-CoV-2","2026-08-14 12:48"
"Georgia","Richmond","ID:353",200000,"State_Territory",2.32,"Very Low","2022-07-25","2024-04-20","SARS-CoV-2","2026-08-14 12:48"
"Georgia","Treutlen","ID:354",3100,"State_Territory",0.69,"Very Low","2023-11-02","2024-04-20","SARS-CoV-2","2026-08-14 12:48"
"Georgia","Cherokee, Fulton","ID:326",12818,"WastewaterSCAN",10.1,"High","2022-08-08","2024-04-13","SARS-CoV-2","2026-08-14 12:48"
"Georgia","Cobb","ID:329",113079,"State_Territory",3.19,"Low","2022-11-13","2024-04-13","SARS-CoV-2","2026-08-14 12:48"
"Georgia","Cobb","ID:330",304020,"State_Territory",5.05,"Moderate","2022-12-25","2024-04-13","SARS-CoV-2","2026-08-14 12:48"
"Georgia","Dougherty","ID:332",66000,"State_Territory",2.81,"Low","2023-05-17","2024-04-13","SARS-CoV-2","2026-08-14 12:48"
"Georgia","Douglas","ID:333",37256,"State_Territory",2.36,"Very Low","2023-07-17","2024-04-13","SARS-CoV-2","2026-08-14 12:48"
"Georgia","Floyd","ID:334",38111,"State_Territory",12.65,"Very High","2023-02-20","2024-04-13","SARS-CoV-2","2026-08-14 12:48"
"Georgia","Forsyth","ID:335",44000,"State_Territory",5.14,"Moderate","2022-12-25","2024-04-13","SARS-CoV-2","2026-08-14 12:48"
"Georgia","Fulton","ID:336",84486,"WastewaterSCAN",2.6,"Very Low","2022-08-07","2024-04-13","SARS-CoV-2","2026-08-14 12:48"
"Georgia","Fulton","ID:337",189593,"WastewaterSCAN",7.11,"Moderate","2022-08-07","2024-04-13","SARS-CoV-2","2026-08-14 12:48"
"Georgia","Fulton","ID:338",190000,"WastewaterSCAN",2.82,"Low","2022-08-07","2024-04-13","SARS-CoV-2","2026-08-14 12:48"
"Georgia","Fulton","ID:339",600000,"WastewaterSCAN",2.55,"Very Low","2022-12-11","2024-04-13","SARS-CoV-2","2026-08-14 12:48"
"Georgia","Fulton","ID:340",105160,"WastewaterSCAN",3.46,"Low","2022-12-11","2024-04-13","SARS-CoV-2","2026-08-14 12:48"
"Georgia","Fulton","ID:341",70887,"WastewaterSCAN",3.05,"Low","2022-12-11","2024-04-13","SARS-CoV-2","2026-08-14 12:48"
"Georgia","Gwinnett","ID:342",496000,"State_Territory",7.93,"High","2022-05-23","2024-04-13","SARS-CoV-2","2026-08-14 12:48"
"Georgia","Laurens","ID:344",18000,"State_Territory",1.57,"Very Low","2022-12-25","2024-04-13","SARS-CoV-2","2026-08-14 12:48"
"Georgia","Chattahoochee, Muscogee","ID:346",278000,"WastewaterSCAN",5.57,"Moderate","2022-09-26","2024-04-13","SARS-CoV-2","2026-08-14 12:48"
"Georgia","Newton","ID:347",32000,"State_Territory",10.04,"High","2022-07-27","2024-04-13","SARS-CoV-2","2026-08-14 12:48"
"Georgia","Paulding","ID:348",19000,"State_Territory",1.56,"Very Low","2022-11-10","2024-04-13","SARS-CoV-2","2026-08-14 12:48"
"Georgia","Paulding","ID:349",14000,"State_Territory",2.89,"Low","2022-05-22","2024-04-13","SARS-CoV-2","2026-08-14 12:48"
"Georgia","Richmond","ID:353",200000,"State_Territory",3.14,"Low","2022-07-25","2024-04-13","SARS-CoV-2","2026-08-14 12:48"
"Georgia","Treutlen","ID:354",3100,"State_Territory",0.38,"Very Low","2023-11-02","2024-04-13","SARS-CoV-2","2026-08-14 12:48"
"Georgia","Cherokee, Fulton","ID:326",12818,"WastewaterSCAN",5.92,"Moderate","2022-08-08","2024-04-06","SARS-CoV-2","2026-08-14 12:48"
"Georgia","Clarke","ID:327",60000,"State_Territory",15.76,"Very High","2022-06-26","2024-04-06","SARS-CoV-2","2026-08-14 12:48"
"Georgia","Clayton","ID:328",124000,"State_Territory",3.88,"Low","2023-05-18","2024-04-06","SARS-CoV-2","2026-08-14 12:48"
"Georgia","Cobb","ID:329",113079,"State_Territory",4.21,"Low","2022-11-13","2024-04-06","SARS-CoV-2","2026-08-14 12:48"
"Georgia","Cobb","ID:330",304020,"State_Territory",9.05,"High","2022-12-25","2024-04-06","SARS-CoV-2","2026-08-14 12:48"
"Georgia","Dougherty","ID:332",66000,"State_Territory",4.03,"Low","2023-05-17","2024-04-06","SARS-CoV-2","2026-08-14 12:48"
"Georgia","Douglas","ID:333",37256,"State_Territory",2.03,"Very Low","2023-07-17","2024-04-06","SARS-CoV-2","2026-08-14 12:48"
"Georgia","Floyd","ID:334",38111,"State_Territory",12.97,"Very High","2023-02-20","2024-04-06","SARS-CoV-2","2026-08-14 12:48"
"Georgia","Forsyth","ID:335",44000,"State_Territory",2.13,"Very Low","2022-12-25","2024-04-06","SARS-CoV-2","2026-08-14 12:48"
"Georgia","Fulton","ID:336",84486,"WastewaterSCAN",4.45,"Low","2022-08-07","2024-04-06","SARS-CoV-2","2026-08-14 12:48"
"Georgia","Fulton","ID:337",189593,"WastewaterSCAN",8.21,"High","2022-08-07","2024-04-06","SARS-CoV-2","2026-08-14 12:48"
"Georgia","Fulton","ID:338",190000,"WastewaterSCAN",2.53,"Very Low","2022-08-07","2024-04-06","SARS-CoV-2","2026-08-14 12:48"
"Georgia","Fulton","ID:339",600000,"WastewaterSCAN",4.51,"Low","2022-12-11","2024-04-06","SARS-CoV-2","2026-08-14 12:48"
"Georgia","Fulton","ID:340",105160,"WastewaterSCAN",3.86,"Low","2022-12-11","2024-04-06","SARS-CoV-2","2026-08-14 12:48"
"Georgia","Fulton","ID:341",70887,"WastewaterSCAN",8.88,"High","2022-12-11","2024-04-06","SARS-CoV-2","2026-08-14 12:48"
"Georgia","Houston","ID:343",86000,"State_Territory",3.41,"Low","2024-01-11","2024-04-06","SARS-CoV-2","2026-08-14 12:48"
"Georgia","Laurens","ID:344",18000,"State_Territory",1.74,"Very Low","2022-12-25","2024-04-06","SARS-CoV-2","2026-08-14 12:48"
"Georgia","Chattahoochee, Muscogee","ID:346",278000,"WastewaterSCAN",9.04,"High","2022-09-26","2024-04-06","SARS-CoV-2","2026-08-14 12:48"
"Georgia","Newton","ID:347",32000,"State_Territory",5.38,"Moderate","2022-07-27","2024-04-06","SARS-CoV-2","2026-08-14 12:48"
"Georgia","Paulding","ID:348",19000,"State_Territory",4.82,"Low","2022-11-10","2024-04-06","SARS-CoV-2","2026-08-14 12:48"
"Georgia","Richmond","ID:353",200000,"State_Territory",6.13,"Moderate","2022-07-25","2024-04-06","SARS-CoV-2","2026-08-14 12:48"
"Georgia","Treutlen","ID:354",3100,"State_Territory",0.43,"Very Low","2023-11-02","2024-04-06","SARS-CoV-2","2026-08-14 12:48"
"Georgia","Bulloch","ID:325",35000,"State_Territory",1.34,"Very Low","2023-06-23","2024-03-30","SARS-CoV-2","2026-08-14 12:48"
"Georgia","Cherokee, Fulton","ID:326",12818,"WastewaterSCAN",5.83,"Moderate","2022-08-08","2024-03-30","SARS-CoV-2","2026-08-14 12:48"
"Georgia","Clayton","ID:328",124000,"State_Territory",5.03,"Moderate","2023-05-18","2024-03-30","SARS-CoV-2","2026-08-14 12:48"
"Georgia","Cobb","ID:329",113079,"State_Territory",2.01,"Very Low","2022-11-13","2024-03-30","SARS-CoV-2","2026-08-14 12:48"
"Georgia","Cobb","ID:330",304020,"State_Territory",6.48,"Moderate","2022-12-25","2024-03-30","SARS-CoV-2","2026-08-14 12:48"
"Georgia","Dougherty","ID:332",66000,"State_Territory",4.5,"Low","2023-05-17","2024-03-30","SARS-CoV-2","2026-08-14 12:48"
"Georgia","Douglas","ID:333",37256,"State_Territory",1.63,"Very Low","2023-07-17","2024-03-30","SARS-CoV-2","2026-08-14 12:48"
"Georgia","Floyd","ID:334",38111,"State_Territory",19.23,"Very High","2023-02-20","2024-03-30","SARS-CoV-2","2026-08-14 12:48"
"Georgia","Forsyth","ID:335",44000,"State_Territory",5.55,"Moderate","2022-12-25","2024-03-30","SARS-CoV-2","2026-08-14 12:48"
"Georgia","Fulton","ID:336",84486,"WastewaterSCAN",5.94,"Moderate","2022-08-07","2024-03-30","SARS-CoV-2","2026-08-14 12:48"
"Georgia","Fulton","ID:337",189593,"WastewaterSCAN",3.36,"Low","2022-08-07","2024-03-30","SARS-CoV-2","2026-08-14 12:48"
"Georgia","Fulton","ID:338",190000,"WastewaterSCAN",4.84,"Low","2022-08-07","2024-03-30","SARS-CoV-2","2026-08-14 12:48"
"Georgia","Fulton","ID:339",600000,"WastewaterSCAN",6.33,"Moderate","2022-12-11","2024-03-30","SARS-CoV-2","2026-08-14 12:48"
"Georgia","Fulton","ID:340",105160,"WastewaterSCAN",3.11,"Low","2022-12-11","2024-03-30","SARS-CoV-2","2026-08-14 12:48"
"Georgia","Fulton","ID:341",70887,"WastewaterSCAN",5.31,"Moderate","2022-12-11","2024-03-30","SARS-CoV-2","2026-08-14 12:48"
"Georgia","Gwinnett","ID:342",496000,"State_Territory",8.44,"High","2022-05-23","2024-03-30","SARS-CoV-2","2026-08-14 12:48"
"Georgia","Houston","ID:343",86000,"State_Territory",4.6,"Low","2024-01-11","2024-03-30","SARS-CoV-2","2026-08-14 12:48"
"Georgia","Laurens","ID:344",18000,"State_Territory",2.05,"Very Low","2022-12-25","2024-03-30","SARS-CoV-2","2026-08-14 12:48"
"Georgia","Chattahoochee, Muscogee","ID:346",278000,"WastewaterSCAN",4.13,"Low","2022-09-26","2024-03-30","SARS-CoV-2","2026-08-14 12:48"
"Georgia","Newton","ID:347",32000,"State_Territory",13.98,"Very High","2022-07-27","2024-03-30","SARS-CoV-2","2026-08-14 12:48"
"Georgia","Paulding","ID:348",19000,"State_Territory",10.15,"High","2022-11-10","2024-03-30","SARS-CoV-2","2026-08-14 12:48"
"Georgia","Richmond","ID:353",200000,"State_Territory",6.93,"Moderate","2022-07-25","2024-03-30","SARS-CoV-2","2026-08-14 12:48"
"Georgia","Treutlen","ID:354",3100,"State_Territory",1.68,"Very Low","2023-11-02","2024-03-30","SARS-CoV-2","2026-08-14 12:48"
"Georgia","Bulloch","ID:325",35000,"State_Territory",2.24,"Very Low","2023-06-23","2024-03-23","SARS-CoV-2","2026-08-14 12:48"
"Georgia","Cherokee, Fulton","ID:326",12818,"WastewaterSCAN",5.54,"Moderate","2022-08-08","2024-03-23","SARS-CoV-2","2026-08-14 12:48"
"Georgia","Clarke","ID:327",60000,"State_Territory",8.66,"High","2022-06-26","2024-03-23","SARS-CoV-2","2026-08-14 12:48"
"Georgia","Clayton","ID:328",124000,"State_Territory",5.75,"Moderate","2023-05-18","2024-03-23","SARS-CoV-2","2026-08-14 12:48"
"Georgia","Cobb","ID:329",113079,"State_Territory",3.16,"Low","2022-11-13","2024-03-23","SARS-CoV-2","2026-08-14 12:48"
"Georgia","Cobb","ID:330",304020,"State_Territory",6.06,"Moderate","2022-12-25","2024-03-23","SARS-CoV-2","2026-08-14 12:48"
"Georgia","Dougherty","ID:332",66000,"State_Territory",6.91,"Moderate","2023-05-17","2024-03-23","SARS-CoV-2","2026-08-14 12:48"
"Georgia","Douglas","ID:333",37256,"State_Territory",2.57,"Very Low","2023-07-17","2024-03-23","SARS-CoV-2","2026-08-14 12:48"
"Georgia","Floyd","ID:334",38111,"State_Territory",29.38,"Very High","2023-02-20","2024-03-23","SARS-CoV-2","2026-08-14 12:48"
"Georgia","Forsyth","ID:335",44000,"State_Territory",6.43,"Moderate","2022-12-25","2024-03-23","SARS-CoV-2","2026-08-14 12:48"
"Georgia","Fulton","ID:336",84486,"WastewaterSCAN",2.99,"Low","2022-08-07","2024-03-23","SARS-CoV-2","2026-08-14 12:48"
"Georgia","Fulton","ID:337",189593,"WastewaterSCAN",1.64,"Very Low","2022-08-07","2024-03-23","SARS-CoV-2","2026-08-14 12:48"
"Georgia","Fulton","ID:338",190000,"WastewaterSCAN",7.14,"Moderate","2022-08-07","2024-03-23","SARS-CoV-2","2026-08-14 12:48"
"Georgia","Fulton","ID:339",600000,"WastewaterSCAN",20.61,"Very High","2022-12-11","2024-03-23","SARS-CoV-2","2026-08-14 12:48"
"Georgia","Fulton","ID:340",105160,"WastewaterSCAN",3.04,"Low","2022-12-11","2024-03-23","SARS-CoV-2","2026-08-14 12:48"
"Georgia","Fulton","ID:341",70887,"WastewaterSCAN",4.69,"Low","2022-12-11","2024-03-23","SARS-CoV-2","2026-08-14 12:48"
"Georgia","Gwinnett","ID:342",496000,"State_Territory",7.96,"High","2022-05-23","2024-03-23","SARS-CoV-2","2026-08-14 12:48"
"Georgia","Houston","ID:343",86000,"State_Territory",3.77,"Low","2024-01-11","2024-03-23","SARS-CoV-2","2026-08-14 12:48"
"Georgia","Laurens","ID:344",18000,"State_Territory",3.08,"Low","2022-12-25","2024-03-23","SARS-CoV-2","2026-08-14 12:48"
"Georgia","Chattahoochee, Muscogee","ID:346",278000,"WastewaterSCAN",6.61,"Moderate","2022-09-26","2024-03-23","SARS-CoV-2","2026-08-14 12:48"
"Georgia","Newton","ID:347",32000,"State_Territory",22.04,"Very High","2022-07-27","2024-03-23","SARS-CoV-2","2026-08-14 12:48"
"Georgia","Paulding","ID:348",19000,"State_Territory",2.13,"Very Low","2022-11-10","2024-03-23","SARS-CoV-2","2026-08-14 12:48"
"Georgia","Paulding","ID:349",14000,"State_Territory",10.53,"High","2022-05-22","2024-03-23","SARS-CoV-2","2026-08-14 12:48"
"Georgia","Richmond","ID:353",200000,"State_Territory",4.46,"Low","2022-07-25","2024-03-23","SARS-CoV-2","2026-08-14 12:48"
"Georgia","Treutlen","ID:354",3100,"State_Territory",2.32,"Very Low","2023-11-02","2024-03-23","SARS-CoV-2","2026-08-14 12:48"
"Georgia","Cherokee, Fulton","ID:326",12818,"WastewaterSCAN",3.38,"Low","2022-08-08","2024-03-16","SARS-CoV-2","2026-08-14 12:48"
"Georgia","Clarke","ID:327",60000,"State_Territory",8.3,"High","2022-06-26","2024-03-16","SARS-CoV-2","2026-08-14 12:48"
"Georgia","Clayton","ID:328",124000,"State_Territory",3.44,"Low","2023-05-18","2024-03-16","SARS-CoV-2","2026-08-14 12:48"
"Georgia","Cobb","ID:329",113079,"State_Territory",8.69,"High","2022-11-13","2024-03-16","SARS-CoV-2","2026-08-14 12:48"
"Georgia","Cobb","ID:330",304020,"State_Territory",10.57,"High","2022-12-25","2024-03-16","SARS-CoV-2","2026-08-14 12:48"
"Georgia","Dougherty","ID:332",66000,"State_Territory",2.29,"Very Low","2023-05-17","2024-03-16","SARS-CoV-2","2026-08-14 12:48"
"Georgia","Douglas","ID:333",37256,"State_Territory",16.36,"Very High","2023-07-17","2024-03-16","SARS-CoV-2","2026-08-14 12:48"
"Georgia","Floyd","ID:334",38111,"State_Territory",23.71,"Very High","2023-02-20","2024-03-16","SARS-CoV-2","2026-08-14 12:48"
"Georgia","Forsyth","ID:335",44000,"State_Territory",5.3,"Moderate","2022-12-25","2024-03-16","SARS-CoV-2","2026-08-14 12:48"
"Georgia","Fulton","ID:336",84486,"WastewaterSCAN",6.06,"Moderate","2022-08-07","2024-03-16","SARS-CoV-2","2026-08-14 12:48"
"Georgia","Fulton","ID:337",189593,"WastewaterSCAN",3.15,"Low","2022-08-07","2024-03-16","SARS-CoV-2","2026-08-14 12:48"
"Georgia","Fulton","ID:338",190000,"WastewaterSCAN",4.04,"Low","2022-08-07","2024-03-16","SARS-CoV-2","2026-08-14 12:48"
"Georgia","Fulton","ID:339",600000,"WastewaterSCAN",13.25,"Very High","2022-12-11","2024-03-16","SARS-CoV-2","2026-08-14 12:48"
"Georgia","Fulton","ID:340",105160,"WastewaterSCAN",3.63,"Low","2022-12-11","2024-03-16","SARS-CoV-2","2026-08-14 12:48"
"Georgia","Fulton","ID:341",70887,"WastewaterSCAN",7.5,"Moderate","2022-12-11","2024-03-16","SARS-CoV-2","2026-08-14 12:48"
"Georgia","Gwinnett","ID:342",496000,"State_Territory",10.44,"High","2022-05-23","2024-03-16","SARS-CoV-2","2026-08-14 12:48"
"Georgia","Houston","ID:343",86000,"State_Territory",9.15,"High","2024-01-11","2024-03-16","SARS-CoV-2","2026-08-14 12:48"
"Georgia","Chattahoochee, Muscogee","ID:346",278000,"WastewaterSCAN",24.29,"Very High","2022-09-26","2024-03-16","SARS-CoV-2","2026-08-14 12:48"
"Georgia","Newton","ID:347",32000,"State_Territory",5.84,"Moderate","2022-07-27","2024-03-16","SARS-CoV-2","2026-08-14 12:48"
"Georgia","Paulding","ID:348",19000,"State_Territory",3.95,"Low","2022-11-10","2024-03-16","SARS-CoV-2","2026-08-14 12:48"
"Georgia","Paulding","ID:349",14000,"State_Territory",6.96,"Moderate","2022-05-22","2024-03-16","SARS-CoV-2","2026-08-14 12:48"
"Georgia","Richmond","ID:353",200000,"State_Territory",5.89,"Moderate","2022-07-25","2024-03-16","SARS-CoV-2","2026-08-14 12:48"
"Georgia","Treutlen","ID:354",3100,"State_Territory",2.1,"Very Low","2023-11-02","2024-03-16","SARS-CoV-2","2026-08-14 12:48"
"Georgia","Cherokee, Fulton","ID:326",12818,"WastewaterSCAN",5.29,"Moderate","2022-08-08","2024-03-09","SARS-CoV-2","2026-08-14 12:48"
"Georgia","Clarke","ID:327",60000,"State_Territory",11.57,"High","2022-06-26","2024-03-09","SARS-CoV-2","2026-08-14 12:48"
"Georgia","Clayton","ID:328",124000,"State_Territory",11.46,"High","2023-05-18","2024-03-09","SARS-CoV-2","2026-08-14 12:48"
"Georgia","Cobb","ID:329",113079,"State_Territory",9.06,"High","2022-11-13","2024-03-09","SARS-CoV-2","2026-08-14 12:48"
"Georgia","Dougherty","ID:332",66000,"State_Territory",17,"Very High","2023-05-17","2024-03-09","SARS-CoV-2","2026-08-14 12:48"
"Georgia","Douglas","ID:333",37256,"State_Territory",13.62,"Very High","2023-07-17","2024-03-09","SARS-CoV-2","2026-08-14 12:48"
"Georgia","Floyd","ID:334",38111,"State_Territory",16.43,"Very High","2023-02-20","2024-03-09","SARS-CoV-2","2026-08-14 12:48"
"Georgia","Forsyth","ID:335",44000,"State_Territory",5.88,"Moderate","2022-12-25","2024-03-09","SARS-CoV-2","2026-08-14 12:48"
"Georgia","Fulton","ID:336",84486,"WastewaterSCAN",7.37,"Moderate","2022-08-07","2024-03-09","SARS-CoV-2","2026-08-14 12:48"
"Georgia","Fulton","ID:337",189593,"WastewaterSCAN",11.45,"High","2022-08-07","2024-03-09","SARS-CoV-2","2026-08-14 12:48"
"Georgia","Fulton","ID:338",190000,"WastewaterSCAN",11.54,"High","2022-08-07","2024-03-09","SARS-CoV-2","2026-08-14 12:48"
"Georgia","Fulton","ID:339",600000,"WastewaterSCAN",11.44,"High","2022-12-11","2024-03-09","SARS-CoV-2","2026-08-14 12:48"
"Georgia","Fulton","ID:340",105160,"WastewaterSCAN",4.01,"Low","2022-12-11","2024-03-09","SARS-CoV-2","2026-08-14 12:48"
"Georgia","Fulton","ID:341",70887,"WastewaterSCAN",7.21,"Moderate","2022-12-11","2024-03-09","SARS-CoV-2","2026-08-14 12:48"
"Georgia","Gwinnett","ID:342",496000,"State_Territory",11.4,"High","2022-05-23","2024-03-09","SARS-CoV-2","2026-08-14 12:48"
"Georgia","Laurens","ID:344",18000,"State_Territory",8.68,"High","2022-12-25","2024-03-09","SARS-CoV-2","2026-08-14 12:48"
"Georgia","Chattahoochee, Muscogee","ID:346",278000,"WastewaterSCAN",8.27,"High","2022-09-26","2024-03-09","SARS-CoV-2","2026-08-14 12:48"
"Georgia","Newton","ID:347",32000,"State_Territory",11.81,"Very High","2022-07-27","2024-03-09","SARS-CoV-2","2026-08-14 12:48"
"Georgia","Paulding","ID:348",19000,"State_Territory",2.24,"Very Low","2022-11-10","2024-03-09","SARS-CoV-2","2026-08-14 12:48"
"Georgia","Paulding","ID:349",14000,"State_Territory",6.33,"Moderate","2022-05-22","2024-03-09","SARS-CoV-2","2026-08-14 12:48"
"Georgia","Richmond","ID:353",200000,"State_Territory",2.57,"Very Low","2022-07-25","2024-03-09","SARS-CoV-2","2026-08-14 12:48"
"Georgia","Treutlen","ID:354",3100,"State_Territory",3.87,"Low","2023-11-02","2024-03-09","SARS-CoV-2","2026-08-14 12:48"
"Georgia","Bulloch","ID:325",35000,"State_Territory",11.31,"High","2023-06-23","2024-03-02","SARS-CoV-2","2026-08-14 12:48"
"Georgia","Cherokee, Fulton","ID:326",12818,"WastewaterSCAN",11.46,"High","2022-08-08","2024-03-02","SARS-CoV-2","2026-08-14 12:48"
"Georgia","Clarke","ID:327",60000,"State_Territory",15.05,"Very High","2022-06-26","2024-03-02","SARS-CoV-2","2026-08-14 12:48"
"Georgia","Cobb","ID:329",113079,"State_Territory",17.26,"Very High","2022-11-13","2024-03-02","SARS-CoV-2","2026-08-14 12:48"
"Georgia","Cobb","ID:330",304020,"State_Territory",41.38,"Very High","2022-12-25","2024-03-02","SARS-CoV-2","2026-08-14 12:48"
"Georgia","Dougherty","ID:332",66000,"State_Territory",12.04,"Very High","2023-05-17","2024-03-02","SARS-CoV-2","2026-08-14 12:48"
"Georgia","Douglas","ID:333",37256,"State_Territory",0.78,"Very Low","2023-07-17","2024-03-02","SARS-CoV-2","2026-08-14 12:48"
"Georgia","Floyd","ID:334",38111,"State_Territory",27.78,"Very High","2023-02-20","2024-03-02","SARS-CoV-2","2026-08-14 12:48"
"Georgia","Forsyth","ID:335",44000,"State_Territory",12.21,"Very High","2022-12-25","2024-03-02","SARS-CoV-2","2026-08-14 12:48"
"Georgia","Fulton","ID:336",84486,"WastewaterSCAN",14,"Very High","2022-08-07","2024-03-02","SARS-CoV-2","2026-08-14 12:48"
"Georgia","Fulton","ID:337",189593,"WastewaterSCAN",20.88,"Very High","2022-08-07","2024-03-02","SARS-CoV-2","2026-08-14 12:48"
"Georgia","Fulton","ID:338",190000,"WastewaterSCAN",12.96,"Very High","2022-08-07","2024-03-02","SARS-CoV-2","2026-08-14 12:48"
"Georgia","Fulton","ID:339",600000,"WastewaterSCAN",16.33,"Very High","2022-12-11","2024-03-02","SARS-CoV-2","2026-08-14 12:48"
"Georgia","Fulton","ID:340",105160,"WastewaterSCAN",7.57,"Moderate","2022-12-11","2024-03-02","SARS-CoV-2","2026-08-14 12:48"
"Georgia","Fulton","ID:341",70887,"WastewaterSCAN",16.75,"Very High","2022-12-11","2024-03-02","SARS-CoV-2","2026-08-14 12:48"
"Georgia","Gwinnett","ID:342",496000,"State_Territory",31.14,"Very High","2022-05-23","2024-03-02","SARS-CoV-2","2026-08-14 12:48"
"Georgia","Houston","ID:343",86000,"State_Territory",4.65,"Low","2024-01-11","2024-03-02","SARS-CoV-2","2026-08-14 12:48"
"Georgia","Laurens","ID:344",18000,"State_Territory",9.86,"High","2022-12-25","2024-03-02","SARS-CoV-2","2026-08-14 12:48"
"Georgia","Chattahoochee, Muscogee","ID:346",278000,"WastewaterSCAN",13.13,"Very High","2022-09-26","2024-03-02","SARS-CoV-2","2026-08-14 12:48"
"Georgia","Newton","ID:347",32000,"State_Territory",26.3,"Very High","2022-07-27","2024-03-02","SARS-CoV-2","2026-08-14 12:48"
"Georgia","Paulding","ID:348",19000,"State_Territory",9.18,"High","2022-11-10","2024-03-02","SARS-CoV-2","2026-08-14 12:48"
"Georgia","Paulding","ID:349",14000,"State_Territory",4.78,"Low","2022-05-22","2024-03-02","SARS-CoV-2","2026-08-14 12:48"
"Georgia","Richmond","ID:353",200000,"State_Territory",2.79,"Low","2022-07-25","2024-03-02","SARS-CoV-2","2026-08-14 12:48"
"Georgia","Treutlen","ID:354",3100,"State_Territory",6.08,"Moderate","2023-11-02","2024-03-02","SARS-CoV-2","2026-08-14 12:48"
"Georgia","Bulloch","ID:325",35000,"State_Territory",6.23,"Moderate","2023-06-23","2024-02-24","SARS-CoV-2","2026-08-14 12:48"
"Georgia","Cherokee, Fulton","ID:326",12818,"WastewaterSCAN",16.01,"Very High","2022-08-08","2024-02-24","SARS-CoV-2","2026-08-14 12:48"
"Georgia","Clarke","ID:327",60000,"State_Territory",19.85,"Very High","2022-06-26","2024-02-24","SARS-CoV-2","2026-08-14 12:48"
"Georgia","Clayton","ID:328",124000,"State_Territory",30.82,"Very High","2023-05-18","2024-02-24","SARS-CoV-2","2026-08-14 12:48"
"Georgia","Cobb","ID:329",113079,"State_Territory",9.99,"High","2022-11-13","2024-02-24","SARS-CoV-2","2026-08-14 12:48"
"Georgia","Cobb","ID:330",304020,"State_Territory",29.99,"Very High","2022-12-25","2024-02-24","SARS-CoV-2","2026-08-14 12:48"
"Georgia","Dougherty","ID:332",66000,"State_Territory",16.59,"Very High","2023-05-17","2024-02-24","SARS-CoV-2","2026-08-14 12:48"
"Georgia","Douglas","ID:333",37256,"State_Territory",10.78,"High","2023-07-17","2024-02-24","SARS-CoV-2","2026-08-14 12:48"
"Georgia","Floyd","ID:334",38111,"State_Territory",13.58,"Very High","2023-02-20","2024-02-24","SARS-CoV-2","2026-08-14 12:48"
"Georgia","Forsyth","ID:335",44000,"State_Territory",19.82,"Very High","2022-12-25","2024-02-24","SARS-CoV-2","2026-08-14 12:48"
"Georgia","Fulton","ID:336",84486,"WastewaterSCAN",18.36,"Very High","2022-08-07","2024-02-24","SARS-CoV-2","2026-08-14 12:48"
"Georgia","Fulton","ID:337",189593,"WastewaterSCAN",13.22,"Very High","2022-08-07","2024-02-24","SARS-CoV-2","2026-08-14 12:48"
"Georgia","Fulton","ID:338",190000,"WastewaterSCAN",23.52,"Very High","2022-08-07","2024-02-24","SARS-CoV-2","2026-08-14 12:48"
"Georgia","Fulton","ID:339",600000,"WastewaterSCAN",13.25,"Very High","2022-12-11","2024-02-24","SARS-CoV-2","2026-08-14 12:48"
"Georgia","Fulton","ID:340",105160,"WastewaterSCAN",6.19,"Moderate","2022-12-11","2024-02-24","SARS-CoV-2","2026-08-14 12:48"
"Georgia","Fulton","ID:341",70887,"WastewaterSCAN",18.06,"Very High","2022-12-11","2024-02-24","SARS-CoV-2","2026-08-14 12:48"
"Georgia","Gwinnett","ID:342",496000,"State_Territory",32.48,"Very High","2022-05-23","2024-02-24","SARS-CoV-2","2026-08-14 12:48"
"Georgia","Houston","ID:343",86000,"State_Territory",13.51,"Very High","2024-01-11","2024-02-24","SARS-CoV-2","2026-08-14 12:48"
"Georgia","Laurens","ID:344",18000,"State_Territory",2,"Very Low","2022-12-25","2024-02-24","SARS-CoV-2","2026-08-14 12:48"
"Georgia","Chattahoochee, Muscogee","ID:346",278000,"WastewaterSCAN",28.55,"Very High","2022-09-26","2024-02-24","SARS-CoV-2","2026-08-14 12:48"
"Georgia","Newton","ID:347",32000,"State_Territory",27.7,"Very High","2022-07-27","2024-02-24","SARS-CoV-2","2026-08-14 12:48"
"Georgia","Paulding","ID:348",19000,"State_Territory",11.21,"High","2022-11-10","2024-02-24","SARS-CoV-2","2026-08-14 12:48"
"Georgia","Paulding","ID:349",14000,"State_Territory",8.68,"High","2022-05-22","2024-02-24","SARS-CoV-2","2026-08-14 12:48"
"Georgia","Richmond","ID:353",200000,"State_Territory",12.33,"Very High","2022-07-25","2024-02-24","SARS-CoV-2","2026-08-14 12:48"
"Georgia","Treutlen","ID:354",3100,"State_Territory",2.07,"Very Low","2023-11-02","2024-02-24","SARS-CoV-2","2026-08-14 12:48"
"Georgia","Bulloch","ID:325",35000,"State_Territory",4.49,"Low","2023-06-23","2024-02-17","SARS-CoV-2","2026-08-14 12:48"
"Georgia","Cherokee, Fulton","ID:326",12818,"WastewaterSCAN",7.84,"Moderate","2022-08-08","2024-02-17","SARS-CoV-2","2026-08-14 12:48"
"Georgia","Clarke","ID:327",60000,"State_Territory",46.41,"Very High","2022-06-26","2024-02-17","SARS-CoV-2","2026-08-14 12:48"
"Georgia","Cobb","ID:329",113079,"State_Territory",6.84,"Moderate","2022-11-13","2024-02-17","SARS-CoV-2","2026-08-14 12:48"
"Georgia","Cobb","ID:330",304020,"State_Territory",15.9,"Very High","2022-12-25","2024-02-17","SARS-CoV-2","2026-08-14 12:48"
"Georgia","Dougherty","ID:332",66000,"State_Territory",12.47,"Very High","2023-05-17","2024-02-17","SARS-CoV-2","2026-08-14 12:48"
"Georgia","Douglas","ID:333",37256,"State_Territory",19.01,"Very High","2023-07-17","2024-02-17","SARS-CoV-2","2026-08-14 12:48"
"Georgia","Floyd","ID:334",38111,"State_Territory",12.68,"Very High","2023-02-20","2024-02-17","SARS-CoV-2","2026-08-14 12:48"
"Georgia","Forsyth","ID:335",44000,"State_Territory",15.11,"Very High","2022-12-25","2024-02-17","SARS-CoV-2","2026-08-14 12:48"
"Georgia","Fulton","ID:336",84486,"WastewaterSCAN",8.82,"High","2022-08-07","2024-02-17","SARS-CoV-2","2026-08-14 12:48"
"Georgia","Fulton","ID:337",189593,"WastewaterSCAN",37.78,"Very High","2022-08-07","2024-02-17","SARS-CoV-2","2026-08-14 12:48"
"Georgia","Fulton","ID:338",190000,"WastewaterSCAN",22.6,"Very High","2022-08-07","2024-02-17","SARS-CoV-2","2026-08-14 12:48"
"Georgia","Fulton","ID:339",600000,"WastewaterSCAN",18.58,"Very High","2022-12-11","2024-02-17","SARS-CoV-2","2026-08-14 12:48"
"Georgia","Fulton","ID:340",105160,"WastewaterSCAN",12.92,"Very High","2022-12-11","2024-02-17","SARS-CoV-2","2026-08-14 12:48"
"Georgia","Fulton","ID:341",70887,"WastewaterSCAN",16.66,"Very High","2022-12-11","2024-02-17","SARS-CoV-2","2026-08-14 12:48"
"Georgia","Houston","ID:343",86000,"State_Territory",6.96,"Moderate","2024-01-11","2024-02-17","SARS-CoV-2","2026-08-14 12:48"
"Georgia","Laurens","ID:344",18000,"State_Territory",10.75,"High","2022-12-25","2024-02-17","SARS-CoV-2","2026-08-14 12:48"
"Georgia","Chattahoochee, Muscogee","ID:346",278000,"WastewaterSCAN",28.38,"Very High","2022-09-26","2024-02-17","SARS-CoV-2","2026-08-14 12:48"
"Georgia","Newton","ID:347",32000,"State_Territory",15.46,"Very High","2022-07-27","2024-02-17","SARS-CoV-2","2026-08-14 12:48"
"Georgia","Paulding","ID:348",19000,"State_Territory",16.81,"Very High","2022-11-10","2024-02-17","SARS-CoV-2","2026-08-14 12:48"
"Georgia","Paulding","ID:349",14000,"State_Territory",5.02,"Moderate","2022-05-22","2024-02-17","SARS-CoV-2","2026-08-14 12:48"
"Georgia","Richmond","ID:353",200000,"State_Territory",19.17,"Very High","2022-07-25","2024-02-17","SARS-CoV-2","2026-08-14 12:48"
"Georgia","Treutlen","ID:354",3100,"State_Territory",1.27,"Very Low","2023-11-02","2024-02-17","SARS-CoV-2","2026-08-14 12:48"
"Georgia","Bulloch","ID:325",35000,"State_Territory",7.58,"Moderate","2023-06-23","2024-02-10","SARS-CoV-2","2026-08-14 12:48"
"Georgia","Cherokee, Fulton","ID:326",12818,"WastewaterSCAN",6.16,"Moderate","2022-08-08","2024-02-10","SARS-CoV-2","2026-08-14 12:48"
"Georgia","Clarke","ID:327",60000,"State_Territory",22.39,"Very High","2022-06-26","2024-02-10","SARS-CoV-2","2026-08-14 12:48"
"Georgia","Clayton","ID:328",124000,"State_Territory",25.57,"Very High","2023-05-18","2024-02-10","SARS-CoV-2","2026-08-14 12:48"
"Georgia","Cobb","ID:329",113079,"State_Territory",18.04,"Very High","2022-11-13","2024-02-10","SARS-CoV-2","2026-08-14 12:48"
"Georgia","Cobb","ID:330",304020,"State_Territory",45.54,"Very High","2022-12-25","2024-02-10","SARS-CoV-2","2026-08-14 12:48"
"Georgia","Dougherty","ID:332",66000,"State_Territory",16.54,"Very High","2023-05-17","2024-02-10","SARS-CoV-2","2026-08-14 12:48"
"Georgia","Forsyth","ID:335",44000,"State_Territory",22.34,"Very High","2022-12-25","2024-02-10","SARS-CoV-2","2026-08-14 12:48"
"Georgia","Fulton","ID:336",84486,"WastewaterSCAN",17.17,"Very High","2022-08-07","2024-02-10","SARS-CoV-2","2026-08-14 12:48"
"Georgia","Fulton","ID:337",189593,"WastewaterSCAN",9.86,"High","2022-08-07","2024-02-10","SARS-CoV-2","2026-08-14 12:48"
"Georgia","Fulton","ID:338",190000,"WastewaterSCAN",22.21,"Very High","2022-08-07","2024-02-10","SARS-CoV-2","2026-08-14 12:48"
"Georgia","Fulton","ID:339",600000,"WastewaterSCAN",11.06,"High","2022-12-11","2024-02-10","SARS-CoV-2","2026-08-14 12:48"
"Georgia","Fulton","ID:340",105160,"WastewaterSCAN",12.83,"Very High","2022-12-11","2024-02-10","SARS-CoV-2","2026-08-14 12:48"
"Georgia","Fulton","ID:341",70887,"WastewaterSCAN",9.99,"High","2022-12-11","2024-02-10","SARS-CoV-2","2026-08-14 12:48"
"Georgia","Gwinnett","ID:342",496000,"State_Territory",20.39,"Very High","2022-05-23","2024-02-10","SARS-CoV-2","2026-08-14 12:48"
"Georgia","Houston","ID:343",86000,"State_Territory",11.15,"High","2024-01-11","2024-02-10","SARS-CoV-2","2026-08-14 12:48"
"Georgia","Laurens","ID:344",18000,"State_Territory",8.76,"High","2022-12-25","2024-02-10","SARS-CoV-2","2026-08-14 12:48"
"Georgia","Chattahoochee, Muscogee","ID:346",278000,"WastewaterSCAN",33.36,"Very High","2022-09-26","2024-02-10","SARS-CoV-2","2026-08-14 12:48"
"Georgia","Newton","ID:347",32000,"State_Territory",27.72,"Very High","2022-07-27","2024-02-10","SARS-CoV-2","2026-08-14 12:48"
"Georgia","Paulding","ID:348",19000,"State_Territory",15.3,"Very High","2022-11-10","2024-02-10","SARS-CoV-2","2026-08-14 12:48"
"Georgia","Paulding","ID:349",14000,"State_Territory",4.81,"Low","2022-05-22","2024-02-10","SARS-CoV-2","2026-08-14 12:48"
"Georgia","Richmond","ID:353",200000,"State_Territory",28.69,"Very High","2022-07-25","2024-02-10","SARS-CoV-2","2026-08-14 12:48"
"Georgia","Treutlen","ID:354",3100,"State_Territory",3.06,"Low","2023-11-02","2024-02-10","SARS-CoV-2","2026-08-14 12:48"
"Georgia","Bulloch","ID:325",35000,"State_Territory",11.59,"High","2023-06-23","2024-02-03","SARS-CoV-2","2026-08-14 12:48"
"Georgia","Cherokee, Fulton","ID:326",12818,"WastewaterSCAN",16.1,"Very High","2022-08-08","2024-02-03","SARS-CoV-2","2026-08-14 12:48"
"Georgia","Clarke","ID:327",60000,"State_Territory",35.05,"Very High","2022-06-26","2024-02-03","SARS-CoV-2","2026-08-14 12:48"
"Georgia","Cobb","ID:329",113079,"State_Territory",20.02,"Very High","2022-11-13","2024-02-03","SARS-CoV-2","2026-08-14 12:48"
"Georgia","Cobb","ID:330",304020,"State_Territory",57.28,"Very High","2022-12-25","2024-02-03","SARS-CoV-2","2026-08-14 12:48"
"Georgia","Dougherty","ID:332",66000,"State_Territory",19.01,"Very High","2023-05-17","2024-02-03","SARS-CoV-2","2026-08-14 12:48"
"Georgia","Douglas","ID:333",37256,"State_Territory",25.18,"Very High","2023-07-17","2024-02-03","SARS-CoV-2","2026-08-14 12:48"
"Georgia","Floyd","ID:334",38111,"State_Territory",41.81,"Very High","2023-02-20","2024-02-03","SARS-CoV-2","2026-08-14 12:48"
"Georgia","Forsyth","ID:335",44000,"State_Territory",44.49,"Very High","2022-12-25","2024-02-03","SARS-CoV-2","2026-08-14 12:48"
"Georgia","Fulton","ID:336",84486,"WastewaterSCAN",17.02,"Very High","2022-08-07","2024-02-03","SARS-CoV-2","2026-08-14 12:48"
"Georgia","Fulton","ID:337",189593,"WastewaterSCAN",14.84,"Very High","2022-08-07","2024-02-03","SARS-CoV-2","2026-08-14 12:48"
"Georgia","Fulton","ID:338",190000,"WastewaterSCAN",19.17,"Very High","2022-08-07","2024-02-03","SARS-CoV-2","2026-08-14 12:48"
"Georgia","Fulton","ID:339",600000,"WastewaterSCAN",22.27,"Very High","2022-12-11","2024-02-03","SARS-CoV-2","2026-08-14 12:48"
"Georgia","Fulton","ID:340",105160,"WastewaterSCAN",11.92,"Very High","2022-12-11","2024-02-03","SARS-CoV-2","2026-08-14 12:48"
"Georgia","Fulton","ID:341",70887,"WastewaterSCAN",14.3,"Very High","2022-12-11","2024-02-03","SARS-CoV-2","2026-08-14 12:48"
"Georgia","Gwinnett","ID:342",496000,"State_Territory",92.37,"Very High","2022-05-23","2024-02-03","SARS-CoV-2","2026-08-14 12:48"
"Georgia","Houston","ID:343",86000,"State_Territory",21.04,"Very High","2024-01-11","2024-02-03","SARS-CoV-2","2026-08-14 12:48"
"Georgia","Laurens","ID:344",18000,"State_Territory",19.69,"Very High","2022-12-25","2024-02-03","SARS-CoV-2","2026-08-14 12:48"
"Georgia","Chattahoochee, Muscogee","ID:346",278000,"WastewaterSCAN",38.3,"Very High","2022-09-26","2024-02-03","SARS-CoV-2","2026-08-14 12:48"
"Georgia","Newton","ID:347",32000,"State_Territory",28.13,"Very High","2022-07-27","2024-02-03","SARS-CoV-2","2026-08-14 12:48"
"Georgia","Paulding","ID:348",19000,"State_Territory",17.24,"Very High","2022-11-10","2024-02-03","SARS-CoV-2","2026-08-14 12:48"
"Georgia","Paulding","ID:349",14000,"State_Territory",13.66,"Very High","2022-05-22","2024-02-03","SARS-CoV-2","2026-08-14 12:48"
"Georgia","Richmond","ID:353",200000,"State_Territory",17.13,"Very High","2022-07-25","2024-02-03","SARS-CoV-2","2026-08-14 12:48"
"Georgia","Treutlen","ID:354",3100,"State_Territory",17.04,"Very High","2023-11-02","2024-02-03","SARS-CoV-2","2026-08-14 12:48"
"Georgia","Bulloch","ID:325",35000,"State_Territory",16.7,"Very High","2023-06-23","2024-01-27","SARS-CoV-2","2026-08-14 12:48"
"Georgia","Cherokee, Fulton","ID:326",12818,"WastewaterSCAN",12.2,"Very High","2022-08-08","2024-01-27","SARS-CoV-2","2026-08-14 12:48"
"Georgia","Clarke","ID:327",60000,"State_Territory",7.05,"Moderate","2022-06-26","2024-01-27","SARS-CoV-2","2026-08-14 12:48"
"Georgia","Clayton","ID:328",124000,"State_Territory",23.95,"Very High","2023-05-18","2024-01-27","SARS-CoV-2","2026-08-14 12:48"
"Georgia","Cobb","ID:329",113079,"State_Territory",27.64,"Very High","2022-11-13","2024-01-27","SARS-CoV-2","2026-08-14 12:48"
"Georgia","Cobb","ID:330",304020,"State_Territory",51.59,"Very High","2022-12-25","2024-01-27","SARS-CoV-2","2026-08-14 12:48"
"Georgia","Dougherty","ID:332",66000,"State_Territory",18.91,"Very High","2023-05-17","2024-01-27","SARS-CoV-2","2026-08-14 12:48"
"Georgia","Douglas","ID:333",37256,"State_Territory",11.51,"High","2023-07-17","2024-01-27","SARS-CoV-2","2026-08-14 12:48"
"Georgia","Floyd","ID:334",38111,"State_Territory",30.31,"Very High","2023-02-20","2024-01-27","SARS-CoV-2","2026-08-14 12:48"
"Georgia","Forsyth","ID:335",44000,"State_Territory",39.12,"Very High","2022-12-25","2024-01-27","SARS-CoV-2","2026-08-14 12:48"
"Georgia","Fulton","ID:336",84486,"WastewaterSCAN",24.83,"Very High","2022-08-07","2024-01-27","SARS-CoV-2","2026-08-14 12:48"
"Georgia","Fulton","ID:337",189593,"WastewaterSCAN",18.65,"Very High","2022-08-07","2024-01-27","SARS-CoV-2","2026-08-14 12:48"
"Georgia","Fulton","ID:338",190000,"WastewaterSCAN",18.28,"Very High","2022-08-07","2024-01-27","SARS-CoV-2","2026-08-14 12:48"
"Georgia","Fulton","ID:339",600000,"WastewaterSCAN",24.73,"Very High","2022-12-11","2024-01-27","SARS-CoV-2","2026-08-14 12:48"
"Georgia","Fulton","ID:340",105160,"WastewaterSCAN",16.07,"Very High","2022-12-11","2024-01-27","SARS-CoV-2","2026-08-14 12:48"
"Georgia","Fulton","ID:341",70887,"WastewaterSCAN",10,"High","2022-12-11","2024-01-27","SARS-CoV-2","2026-08-14 12:48"
"Georgia","Gwinnett","ID:342",496000,"State_Territory",45.82,"Very High","2022-05-23","2024-01-27","SARS-CoV-2","2026-08-14 12:48"
"Georgia","Houston","ID:343",86000,"State_Territory",21.89,"Very High","2024-01-11","2024-01-27","SARS-CoV-2","2026-08-14 12:48"
"Georgia","Laurens","ID:344",18000,"State_Territory",17.45,"Very High","2022-12-25","2024-01-27","SARS-CoV-2","2026-08-14 12:48"
"Georgia","Chattahoochee, Muscogee","ID:346",278000,"WastewaterSCAN",30.34,"Very High","2022-09-26","2024-01-27","SARS-CoV-2","2026-08-14 12:48"
"Georgia","Newton","ID:347",32000,"State_Territory",32.76,"Very High","2022-07-27","2024-01-27","SARS-CoV-2","2026-08-14 12:48"
"Georgia","Paulding","ID:348",19000,"State_Territory",19.62,"Very High","2022-11-10","2024-01-27","SARS-CoV-2","2026-08-14 12:48"
"Georgia","Paulding","ID:349",14000,"State_Territory",27,"Very High","2022-05-22","2024-01-27","SARS-CoV-2","2026-08-14 12:48"
"Georgia","Richmond","ID:353",200000,"State_Territory",12.26,"Very High","2022-07-25","2024-01-27","SARS-CoV-2","2026-08-14 12:48"
"Georgia","Treutlen","ID:354",3100,"State_Territory",13.91,"Very High","2023-11-02","2024-01-27","SARS-CoV-2","2026-08-14 12:48"
"Georgia","Bulloch","ID:325",35000,"State_Territory",9.23,"High","2023-06-23","2024-01-20","SARS-CoV-2","2026-08-14 12:48"
"Georgia","Cherokee, Fulton","ID:326",12818,"WastewaterSCAN",7.98,"High","2022-08-08","2024-01-20","SARS-CoV-2","2026-08-14 12:48"
"Georgia","Clarke","ID:327",60000,"State_Territory",20.36,"Very High","2022-06-26","2024-01-20","SARS-CoV-2","2026-08-14 12:48"
"Georgia","Cobb","ID:329",113079,"State_Territory",50.03,"Very High","2022-11-13","2024-01-20","SARS-CoV-2","2026-08-14 12:48"
"Georgia","Cobb","ID:330",304020,"State_Territory",45.67,"Very High","2022-12-25","2024-01-20","SARS-CoV-2","2026-08-14 12:48"
"Georgia","Dougherty","ID:332",66000,"State_Territory",8.8,"High","2023-05-17","2024-01-20","SARS-CoV-2","2026-08-14 12:48"
"Georgia","Floyd","ID:334",38111,"State_Territory",12.71,"Very High","2023-02-20","2024-01-20","SARS-CoV-2","2026-08-14 12:48"
"Georgia","Forsyth","ID:335",44000,"State_Territory",37.04,"Very High","2022-12-25","2024-01-20","SARS-CoV-2","2026-08-14 12:48"
"Georgia","Fulton","ID:336",84486,"WastewaterSCAN",22.77,"Very High","2022-08-07","2024-01-20","SARS-CoV-2","2026-08-14 12:48"
"Georgia","Fulton","ID:337",189593,"WastewaterSCAN",25.41,"Very High","2022-08-07","2024-01-20","SARS-CoV-2","2026-08-14 12:48"
"Georgia","Fulton","ID:338",190000,"WastewaterSCAN",16.18,"Very High","2022-08-07","2024-01-20","SARS-CoV-2","2026-08-14 12:48"
"Georgia","Fulton","ID:339",600000,"WastewaterSCAN",19.93,"Very High","2022-12-11","2024-01-20","SARS-CoV-2","2026-08-14 12:48"
"Georgia","Fulton","ID:340",105160,"WastewaterSCAN",2.72,"Low","2022-12-11","2024-01-20","SARS-CoV-2","2026-08-14 12:48"
"Georgia","Fulton","ID:341",70887,"WastewaterSCAN",21.41,"Very High","2022-12-11","2024-01-20","SARS-CoV-2","2026-08-14 12:48"
"Georgia","Gwinnett","ID:342",496000,"State_Territory",24.1,"Very High","2022-05-23","2024-01-20","SARS-CoV-2","2026-08-14 12:48"
"Georgia","Houston","ID:343",86000,"State_Territory",10.1,"High","2024-01-11","2024-01-20","SARS-CoV-2","2026-08-14 12:48"
"Georgia","Laurens","ID:344",18000,"State_Territory",6.07,"Moderate","2022-12-25","2024-01-20","SARS-CoV-2","2026-08-14 12:48"
"Georgia","Chattahoochee, Muscogee","ID:346",278000,"WastewaterSCAN",27.51,"Very High","2022-09-26","2024-01-20","SARS-CoV-2","2026-08-14 12:48"
"Georgia","Newton","ID:347",32000,"State_Territory",26.62,"Very High","2022-07-27","2024-01-20","SARS-CoV-2","2026-08-14 12:48"
"Georgia","Richmond","ID:353",200000,"State_Territory",4.25,"Low","2022-07-25","2024-01-20","SARS-CoV-2","2026-08-14 12:48"
"Georgia","Treutlen","ID:354",3100,"State_Territory",11.93,"Very High","2023-11-02","2024-01-20","SARS-CoV-2","2026-08-14 12:48"
"Georgia","Bulloch","ID:325",35000,"State_Territory",8.06,"High","2023-06-23","2024-01-13","SARS-CoV-2","2026-08-14 12:48"
"Georgia","Cherokee, Fulton","ID:326",12818,"WastewaterSCAN",12.04,"Very High","2022-08-08","2024-01-13","SARS-CoV-2","2026-08-14 12:48"
"Georgia","Clarke","ID:327",60000,"State_Territory",45.1,"Very High","2022-06-26","2024-01-13","SARS-CoV-2","2026-08-14 12:48"
"Georgia","Cobb","ID:329",113079,"State_Territory",25.83,"Very High","2022-11-13","2024-01-13","SARS-CoV-2","2026-08-14 12:48"
"Georgia","Cobb","ID:330",304020,"State_Territory",53.34,"Very High","2022-12-25","2024-01-13","SARS-CoV-2","2026-08-14 12:48"
"Georgia","Dougherty","ID:332",66000,"State_Territory",7.26,"Moderate","2023-05-17","2024-01-13","SARS-CoV-2","2026-08-14 12:48"
"Georgia","Douglas","ID:333",37256,"State_Territory",11.49,"High","2023-07-17","2024-01-13","SARS-CoV-2","2026-08-14 12:48"
"Georgia","Floyd","ID:334",38111,"State_Territory",33.06,"Very High","2023-02-20","2024-01-13","SARS-CoV-2","2026-08-14 12:48"
"Georgia","Forsyth","ID:335",44000,"State_Territory",48.02,"Very High","2022-12-25","2024-01-13","SARS-CoV-2","2026-08-14 12:48"
"Georgia","Fulton","ID:336",84486,"WastewaterSCAN",14.15,"Very High","2022-08-07","2024-01-13","SARS-CoV-2","2026-08-14 12:48"
"Georgia","Fulton","ID:337",189593,"WastewaterSCAN",28.19,"Very High","2022-08-07","2024-01-13","SARS-CoV-2","2026-08-14 12:48"
"Georgia","Fulton","ID:338",190000,"WastewaterSCAN",14.87,"Very High","2022-08-07","2024-01-13","SARS-CoV-2","2026-08-14 12:48"
"Georgia","Fulton","ID:339",600000,"WastewaterSCAN",12.05,"Very High","2022-12-11","2024-01-13","SARS-CoV-2","2026-08-14 12:48"
"Georgia","Fulton","ID:340",105160,"WastewaterSCAN",8.99,"High","2022-12-11","2024-01-13","SARS-CoV-2","2026-08-14 12:48"
"Georgia","Fulton","ID:341",70887,"WastewaterSCAN",14.7,"Very High","2022-12-11","2024-01-13","SARS-CoV-2","2026-08-14 12:48"
"Georgia","Houston","ID:343",86000,"State_Territory",9.07,"High","2024-01-11","2024-01-13","SARS-CoV-2","2026-08-14 12:48"
"Georgia","Laurens","ID:344",18000,"State_Territory",15.29,"Very High","2022-12-25","2024-01-13","SARS-CoV-2","2026-08-14 12:48"
"Georgia","Chattahoochee, Muscogee","ID:346",278000,"WastewaterSCAN",20.37,"Very High","2022-09-26","2024-01-13","SARS-CoV-2","2026-08-14 12:48"
"Georgia","Newton","ID:347",32000,"State_Territory",20.25,"Very High","2022-07-27","2024-01-13","SARS-CoV-2","2026-08-14 12:48"
"Georgia","Paulding","ID:349",14000,"State_Territory",87.71,"Very High","2022-05-22","2024-01-13","SARS-CoV-2","2026-08-14 12:48"
"Georgia","Treutlen","ID:354",3100,"State_Territory",3.14,"Low","2023-11-02","2024-01-13","SARS-CoV-2","2026-08-14 12:48"
"Georgia","Bulloch","ID:325",35000,"State_Territory",4.59,"Low","2023-06-23","2024-01-06","SARS-CoV-2","2026-08-14 12:48"
"Georgia","Cherokee, Fulton","ID:326",12818,"WastewaterSCAN",11.36,"High","2022-08-08","2024-01-06","SARS-CoV-2","2026-08-14 12:48"
"Georgia","Clarke","ID:327",60000,"State_Territory",25.41,"Very High","2022-06-26","2024-01-06","SARS-CoV-2","2026-08-14 12:48"
"Georgia","Clayton","ID:328",124000,"State_Territory",31.3,"Very High","2023-05-18","2024-01-06","SARS-CoV-2","2026-08-14 12:48"
"Georgia","Cobb","ID:329",190000,"State_Territory",32.79,"Very High","2022-11-13","2024-01-06","SARS-CoV-2","2026-08-14 12:48"
"Georgia","Cobb","ID:330",304020,"State_Territory",50.28,"Very High","2022-12-25","2024-01-06","SARS-CoV-2","2026-08-14 12:48"
"Georgia","Dougherty","ID:332",66000,"State_Territory",19.99,"Very High","2023-05-17","2024-01-06","SARS-CoV-2","2026-08-14 12:48"
"Georgia","Floyd","ID:334",38111,"State_Territory",59.06,"Very High","2023-02-20","2024-01-06","SARS-CoV-2","2026-08-14 12:48"
"Georgia","Forsyth","ID:335",44000,"State_Territory",57.31,"Very High","2022-12-25","2024-01-06","SARS-CoV-2","2026-08-14 12:48"
"Georgia","Fulton","ID:336",84486,"WastewaterSCAN",24.14,"Very High","2022-08-07","2024-01-06","SARS-CoV-2","2026-08-14 12:48"
"Georgia","Fulton","ID:337",189593,"WastewaterSCAN",25.54,"Very High","2022-08-07","2024-01-06","SARS-CoV-2","2026-08-14 12:48"
"Georgia","Fulton","ID:338",190000,"WastewaterSCAN",17.15,"Very High","2022-08-07","2024-01-06","SARS-CoV-2","2026-08-14 12:48"
"Georgia","Fulton","ID:339",600000,"WastewaterSCAN",13.36,"Very High","2022-12-11","2024-01-06","SARS-CoV-2","2026-08-14 12:48"
"Georgia","Fulton","ID:340",105160,"WastewaterSCAN",7.82,"Moderate","2022-12-11","2024-01-06","SARS-CoV-2","2026-08-14 12:48"
"Georgia","Fulton","ID:341",70887,"WastewaterSCAN",23.69,"Very High","2022-12-11","2024-01-06","SARS-CoV-2","2026-08-14 12:48"
"Georgia","Gwinnett","ID:342",650000,"State_Territory",58.29,"Very High","2022-05-23","2024-01-06","SARS-CoV-2","2026-08-14 12:48"
"Georgia","Houston","ID:343",120000,"State_Territory",18.95,"Very High","2024-01-11","2024-01-06","SARS-CoV-2","2026-08-14 12:48"
"Georgia","Laurens","ID:344",18000,"State_Territory",24.66,"Very High","2022-12-25","2024-01-06","SARS-CoV-2","2026-08-14 12:48"
"Georgia","Chattahoochee, Muscogee","ID:346",278000,"WastewaterSCAN",21.17,"Very High","2022-09-26","2024-01-06","SARS-CoV-2","2026-08-14 12:48"
"Georgia","Newton","ID:347",32000,"State_Territory",36.42,"Very High","2022-07-27","2024-01-06","SARS-CoV-2","2026-08-14 12:48"
"Georgia","Paulding","ID:349",14000,"State_Territory",1,"Very Low","2022-05-22","2024-01-06","SARS-CoV-2","2026-08-14 12:48"
"Georgia","Treutlen","ID:354",3100,"State_Territory",14.79,"Very High","2023-11-02","2024-01-06","SARS-CoV-2","2026-08-14 12:48"
"Georgia","Bulloch","ID:325",15000,"State_Territory",5.86,"Moderate","2023-06-23","2023-12-30","SARS-CoV-2","2026-08-14 12:48"
"Georgia","Cherokee, Fulton","ID:326",12818,"WastewaterSCAN",9.7,"High","2022-08-08","2023-12-30","SARS-CoV-2","2026-08-14 12:48"
"Georgia","Clarke","ID:327",60000,"State_Territory",42.92,"Very High","2022-06-26","2023-12-30","SARS-CoV-2","2026-08-14 12:48"
"Georgia","Cobb","ID:329",190000,"State_Territory",28.95,"Very High","2022-11-13","2023-12-30","SARS-CoV-2","2026-08-14 12:48"
"Georgia","Cobb","ID:330",190000,"State_Territory",53.99,"Very High","2022-12-25","2023-12-30","SARS-CoV-2","2026-08-14 12:48"
"Georgia","Dougherty","ID:332",50000,"State_Territory",16.59,"Very High","2023-05-17","2023-12-30","SARS-CoV-2","2026-08-14 12:48"
"Georgia","Floyd","ID:334",75000,"State_Territory",34.98,"Very High","2023-02-20","2023-12-30","SARS-CoV-2","2026-08-14 12:48"
"Georgia","Forsyth","ID:335",36500,"State_Territory",42.34,"Very High","2022-12-25","2023-12-30","SARS-CoV-2","2026-08-14 12:48"
"Georgia","Fulton","ID:336",84486,"WastewaterSCAN",17.95,"Very High","2022-08-07","2023-12-30","SARS-CoV-2","2026-08-14 12:48"
"Georgia","Fulton","ID:337",189593,"WastewaterSCAN",19.61,"Very High","2022-08-07","2023-12-30","SARS-CoV-2","2026-08-14 12:48"
"Georgia","Fulton","ID:338",190000,"WastewaterSCAN",15.4,"Very High","2022-08-07","2023-12-30","SARS-CoV-2","2026-08-14 12:48"
"Georgia","Fulton","ID:339",600000,"WastewaterSCAN",31.78,"Very High","2022-12-11","2023-12-30","SARS-CoV-2","2026-08-14 12:48"
"Georgia","Fulton","ID:340",105160,"WastewaterSCAN",5.48,"Moderate","2022-12-11","2023-12-30","SARS-CoV-2","2026-08-14 12:48"
"Georgia","Fulton","ID:341",70887,"WastewaterSCAN",6.61,"Moderate","2022-12-11","2023-12-30","SARS-CoV-2","2026-08-14 12:48"
"Georgia","Houston","ID:343",120000,"State_Territory",24.26,"Very High","2024-01-11","2023-12-30","SARS-CoV-2","2026-08-14 12:48"
"Georgia","Laurens","ID:344",17000,"State_Territory",7.61,"Moderate","2022-12-25","2023-12-30","SARS-CoV-2","2026-08-14 12:48"
"Georgia","Chattahoochee, Muscogee","ID:346",278000,"WastewaterSCAN",17.87,"Very High","2022-09-26","2023-12-30","SARS-CoV-2","2026-08-14 12:48"
"Georgia","Newton","ID:347",32000,"State_Territory",34,"Very High","2022-07-27","2023-12-30","SARS-CoV-2","2026-08-14 12:48"
"Georgia","Paulding","ID:348",10000,"State_Territory",23.82,"Very High","2022-11-10","2023-12-30","SARS-CoV-2","2026-08-14 12:48"
"Georgia","Treutlen","ID:354",3100,"State_Territory",7.54,"Moderate","2023-11-02","2023-12-30","SARS-CoV-2","2026-08-14 12:48"
"Georgia","Bulloch","ID:325",15000,"State_Territory",5.9,"Moderate","2023-06-23","2023-12-23","SARS-CoV-2","2026-08-14 12:48"
"Georgia","Cherokee, Fulton","ID:326",12818,"WastewaterSCAN",14.66,"Very High","2022-08-08","2023-12-23","SARS-CoV-2","2026-08-14 12:48"
"Georgia","Clarke","ID:327",60000,"State_Territory",41.2,"Very High","2022-06-26","2023-12-23","SARS-CoV-2","2026-08-14 12:48"
"Georgia","Cobb","ID:329",190000,"State_Territory",17.89,"Very High","2022-11-13","2023-12-23","SARS-CoV-2","2026-08-14 12:48"
"Georgia","Cobb","ID:330",190000,"State_Territory",50.09,"Very High","2022-12-25","2023-12-23","SARS-CoV-2","2026-08-14 12:48"
"Georgia","Dougherty","ID:332",50000,"State_Territory",13.27,"Very High","2023-05-17","2023-12-23","SARS-CoV-2","2026-08-14 12:48"
"Georgia","Floyd","ID:334",75000,"State_Territory",28.81,"Very High","2023-02-20","2023-12-23","SARS-CoV-2","2026-08-14 12:48"
"Georgia","Forsyth","ID:335",36500,"State_Territory",9.88,"High","2022-12-25","2023-12-23","SARS-CoV-2","2026-08-14 12:48"
"Georgia","Fulton","ID:336",84486,"WastewaterSCAN",29.31,"Very High","2022-08-07","2023-12-23","SARS-CoV-2","2026-08-14 12:48"
"Georgia","Fulton","ID:337",189593,"WastewaterSCAN",23.34,"Very High","2022-08-07","2023-12-23","SARS-CoV-2","2026-08-14 12:48"
"Georgia","Fulton","ID:338",190000,"WastewaterSCAN",20.82,"Very High","2022-08-07","2023-12-23","SARS-CoV-2","2026-08-14 12:48"
"Georgia","Fulton","ID:339",600000,"WastewaterSCAN",21.53,"Very High","2022-12-11","2023-12-23","SARS-CoV-2","2026-08-14 12:48"
"Georgia","Fulton","ID:340",105160,"WastewaterSCAN",5.09,"Moderate","2022-12-11","2023-12-23","SARS-CoV-2","2026-08-14 12:48"
"Georgia","Fulton","ID:341",70887,"WastewaterSCAN",3.84,"Low","2022-12-11","2023-12-23","SARS-CoV-2","2026-08-14 12:48"
"Georgia","Gwinnett","ID:342",650000,"State_Territory",38.62,"Very High","2022-05-23","2023-12-23","SARS-CoV-2","2026-08-14 12:48"
"Georgia","Houston","ID:343",120000,"State_Territory",15.85,"Very High","2024-01-11","2023-12-23","SARS-CoV-2","2026-08-14 12:48"
"Georgia","Laurens","ID:344",17000,"State_Territory",6.04,"Moderate","2022-12-25","2023-12-23","SARS-CoV-2","2026-08-14 12:48"
"Georgia","Chattahoochee, Muscogee","ID:346",278000,"WastewaterSCAN",12.78,"Very High","2022-09-26","2023-12-23","SARS-CoV-2","2026-08-14 12:48"
"Georgia","Newton","ID:347",32000,"State_Territory",22.96,"Very High","2022-07-27","2023-12-23","SARS-CoV-2","2026-08-14 12:48"
"Georgia","Paulding","ID:348",10000,"State_Territory",43.49,"Very High","2022-11-10","2023-12-23","SARS-CoV-2","2026-08-14 12:48"
"Georgia","Paulding","ID:349",8000,"State_Territory",23.63,"Very High","2022-05-22","2023-12-23","SARS-CoV-2","2026-08-14 12:48"
"Georgia","Treutlen","ID:354",3100,"State_Territory",1.98,"Very Low","2023-11-02","2023-12-23","SARS-CoV-2","2026-08-14 12:48"
"Georgia","Bulloch","ID:325",15000,"State_Territory",2.62,"Low","2023-06-23","2023-12-16","SARS-CoV-2","2026-08-14 12:48"
"Georgia","Cherokee, Fulton","ID:326",12818,"WastewaterSCAN",6.96,"Moderate","2022-08-08","2023-12-16","SARS-CoV-2","2026-08-14 12:48"
"Georgia","Clarke","ID:327",60000,"State_Territory",25.55,"Very High","2022-06-26","2023-12-16","SARS-CoV-2","2026-08-14 12:48"
"Georgia","Clayton","ID:328",123715,"State_Territory",7.08,"Moderate","2023-05-18","2023-12-16","SARS-CoV-2","2026-08-14 12:48"
"Georgia","Cobb","ID:329",190000,"State_Territory",13.26,"Very High","2022-11-13","2023-12-16","SARS-CoV-2","2026-08-14 12:48"
"Georgia","Cobb","ID:330",190000,"State_Territory",25.47,"Very High","2022-12-25","2023-12-16","SARS-CoV-2","2026-08-14 12:48"
"Georgia","Dougherty","ID:332",50000,"State_Territory",7.51,"Moderate","2023-05-17","2023-12-16","SARS-CoV-2","2026-08-14 12:48"
"Georgia","Floyd","ID:334",75000,"State_Territory",33.2,"Very High","2023-02-20","2023-12-16","SARS-CoV-2","2026-08-14 12:48"
"Georgia","Forsyth","ID:335",36500,"State_Territory",25.85,"Very High","2022-12-25","2023-12-16","SARS-CoV-2","2026-08-14 12:48"
"Georgia","Fulton","ID:336",84486,"WastewaterSCAN",12.64,"Very High","2022-08-07","2023-12-16","SARS-CoV-2","2026-08-14 12:48"
"Georgia","Fulton","ID:337",189593,"WastewaterSCAN",9.51,"High","2022-08-07","2023-12-16","SARS-CoV-2","2026-08-14 12:48"
"Georgia","Fulton","ID:338",190000,"WastewaterSCAN",14.56,"Very High","2022-08-07","2023-12-16","SARS-CoV-2","2026-08-14 12:48"
"Georgia","Fulton","ID:339",600000,"WastewaterSCAN",16.56,"Very High","2022-12-11","2023-12-16","SARS-CoV-2","2026-08-14 12:48"
"Georgia","Fulton","ID:340",105160,"WastewaterSCAN",4.23,"Low","2022-12-11","2023-12-16","SARS-CoV-2","2026-08-14 12:48"
"Georgia","Fulton","ID:341",70887,"WastewaterSCAN",5.27,"Moderate","2022-12-11","2023-12-16","SARS-CoV-2","2026-08-14 12:48"
"Georgia","Houston","ID:343",120000,"State_Territory",6.89,"Moderate","2024-01-11","2023-12-16","SARS-CoV-2","2026-08-14 12:48"
"Georgia","Laurens","ID:344",17000,"State_Territory",7.89,"Moderate","2022-12-25","2023-12-16","SARS-CoV-2","2026-08-14 12:48"
"Georgia","Chattahoochee, Muscogee","ID:346",278000,"WastewaterSCAN",7.28,"Moderate","2022-09-26","2023-12-16","SARS-CoV-2","2026-08-14 12:48"
"Georgia","Newton","ID:347",32000,"State_Territory",26.64,"Very High","2022-07-27","2023-12-16","SARS-CoV-2","2026-08-14 12:48"
"Georgia","Paulding","ID:349",8000,"State_Territory",20.88,"Very High","2022-05-22","2023-12-16","SARS-CoV-2","2026-08-14 12:48"
"Georgia","Treutlen","ID:354",3100,"State_Territory",0.81,"Very Low","2023-11-02","2023-12-16","SARS-CoV-2","2026-08-14 12:48"
"Georgia","Bulloch","ID:325",15000,"State_Territory",4.13,"Low","2023-06-23","2023-12-09","SARS-CoV-2","2026-08-14 12:48"
"Georgia","Cherokee, Fulton","ID:326",12818,"WastewaterSCAN",11.37,"High","2022-08-08","2023-12-09","SARS-CoV-2","2026-08-14 12:48"
"Georgia","Clarke","ID:327",60000,"State_Territory",17.03,"Very High","2022-06-26","2023-12-09","SARS-CoV-2","2026-08-14 12:48"
"Georgia","Clayton","ID:328",123715,"State_Territory",9.4,"High","2023-05-18","2023-12-09","SARS-CoV-2","2026-08-14 12:48"
"Georgia","Cobb","ID:329",190000,"State_Territory",10.81,"High","2022-11-13","2023-12-09","SARS-CoV-2","2026-08-14 12:48"
"Georgia","Cobb","ID:330",190000,"State_Territory",26.73,"Very High","2022-12-25","2023-12-09","SARS-CoV-2","2026-08-14 12:48"
"Georgia","Dougherty","ID:332",50000,"State_Territory",7.57,"Moderate","2023-05-17","2023-12-09","SARS-CoV-2","2026-08-14 12:48"
"Georgia","Floyd","ID:334",75000,"State_Territory",22.61,"Very High","2023-02-20","2023-12-09","SARS-CoV-2","2026-08-14 12:48"
"Georgia","Forsyth","ID:335",36500,"State_Territory",34.37,"Very High","2022-12-25","2023-12-09","SARS-CoV-2","2026-08-14 12:48"
"Georgia","Fulton","ID:336",84486,"WastewaterSCAN",5.01,"Moderate","2022-08-07","2023-12-09","SARS-CoV-2","2026-08-14 12:48"
"Georgia","Fulton","ID:337",189593,"WastewaterSCAN",11.16,"High","2022-08-07","2023-12-09","SARS-CoV-2","2026-08-14 12:48"
"Georgia","Fulton","ID:338",190000,"WastewaterSCAN",22.15,"Very High","2022-08-07","2023-12-09","SARS-CoV-2","2026-08-14 12:48"
"Georgia","Fulton","ID:339",600000,"WastewaterSCAN",8.65,"High","2022-12-11","2023-12-09","SARS-CoV-2","2026-08-14 12:48"
"Georgia","Fulton","ID:340",105160,"WastewaterSCAN",9.48,"High","2022-12-11","2023-12-09","SARS-CoV-2","2026-08-14 12:48"
"Georgia","Fulton","ID:341",70887,"WastewaterSCAN",6.41,"Moderate","2022-12-11","2023-12-09","SARS-CoV-2","2026-08-14 12:48"
"Georgia","Gwinnett","ID:342",650000,"State_Territory",21.1,"Very High","2022-05-23","2023-12-09","SARS-CoV-2","2026-08-14 12:48"
"Georgia","Houston","ID:343",120000,"State_Territory",4.78,"Low","2024-01-11","2023-12-09","SARS-CoV-2","2026-08-14 12:48"
"Georgia","Laurens","ID:344",17000,"State_Territory",7.24,"Moderate","2022-12-25","2023-12-09","SARS-CoV-2","2026-08-14 12:48"
"Georgia","Chattahoochee, Muscogee","ID:346",278000,"WastewaterSCAN",11.07,"High","2022-09-26","2023-12-09","SARS-CoV-2","2026-08-14 12:48"
"Georgia","Newton","ID:347",32000,"State_Territory",22.16,"Very High","2022-07-27","2023-12-09","SARS-CoV-2","2026-08-14 12:48"
"Georgia","Paulding","ID:348",10000,"State_Territory",16.3,"Very High","2022-11-10","2023-12-09","SARS-CoV-2","2026-08-14 12:48"
"Georgia","Paulding","ID:349",8000,"State_Territory",11.2,"High","2022-05-22","2023-12-09","SARS-CoV-2","2026-08-14 12:48"
"Georgia","Richmond","ID:353",198000,"State_Territory",7.55,"Moderate","2022-07-25","2023-12-09","SARS-CoV-2","2026-08-14 12:48"
"Georgia","Treutlen","ID:354",3100,"State_Territory",1.31,"Very Low","2023-11-02","2023-12-09","SARS-CoV-2","2026-08-14 12:48"
"Georgia","Bulloch","ID:325",15000,"State_Territory",2.54,"Very Low","2023-06-23","2023-12-02","SARS-CoV-2","2026-08-14 12:48"
"Georgia","Cherokee, Fulton","ID:326",12818,"WastewaterSCAN",4.42,"Low","2022-08-08","2023-12-02","SARS-CoV-2","2026-08-14 12:48"
"Georgia","Clarke","ID:327",60000,"State_Territory",14.7,"Very High","2022-06-26","2023-12-02","SARS-CoV-2","2026-08-14 12:48"
"Georgia","Clayton","ID:328",123715,"State_Territory",16.41,"Very High","2023-05-18","2023-12-02","SARS-CoV-2","2026-08-14 12:48"
"Georgia","Cobb","ID:329",190000,"State_Territory",11.58,"High","2022-11-13","2023-12-02","SARS-CoV-2","2026-08-14 12:48"
"Georgia","Dougherty","ID:332",50000,"State_Territory",5.6,"Moderate","2023-05-17","2023-12-02","SARS-CoV-2","2026-08-14 12:48"
"Georgia","Douglas","ID:333",180000,"State_Territory",12.15,"Very High","2023-07-17","2023-12-02","SARS-CoV-2","2026-08-14 12:48"
"Georgia","Floyd","ID:334",75000,"State_Territory",18.32,"Very High","2023-02-20","2023-12-02","SARS-CoV-2","2026-08-14 12:48"
"Georgia","Forsyth","ID:335",36500,"State_Territory",24.05,"Very High","2022-12-25","2023-12-02","SARS-CoV-2","2026-08-14 12:48"
"Georgia","Fulton","ID:336",84486,"WastewaterSCAN",4.94,"Moderate","2022-08-07","2023-12-02","SARS-CoV-2","2026-08-14 12:48"
"Georgia","Fulton","ID:337",189593,"WastewaterSCAN",7.31,"Moderate","2022-08-07","2023-12-02","SARS-CoV-2","2026-08-14 12:48"
"Georgia","Fulton","ID:338",190000,"WastewaterSCAN",5.96,"Moderate","2022-08-07","2023-12-02","SARS-CoV-2","2026-08-14 12:48"
"Georgia","Fulton","ID:339",600000,"WastewaterSCAN",12.09,"Very High","2022-12-11","2023-12-02","SARS-CoV-2","2026-08-14 12:48"
"Georgia","Fulton","ID:340",105160,"WastewaterSCAN",5.29,"Moderate","2022-12-11","2023-12-02","SARS-CoV-2","2026-08-14 12:48"
"Georgia","Fulton","ID:341",70887,"WastewaterSCAN",2.99,"Low","2022-12-11","2023-12-02","SARS-CoV-2","2026-08-14 12:48"
"Georgia","Gwinnett","ID:342",650000,"State_Territory",18.07,"Very High","2022-05-23","2023-12-02","SARS-CoV-2","2026-08-14 12:48"
"Georgia","Houston","ID:343",120000,"State_Territory",5.88,"Moderate","2024-01-11","2023-12-02","SARS-CoV-2","2026-08-14 12:48"
"Georgia","Laurens","ID:344",17000,"State_Territory",10.58,"High","2022-12-25","2023-12-02","SARS-CoV-2","2026-08-14 12:48"
"Georgia","Chattahoochee, Muscogee","ID:346",278000,"WastewaterSCAN",10.7,"High","2022-09-26","2023-12-02","SARS-CoV-2","2026-08-14 12:48"
"Georgia","Newton","ID:347",32000,"State_Territory",18.44,"Very High","2022-07-27","2023-12-02","SARS-CoV-2","2026-08-14 12:48"
"Georgia","Paulding","ID:348",10000,"State_Territory",14.81,"Very High","2022-11-10","2023-12-02","SARS-CoV-2","2026-08-14 12:48"
"Georgia","Paulding","ID:349",8000,"State_Territory",11.12,"High","2022-05-22","2023-12-02","SARS-CoV-2","2026-08-14 12:48"
"Georgia","Richmond","ID:353",198000,"State_Territory",2.86,"Low","2022-07-25","2023-12-02","SARS-CoV-2","2026-08-14 12:48"
"Georgia","Treutlen","ID:354",3100,"State_Territory",2.15,"Very Low","2023-11-02","2023-12-02","SARS-CoV-2","2026-08-14 12:48"
"Georgia","Cherokee, Fulton","ID:326",12818,"WastewaterSCAN",7.47,"Moderate","2022-08-08","2023-11-25","SARS-CoV-2","2026-08-14 12:48"
"Georgia","Clarke","ID:327",60000,"State_Territory",14.48,"Very High","2022-06-26","2023-11-25","SARS-CoV-2","2026-08-14 12:48"
"Georgia","Clayton","ID:328",123715,"State_Territory",8.03,"High","2023-05-18","2023-11-25","SARS-CoV-2","2026-08-14 12:48"
"Georgia","Cobb","ID:330",190000,"State_Territory",18.08,"Very High","2022-12-25","2023-11-25","SARS-CoV-2","2026-08-14 12:48"
"Georgia","Dougherty","ID:332",50000,"State_Territory",2.66,"Low","2023-05-17","2023-11-25","SARS-CoV-2","2026-08-14 12:48"
"Georgia","Douglas","ID:333",180000,"State_Territory",13.4,"Very High","2023-07-17","2023-11-25","SARS-CoV-2","2026-08-14 12:48"
"Georgia","Floyd","ID:334",75000,"State_Territory",16.76,"Very High","2023-02-20","2023-11-25","SARS-CoV-2","2026-08-14 12:48"
"Georgia","Forsyth","ID:335",36500,"State_Territory",11.08,"High","2022-12-25","2023-11-25","SARS-CoV-2","2026-08-14 12:48"
"Georgia","Fulton","ID:336",84486,"WastewaterSCAN",4.72,"Low","2022-08-07","2023-11-25","SARS-CoV-2","2026-08-14 12:48"
"Georgia","Fulton","ID:337",189593,"WastewaterSCAN",2.77,"Low","2022-08-07","2023-11-25","SARS-CoV-2","2026-08-14 12:48"
"Georgia","Fulton","ID:338",190000,"WastewaterSCAN",3.56,"Low","2022-08-07","2023-11-25","SARS-CoV-2","2026-08-14 12:48"
"Georgia","Fulton","ID:339",600000,"WastewaterSCAN",5.02,"Moderate","2022-12-11","2023-11-25","SARS-CoV-2","2026-08-14 12:48"
"Georgia","Fulton","ID:340",105160,"WastewaterSCAN",6.52,"Moderate","2022-12-11","2023-11-25","SARS-CoV-2","2026-08-14 12:48"
"Georgia","Fulton","ID:341",70887,"WastewaterSCAN",7.26,"Moderate","2022-12-11","2023-11-25","SARS-CoV-2","2026-08-14 12:48"
"Georgia","Gwinnett","ID:342",650000,"State_Territory",24.19,"Very High","2022-05-23","2023-11-25","SARS-CoV-2","2026-08-14 12:48"
"Georgia","Laurens","ID:344",17000,"State_Territory",6.41,"Moderate","2022-12-25","2023-11-25","SARS-CoV-2","2026-08-14 12:48"
"Georgia","Chattahoochee, Muscogee","ID:346",278000,"WastewaterSCAN",9.18,"High","2022-09-26","2023-11-25","SARS-CoV-2","2026-08-14 12:48"
"Georgia","Newton","ID:347",32000,"State_Territory",25.54,"Very High","2022-07-27","2023-11-25","SARS-CoV-2","2026-08-14 12:48"
"Georgia","Paulding","ID:348",10000,"State_Territory",12.38,"Very High","2022-11-10","2023-11-25","SARS-CoV-2","2026-08-14 12:48"
"Georgia","Paulding","ID:349",8000,"State_Territory",1.93,"Very Low","2022-05-22","2023-11-25","SARS-CoV-2","2026-08-14 12:48"
"Georgia","Richmond","ID:353",198000,"State_Territory",6.11,"Moderate","2022-07-25","2023-11-25","SARS-CoV-2","2026-08-14 12:48"
"Georgia","Treutlen","ID:354",3100,"State_Territory",1.35,"Very Low","2023-11-02","2023-11-25","SARS-CoV-2","2026-08-14 12:48"
"Georgia","Cherokee, Fulton","ID:326",12818,"WastewaterSCAN",7.6,"Moderate","2022-08-08","2023-11-18","SARS-CoV-2","2026-08-14 12:48"
"Georgia","Clarke","ID:327",60000,"State_Territory",9.95,"High","2022-06-26","2023-11-18","SARS-CoV-2","2026-08-14 12:48"
"Georgia","Clayton","ID:328",123715,"State_Territory",6.43,"Moderate","2023-05-18","2023-11-18","SARS-CoV-2","2026-08-14 12:48"
"Georgia","Cobb","ID:329",190000,"State_Territory",8.29,"High","2022-11-13","2023-11-18","SARS-CoV-2","2026-08-14 12:48"
"Georgia","Cobb","ID:330",190000,"State_Territory",11.64,"Very High","2022-12-25","2023-11-18","SARS-CoV-2","2026-08-14 12:48"
"Georgia","Dougherty","ID:332",50000,"State_Territory",4.16,"Low","2023-05-17","2023-11-18","SARS-CoV-2","2026-08-14 12:48"
"Georgia","Douglas","ID:333",180000,"State_Territory",16.79,"Very High","2023-07-17","2023-11-18","SARS-CoV-2","2026-08-14 12:48"
"Georgia","Floyd","ID:334",75000,"State_Territory",24.14,"Very High","2023-02-20","2023-11-18","SARS-CoV-2","2026-08-14 12:48"
"Georgia","Forsyth","ID:335",36500,"State_Territory",12.13,"Very High","2022-12-25","2023-11-18","SARS-CoV-2","2026-08-14 12:48"
"Georgia","Fulton","ID:336",84486,"WastewaterSCAN",4.28,"Low","2022-08-07","2023-11-18","SARS-CoV-2","2026-08-14 12:48"
"Georgia","Fulton","ID:337",189593,"WastewaterSCAN",16.21,"Very High","2022-08-07","2023-11-18","SARS-CoV-2","2026-08-14 12:48"
"Georgia","Fulton","ID:338",190000,"WastewaterSCAN",5.91,"Moderate","2022-08-07","2023-11-18","SARS-CoV-2","2026-08-14 12:48"
"Georgia","Fulton","ID:339",600000,"WastewaterSCAN",7.3,"Moderate","2022-12-11","2023-11-18","SARS-CoV-2","2026-08-14 12:48"
"Georgia","Fulton","ID:340",105160,"WastewaterSCAN",10.49,"High","2022-12-11","2023-11-18","SARS-CoV-2","2026-08-14 12:48"
"Georgia","Fulton","ID:341",70887,"WastewaterSCAN",1.77,"Very Low","2022-12-11","2023-11-18","SARS-CoV-2","2026-08-14 12:48"
"Georgia","Gwinnett","ID:342",650000,"State_Territory",21.28,"Very High","2022-05-23","2023-11-18","SARS-CoV-2","2026-08-14 12:48"
"Georgia","Laurens","ID:344",17000,"State_Territory",3.33,"Low","2022-12-25","2023-11-18","SARS-CoV-2","2026-08-14 12:48"
"Georgia","Chattahoochee, Muscogee","ID:346",278000,"WastewaterSCAN",7.22,"Moderate","2022-09-26","2023-11-18","SARS-CoV-2","2026-08-14 12:48"
"Georgia","Newton","ID:347",32000,"State_Territory",10.76,"High","2022-07-27","2023-11-18","SARS-CoV-2","2026-08-14 12:48"
"Georgia","Paulding","ID:348",10000,"State_Territory",25.04,"Very High","2022-11-10","2023-11-18","SARS-CoV-2","2026-08-14 12:48"
"Georgia","Paulding","ID:349",8000,"State_Territory",3.88,"Low","2022-05-22","2023-11-18","SARS-CoV-2","2026-08-14 12:48"
"Georgia","Richmond","ID:353",198000,"State_Territory",11.38,"High","2022-07-25","2023-11-18","SARS-CoV-2","2026-08-14 12:48"
"Georgia","Treutlen","ID:354",3100,"State_Territory",1.01,"Very Low","2023-11-02","2023-11-18","SARS-CoV-2","2026-08-14 12:48"
"Georgia","Cherokee, Fulton","ID:326",12818,"WastewaterSCAN",5.54,"Moderate","2022-08-08","2023-11-11","SARS-CoV-2","2026-08-14 12:48"
"Georgia","Clarke","ID:327",60000,"State_Territory",7.14,"Moderate","2022-06-26","2023-11-11","SARS-CoV-2","2026-08-14 12:48"
"Georgia","Clayton","ID:328",123715,"State_Territory",7.18,"Moderate","2023-05-18","2023-11-11","SARS-CoV-2","2026-08-14 12:48"
"Georgia","Cobb","ID:329",190000,"State_Territory",12.96,"Very High","2022-11-13","2023-11-11","SARS-CoV-2","2026-08-14 12:48"
"Georgia","Cobb","ID:330",190000,"State_Territory",16.16,"Very High","2022-12-25","2023-11-11","SARS-CoV-2","2026-08-14 12:48"
"Georgia","Dougherty","ID:332",50000,"State_Territory",5.43,"Moderate","2023-05-17","2023-11-11","SARS-CoV-2","2026-08-14 12:48"
"Georgia","Douglas","ID:333",180000,"State_Territory",24.35,"Very High","2023-07-17","2023-11-11","SARS-CoV-2","2026-08-14 12:48"
"Georgia","Floyd","ID:334",75000,"State_Territory",15.51,"Very High","2023-02-20","2023-11-11","SARS-CoV-2","2026-08-14 12:48"
"Georgia","Forsyth","ID:335",36500,"State_Territory",11.63,"Very High","2022-12-25","2023-11-11","SARS-CoV-2","2026-08-14 12:48"
"Georgia","Fulton","ID:336",84486,"WastewaterSCAN",13.94,"Very High","2022-08-07","2023-11-11","SARS-CoV-2","2026-08-14 12:48"
"Georgia","Fulton","ID:337",189593,"WastewaterSCAN",13.62,"Very High","2022-08-07","2023-11-11","SARS-CoV-2","2026-08-14 12:48"
"Georgia","Fulton","ID:338",190000,"WastewaterSCAN",2.61,"Low","2022-08-07","2023-11-11","SARS-CoV-2","2026-08-14 12:48"
"Georgia","Fulton","ID:339",600000,"WastewaterSCAN",7.44,"Moderate","2022-12-11","2023-11-11","SARS-CoV-2","2026-08-14 12:48"
"Georgia","Fulton","ID:340",105160,"WastewaterSCAN",15.54,"Very High","2022-12-11","2023-11-11","SARS-CoV-2","2026-08-14 12:48"
"Georgia","Fulton","ID:341",70887,"WastewaterSCAN",3.97,"Low","2022-12-11","2023-11-11","SARS-CoV-2","2026-08-14 12:48"
"Georgia","Gwinnett","ID:342",650000,"State_Territory",23.34,"Very High","2022-05-23","2023-11-11","SARS-CoV-2","2026-08-14 12:48"
"Georgia","Laurens","ID:344",17000,"State_Territory",8.24,"High","2022-12-25","2023-11-11","SARS-CoV-2","2026-08-14 12:48"
"Georgia","Chattahoochee, Muscogee","ID:346",278000,"WastewaterSCAN",7.06,"Moderate","2022-09-26","2023-11-11","SARS-CoV-2","2026-08-14 12:48"
"Georgia","Newton","ID:347",32000,"State_Territory",10.17,"High","2022-07-27","2023-11-11","SARS-CoV-2","2026-08-14 12:48"
"Georgia","Paulding","ID:348",10000,"State_Territory",27.72,"Very High","2022-11-10","2023-11-11","SARS-CoV-2","2026-08-14 12:48"
"Georgia","Paulding","ID:349",8000,"State_Territory",19.82,"Very High","2022-05-22","2023-11-11","SARS-CoV-2","2026-08-14 12:48"
"Georgia","Richmond","ID:353",198000,"State_Territory",12.43,"Very High","2022-07-25","2023-11-11","SARS-CoV-2","2026-08-14 12:48"
"Georgia","Treutlen","ID:354",3100,"State_Territory",2.31,"Very Low","2023-11-02","2023-11-11","SARS-CoV-2","2026-08-14 12:48"
"Georgia","Cherokee, Fulton","ID:326",12818,"WastewaterSCAN",6.95,"Moderate","2022-08-08","2023-11-04","SARS-CoV-2","2026-08-14 12:48"
"Georgia","Clarke","ID:327",60000,"State_Territory",5.47,"Moderate","2022-06-26","2023-11-04","SARS-CoV-2","2026-08-14 12:48"
"Georgia","Clayton","ID:328",123715,"State_Territory",8.48,"High","2023-05-18","2023-11-04","SARS-CoV-2","2026-08-14 12:48"
"Georgia","Dougherty","ID:332",50000,"State_Territory",3.65,"Low","2023-05-17","2023-11-04","SARS-CoV-2","2026-08-14 12:48"
"Georgia","Douglas","ID:333",180000,"State_Territory",14.46,"Very High","2023-07-17","2023-11-04","SARS-CoV-2","2026-08-14 12:48"
"Georgia","Floyd","ID:334",75000,"State_Territory",22.41,"Very High","2023-02-20","2023-11-04","SARS-CoV-2","2026-08-14 12:48"
"Georgia","Forsyth","ID:335",36500,"State_Territory",18.72,"Very High","2022-12-25","2023-11-04","SARS-CoV-2","2026-08-14 12:48"
"Georgia","Fulton","ID:336",84486,"WastewaterSCAN",3.63,"Low","2022-08-07","2023-11-04","SARS-CoV-2","2026-08-14 12:48"
"Georgia","Fulton","ID:337",189593,"WastewaterSCAN",8.82,"High","2022-08-07","2023-11-04","SARS-CoV-2","2026-08-14 12:48"
"Georgia","Fulton","ID:338",190000,"WastewaterSCAN",4.39,"Low","2022-08-07","2023-11-04","SARS-CoV-2","2026-08-14 12:48"
"Georgia","Fulton","ID:339",600000,"WastewaterSCAN",3.77,"Low","2022-12-11","2023-11-04","SARS-CoV-2","2026-08-14 12:48"
"Georgia","Fulton","ID:340",105160,"WastewaterSCAN",22.86,"Very High","2022-12-11","2023-11-04","SARS-CoV-2","2026-08-14 12:48"
"Georgia","Fulton","ID:341",70887,"WastewaterSCAN",3.52,"Low","2022-12-11","2023-11-04","SARS-CoV-2","2026-08-14 12:48"
"Georgia","Chattahoochee, Muscogee","ID:346",278000,"WastewaterSCAN",2.24,"Very Low","2022-09-26","2023-11-04","SARS-CoV-2","2026-08-14 12:48"
"Georgia","Newton","ID:347",32000,"State_Territory",19.82,"Very High","2022-07-27","2023-11-04","SARS-CoV-2","2026-08-14 12:48"
"Georgia","Paulding","ID:348",10000,"State_Territory",6.52,"Moderate","2022-11-10","2023-11-04","SARS-CoV-2","2026-08-14 12:48"
"Georgia","Paulding","ID:349",8000,"State_Territory",3.73,"Low","2022-05-22","2023-11-04","SARS-CoV-2","2026-08-14 12:48"
"Georgia","Richmond","ID:353",198000,"State_Territory",8.55,"High","2022-07-25","2023-11-04","SARS-CoV-2","2026-08-14 12:48"
"Georgia","Treutlen","ID:354",3100,"State_Territory",10.87,"High","2023-11-02","2023-11-04","SARS-CoV-2","2026-08-14 12:48"
